SITC4code,SITC4part,CPC2code,CPC2part
1.11,1,2111,1
1.11,1,2112,1
1.19,1,2111,1
1.19,1,2112,1
1.21,0,2122,0
1.22,0,2123,0
1.31,0,2140,1
1.39,0,2140,1
1.41,1,2151,1
1.41,1,2152,1
1.41,1,2153,1
1.41,1,2154,1
1.41,1,2155,1
1.49,1,2151,1
1.49,1,2152,1
1.49,1,2153,1
1.49,1,2154,1
1.49,1,2155,1
1.5,0,2130,0
1.9,1,2121,0
1.9,1,2129,0
1.9,1,2191,0
1.9,1,2192,0
1.9,1,2193,0
1.9,1,2194,0
1.9,1,2195,0
1.9,1,2196,0
1.9,1,2199,0
11.11,1,21111,1
11.11,1,21112,1
11.12,1,21111,1
11.12,1,21112,1
11.21,1,21131,1
11.21,1,21132,1
11.22,1,21131,1
11.22,1,21132,1
12.11,0,21115,0
12.12,0,21135,0
12.13,1,21116,0
12.13,1,21136,0
12.21,0,21113,0
12.22,0,21133,0
12.31,1,21121,1
12.31,1,21122,1
12.31,1,21123,1
12.31,1,21124,1
12.31,1,21125,1
12.32,1,21141,1
12.32,1,21142,1
12.32,1,21143,1
12.32,1,21144,1
12.32,1,21145,1
12.33,0,21160,1
12.34,1,21121,1
12.34,1,21122,1
12.34,1,21123,1
12.34,1,21124,1
12.34,1,21125,1
12.34,1,21160,1
12.35,1,21141,1
12.35,1,21142,1
12.35,1,21143,1
12.35,1,21144,1
12.35,1,21145,1
12.35,1,21160,1
12.4,1,21118,0
12.4,1,21138,0
12.51,1,21151,1
12.51,1,21152,1
12.52,1,21151,1
12.52,1,21152,1
12.53,0,21153,1
12.54,0,21153,1
12.55,1,21155,1
12.55,1,21156,1
12.55,1,21159,1
12.56,1,21155,1
12.56,1,21156,1
12.56,1,21159,1
12.91,1,21114,0
12.91,1,21134,0
12.91,1,21159,1
12.93,0,2920,0
12.99,1,21117,0
12.99,1,21119,0
12.99,1,21137,0
12.99,1,21139,0
12.99,1,21159,1
12.99,1,21190,0
16.11,0,21171,1
16.12,0,21171,1
16.19,0,21171,1
16.81,0,21172,0
16.89,0,21173,0
17.1,0,21175,0
17.2,1,21174,0
17.2,1,21176,1
17.3,1,21176,1
17.3,1,21179,1
17.4,1,21176,1
17.4,1,21179,1
17.5,1,21176,1
17.5,1,21179,1
17.6,1,21176,1
17.6,1,21179,1
17.9,1,21176,1
17.9,1,21179,1
22.11,0,22110,1
22.12,1,2211,1
22.12,1,2212,1
22.12,1,2291,1
22.12,1,2292,1
22.12,1,2293,1
22.12,1,2299,1
22.12,1,22110,1
22.13,1,2211,1
22.13,1,2212,1
22.13,1,2291,1
22.13,1,2292,1
22.13,1,2293,1
22.13,1,2299,1
22.13,1,22120,0
22.21,0,22212,0
22.22,0,22211,0
22.23,1,22221,0
22.23,1,22229,1
22.24,1,22222,0
22.24,1,22229,1
22.31,0,22230,1
22.32,0,22230,1
22.33,0,22270,0
22.41,0,22130,0
22.49,1,22219,0
22.49,1,22290,0
23,1,22241,0
23,1,22242,0
23,1,22249,0
24.1,1,22251,1
24.1,1,22252,1
24.1,1,22253,1
24.1,1,22254,1
24.1,1,22259,1
24.2,1,22251,1
24.2,1,22252,1
24.2,1,22253,1
24.2,1,22254,1
24.2,1,22259,1
24.3,1,22251,1
24.3,1,22252,1
24.3,1,22253,1
24.3,1,22254,1
24.3,1,22259,1
24.91,1,22251,1
24.91,1,22252,1
24.91,1,22253,1
24.91,1,22254,1
24.91,1,22259,1
24.99,1,22251,1
24.99,1,22252,1
24.99,1,22253,1
24.99,1,22254,1
24.99,1,22259,1
25.1,1,2310,0
25.1,1,2320,0
25.1,1,2330,0
25.1,1,22300,0
25.21,0,23993,1
25.22,0,23993,1
25.3,0,23993,1
34.11,1,4111,0
34.11,1,4119,0
34.12,0,4120,1
34.13,0,4120,1
34.14,0,4120,1
34.15,0,4120,1
34.16,0,4120,1
34.17,0,4120,1
34.18,0,4120,1
34.19,0,21225,0
34.21,0,21210,1
34.22,0,21210,1
34.23,0,21210,1
34.24,0,21210,1
34.25,0,21210,1
34.26,0,21210,1
34.27,0,21210,1
34.28,0,21210,1
34.29,0,21226,0
34.4,0,21222,0
34.51,0,21221,0
34.55,0,21223,0
35.11,0,21231,1
35.12,0,21224,0
35.13,0,21231,1
35.21,0,21231,1
35.22,0,21231,1
35.29,0,21231,1
35.3,0,21232,0
35.4,0,21227,0
35.5,0,21233,0
36.11,0,21250,1
36.19,0,21250,1
36.2,0,4210,0
36.31,0,4220,0
36.33,0,4291,1
36.35,1,4291,1
36.35,1,4299,0
36.37,0,21261,1
36.39,1,21261,1
36.39,1,21269,0
37.11,0,21242,1
37.12,0,21242,1
37.13,0,21242,1
37.14,0,21242,1
37.15,0,21242,1
37.16,1,21241,1
37.16,1,21242,1
37.17,0,21243,0
37.21,1,21241,1
37.21,1,21270,0
37.22,1,21241,1
37.22,1,21280,0
41.1,1,1111,1
41.1,1,1112,1
41.2,1,1111,1
41.2,1,1112,1
42.1,1,1131,0
42.1,1,1132,0
42.2,0,23162,0
42.31,0,23161,1
42.32,0,23161,1
43,1,1151,0
43,1,1152,0
44.1,0,1121,0
44.9,0,1122,0
45.1,1,1161,0
45.1,1,1162,0
45.2,1,1171,0
45.2,1,1172,0
45.3,1,1141,0
45.3,1,1142,0
45.91,1,1181,0
45.91,1,1182,0
45.92,0,1190,1
45.93,0,1190,1
45.99,0,1190,1
46.1,0,23110,0
46.2,0,23130,1
47.11,0,23120,1
47.19,0,23120,1
47.21,0,23130,1
47.22,0,23130,1
47.23,0,23130,1
48.11,0,23140,1
48.12,0,23140,1
48.13,0,23140,1
48.14,0,23140,1
48.15,0,23140,1
48.2,0,24320,0
48.3,0,23710,0
48.41,0,23410,0
48.42,0,23420,0
48.49,1,23430,0
48.49,1,23490,0
48.5,0,23180,0
54.1,0,1510,0
54.21,0,1705,0
54.22,0,1703,0
54.23,0,1701,0
54.24,0,1704,0
54.25,0,1702,0
54.29,0,1709,0
54.4,0,1234,0
54.51,0,1253,0
54.52,1,1252,0
54.52,1,1254,0
54.53,1,1212,0
54.53,1,1213,0
54.54,0,1214,0
54.55,1,1251,0
54.55,1,1259,0
54.56,0,1232,0
54.57,1,1241,0
54.57,1,1242,0
54.57,1,1249,0
54.58,0,1270,0
54.59,1,1211,0
54.59,1,1215,0
54.59,1,1216,0
54.59,1,1219,0
54.59,1,1231,0
54.59,1,1233,0
54.59,1,1235,0
54.59,1,1239,0
54.59,1,1290,0
54.59,1,1450,0
54.59,1,1690,1
54.61,0,21319,1
54.69,1,21311,0
54.69,1,21312,0
54.69,1,21313,0
54.69,1,21319,1
54.7,0,21330,0
54.81,0,1592,0
54.83,1,1591,0
54.83,1,1593,0
54.83,1,1599,0
54.84,0,1659,0
54.87,0,1801,0
54.89,1,1391,0
54.89,1,1690,1
54.89,1,1802,0
54.89,1,1809,0
54.89,1,1990,0
54.89,1,21499,1
56.12,0,21393,1
56.13,0,21393,1
56.19,0,21393,1
56.41,0,21392,1
56.42,0,21392,1
56.45,0,23230,0
56.46,0,23170,1
56.47,0,23170,1
56.48,0,23170,1
56.61,0,21394,1
56.69,1,21391,0
56.69,1,21399,1
56.71,1,21340,0
56.71,1,21499,1
56.72,0,21399,1
56.73,0,21399,1
56.74,0,21397,0
56.76,0,21394,1
56.77,0,21399,1
56.79,1,21395,0
56.79,1,21396,0
56.79,1,21399,1
57.11,1,1323,0
57.11,1,21419,1
57.12,1,1324,0
57.12,1,21419,1
57.21,1,1322,0
57.21,1,21419,1
57.22,1,1321,0
57.22,1,21419,1
57.29,1,1329,0
57.29,1,21419,1
57.3,1,1312,0
57.3,1,1313,0
57.3,1,21419,1
57.4,0,1351,0
57.51,0,1330,0
57.52,0,21411,0
57.6,1,1315,0
57.6,1,21419,1
57.71,1,1460,0
57.71,1,21429,1
57.72,1,1377,0
57.72,1,21429,1
57.73,1,1372,0
57.73,1,21424,0
57.74,1,1371,0
57.74,1,21422,0
57.75,1,1374,0
57.75,1,21423,0
57.76,1,1376,0
57.76,1,21429,1
57.77,1,1373,0
57.77,1,21429,1
57.78,1,1375,0
57.78,1,21429,1
57.79,1,1379,0
57.79,1,3230,0
57.79,1,21429,1
57.91,1,1221,0
57.91,1,1229,0
57.91,1,1317,0
57.92,0,1352,0
57.93,1,1353,0
57.93,1,1354,0
57.93,1,1355,0
57.93,1,1356,0
57.94,1,1343,0
57.94,1,1344,0
57.94,1,1349,1
57.95,1,1318,0
57.95,1,21419,1
57.96,1,1314,0
57.96,1,21419,1
57.97,1,1311,0
57.97,1,1316,0
57.97,1,21419,1
57.98,1,1319,0
57.98,1,1341,0
57.98,1,1342,0
57.98,1,1349,1
57.98,1,1359,0
57.98,1,1399,0
57.99,1,21412,0
57.99,1,21419,1
58.1,0,21494,0
58.21,0,21496,1
58.22,0,21496,1
58.31,0,21493,1
58.32,0,21493,1
58.39,0,21493,1
58.92,0,21495,0
58.93,0,21491,0
58.94,0,21499,1
58.95,1,21492,0
58.95,1,21499,1
58.96,0,21499,1
58.97,0,21499,1
59.1,0,21431,0
59.2,0,21432,0
59.3,0,21439,1
59.91,0,21433,0
59.92,0,21321,0
59.93,0,21434,0
59.94,0,21435,0
59.95,1,21329,1
59.95,1,21439,1
59.96,1,21329,1
59.96,1,21439,1
61.11,0,23511,0
61.12,0,23512,0
61.21,0,23530,1
61.29,0,23520,0
61.51,0,23540,1
61.59,0,23540,1
61.6,0,2910,0
61.91,0,23210,1
61.92,0,23530,1
61.93,0,23210,1
61.94,0,23210,1
61.95,0,23210,1
61.96,0,23210,1
61.99,0,23210,1
62.1,0,23670,1
62.21,0,23670,1
62.29,0,23670,1
71.11,0,1610,0
71.12,0,23911,1
71.2,0,23911,1
71.31,0,23912,1
71.32,1,23912,1
71.32,1,39150,1
71.33,0,23912,1
72.1,0,1640,0
72.2,0,23630,0
72.31,0,23610,1
72.32,0,23610,1
72.4,0,23620,0
72.5,0,39150,1
73.1,0,23640,0
73.2,0,23650,0
73.3,0,23660,1
73.9,0,23660,1
74.11,0,23913,1
74.12,0,1620,1
74.13,0,23913,1
74.14,0,1620,1
74.31,0,1630,0
74.32,0,23914,0
75.11,0,1651,0
75.12,0,23921,0
75.13,1,1652,0
75.13,1,23922,0
75.21,1,1658,0
75.21,1,23928,0
75.22,0,1655,0
75.23,0,23925,0
75.24,1,1656,0
75.24,1,23926,0
75.25,1,1653,0
75.25,1,23923,0
75.26,1,1654,0
75.26,1,23924,0
75.27,1,1657,0
75.27,1,23927,0
75.28,0,1690,1
75.29,0,1690,1
81.11,0,1913,0
81.12,0,23320,0
81.13,1,1911,0
81.13,1,1912,0
81.13,1,1919,0
81.19,0,39120,1
81.23,0,39120,1
81.24,0,39120,1
81.26,0,39120,1
81.29,0,39120,1
81.31,0,21710,1
81.32,0,21710,1
81.33,0,21710,1
81.34,0,21710,1
81.35,0,21710,1
81.36,0,21710,1
81.37,0,21710,1
81.38,0,21710,1
81.39,0,21710,1
81.41,0,21180,0
81.42,0,21291,0
81.51,0,39130,0
81.52,0,39140,0
81.53,0,39160,0
81.94,0,39170,0
81.95,0,23311,0
81.99,0,23319,0
91.01,0,21550,1
91.09,0,21550,1
98.11,0,23991,1
98.12,0,23991,1
98.13,0,23991,1
98.14,0,23991,1
98.41,0,23995,1
98.42,0,23995,1
98.43,0,23995,1
98.44,0,23994,0
98.49,0,23995,1
98.5,0,23992,0
98.6,0,23996,0
98.91,1,23721,0
98.91,1,23722,0
98.92,0,2930,0
98.93,0,23991,1
98.94,0,23999,1
98.99,1,23997,0
98.99,1,23999,1
111.01,1,17300,0
111.01,1,17400,0
111.01,1,18000,0
111.01,1,24410,0
111.02,0,24490,0
112.11,0,24212,1
112.13,0,24220,0
112.15,0,24211,0
112.17,0,24212,1
112.2,0,24230,0
112.3,0,24310,0
112.41,0,24131,1
112.42,0,24131,1
112.44,0,24131,1
112.45,0,24131,1
112.49,1,24131,1
112.49,1,24139,0
121.1,0,1970,0
121.2,0,25010,0
121.3,0,39180,0
122.1,0,25020,1
122.2,0,25020,1
122.31,0,25020,1
122.32,0,25090,1
122.39,0,25090,1
211.21,1,2951,1
211.21,1,2952,1
211.29,1,2951,1
211.29,1,2952,1
211.6,0,2953,1
211.7,0,2953,1
211.91,0,39220,0
211.99,1,2954,0
211.99,1,2959,0
212.1,0,2955,1
212.22,0,2955,1
212.25,0,2955,1
212.29,0,2955,1
212.3,0,2955,1
222.11,1,1421,0
222.11,1,1422,0
222.12,0,21421,0
222.2,1,1411,0
222.2,1,1412,0
222.3,1,1431,0
222.3,1,1432,0
222.4,0,1445,0
222.5,0,1444,0
222.61,0,1443,0
222.62,0,1442,0
223.1,0,1499,1
223.4,0,1441,0
223.7,1,1446,0
223.7,1,1449,0
223.7,1,1491,0
223.7,1,1499,1
223.9,0,21720,0
231.1,0,1950,1
231.21,0,1950,1
231.25,0,1950,1
231.29,0,1950,1
231.3,0,3211,0
232.11,0,34800,1
232.12,0,34800,1
232.13,0,34800,1
232.14,0,34800,1
232.15,0,34800,1
232.16,0,34800,1
232.17,0,34800,1
232.18,0,34800,1
232.19,0,34800,1
232.21,0,36210,0
232.22,0,39250,0
244.02,0,31921,1
244.03,0,3220,0
244.04,0,31921,1
245.01,0,3130,0
245.02,0,34510,0
246.11,0,31230,1
246.15,0,31230,1
246.2,0,39280,0
247.3,0,31310,0
247.4,0,3110,0
247.5,0,3120,1
247.9,0,3120,1
248.11,0,31100,1
248.19,0,31320,0
248.2,0,31100,1
248.3,0,31210,1
248.4,0,31100,1
248.5,0,31210,1
251.11,0,39240,1
251.12,0,39240,1
251.13,0,39240,1
251.19,0,39240,1
251.2,0,32113,1
251.3,0,32111,0
251.41,0,32112,1
251.42,0,32112,1
251.51,0,32112,1
251.52,0,32112,1
251.61,0,32112,1
251.62,0,32112,1
251.91,0,32113,1
251.92,0,32113,1
261.3,0,26110,0
261.41,0,2944,0
261.42,0,39211,0
263.1,0,1921,0
263.2,0,21600,0
263.31,0,39214,0
263.32,0,39215,1
263.39,0,39215,1
263.4,0,26160,0
264.1,0,1922,0
264.9,0,26170,0
265.11,0,1929,1
265.12,0,26190,1
265.13,0,26190,1
265.21,0,1929,1
265.29,0,26190,1
265.8,1,1929,1
265.8,1,26190,1
266.51,0,35510,1
266.52,0,35510,1
266.53,0,35510,1
266.59,0,35510,1
266.61,0,35510,1
266.62,0,35510,1
266.63,0,35510,1
266.69,0,35510,1
266.71,0,26210,1
266.72,0,26210,1
266.73,0,26210,1
266.79,0,26210,1
267.11,0,35540,1
267.12,0,35540,1
267.13,0,26220,0
267.21,0,39216,1
267.22,0,39216,1
268.11,0,2941,0
268.19,0,2942,1
268.21,0,26130,1
268.29,0,26130,1
268.3,0,2943,0
268.5,0,2942,1
268.62,0,39213,0
268.63,0,26140,0
268.69,0,39212,0
268.71,0,26150,1
268.73,0,26150,1
268.77,0,26150,1
269.01,0,39217,0
269.02,0,39218,0
272.1,0,34654,0
272.2,0,34150,1
272.31,0,16110,1
272.32,0,16110,1
273.11,0,15110,0
273.12,0,15120,0
273.13,0,15130,1
273.22,0,15200,1
273.23,0,15200,1
273.24,0,37410,0
273.31,0,15310,1
273.39,0,15310,1
273.4,1,15320,0
273.4,1,37940,1
274.1,0,34520,0
274.2,0,16120,0
277.11,0,16320,1
277.19,0,38230,1
277.21,0,38230,1
277.22,0,16320,1
277.23,0,16320,1
278.22,0,16390,1
278.23,1,16330,1
278.23,1,37450,0
278.24,0,16390,1
278.25,0,16390,1
278.26,0,15400,1
278.27,0,15400,1
278.29,0,15400,1
278.3,0,16200,0
278.4,0,16390,1
278.51,1,15130,1
278.51,1,16390,1
278.52,1,16390,1
278.52,1,39290,1
278.53,0,16390,1
278.54,0,16190,1
278.61,0,39310,1
278.62,0,39310,1
278.69,0,39290,1
278.91,0,16330,1
278.92,0,16190,1
278.93,0,16390,1
278.94,0,16190,1
278.95,0,16390,1
278.96,0,12030,0
278.97,0,15330,0
278.98,0,16390,1
278.99,0,16190,1
281.4,0,34530,0
281.5,0,14100,1
281.6,0,14100,1
282.1,0,39340,1
282.21,0,39340,1
282.29,0,39340,1
282.31,0,39340,1
282.32,0,39340,1
282.33,0,39350,0
282.39,0,39340,1
283.1,0,14210,0
283.2,0,41411,0
284.1,0,14220,0
284.21,0,41421,1
284.22,0,41421,1
285.1,0,14230,0
285.2,0,41432,0
286.1,0,13000,1
286.2,0,13000,1
287.4,0,14290,1
287.5,0,14290,1
287.6,0,14290,1
287.7,0,14290,1
287.81,0,14290,1
287.82,0,14290,1
287.83,0,14290,1
287.84,0,14290,1
287.85,0,14290,1
287.91,0,14290,1
287.92,0,14290,1
287.93,0,14290,1
287.99,0,14290,1
288.1,0,39320,0
288.21,0,39361,0
288.22,0,39362,0
288.23,0,39363,0
288.24,0,39364,0
288.25,0,39365,0
288.26,0,39366,0
289.11,0,14240,1
289.19,0,14240,1
289.21,0,39332,1
289.29,0,39332,1
291.11,0,39110,1
291.15,0,4910,0
291.16,0,39110,1
291.91,0,38971,0
291.92,0,39110,1
291.93,1,21151,1
291.93,1,21152,1
291.93,1,21153,1
291.93,1,21155,1
291.93,1,21156,1
291.93,1,39110,1
291.94,0,2411,0
291.95,0,39110,1
291.96,0,21299,0
291.98,0,39110,1
291.99,1,2419,0
291.99,1,2420,0
291.99,1,4920,0
291.99,1,39110,1
292.22,0,3219,1
292.29,0,3219,1
292.31,0,3250,1
292.32,0,3250,1
292.39,0,3250,1
292.42,0,1930,1
292.49,0,1930,1
292.51,0,1803,0
292.52,0,1940,0
292.53,0,1963,0
292.54,0,1260,0
292.59,0,1360,0
292.61,0,1961,1
292.69,0,1961,1
292.71,0,1962,0
292.72,1,3241,0
292.72,1,3249,0
292.94,1,1930,1
292.94,1,23999,1
292.95,0,23999,1
292.96,0,23999,1
292.97,0,4930,0
292.99,0,3250,1
321.1,0,11010,1
321.21,0,11010,1
321.22,0,11010,1
322.1,0,11020,0
322.21,0,11030,0
322.22,0,11040,0
322.3,0,11050,0
325,0,33100,0
333,0,12010,0
334.6,1,33310,0
334.6,1,33320,0
334.6,1,33330,0
334.6,1,33341,0
334.6,1,33342,0
334.6,1,33350,0
334.6,1,33360,0
334.6,1,33370,0
334.6,1,33380,0
334.7,0,39950,1
335.11,0,33500,1
335.12,0,33500,1
335.21,0,33200,0
335.22,0,34540,1
335.23,0,34540,1
335.24,0,34540,1
335.25,0,34540,1
335.31,0,34540,1
335.32,0,34540,1
335.41,0,33500,1
335.42,0,33500,1
335.43,0,37940,1
342.1,0,33410,1
342.5,0,33410,1
343.1,0,12020,1
343.2,0,12020,1
344.1,0,33420,1
344.2,0,33420,1
344.9,0,33420,1
345,0,17200,0
351,0,17100,0
411.11,0,21524,0
411.12,0,21525,0
411.13,0,21526,0
411.2,1,21521,0
411.2,1,21522,0
411.31,0,21511,0
411.32,1,21512,0
411.32,1,21513,0
411.32,1,21514,0
411.32,1,21515,0
411.32,1,21523,0
411.33,0,21529,1
411.35,1,21519,1
411.35,1,21529,1
411.39,1,21519,1
411.39,1,21529,1
421.11,0,21531,0
421.19,0,21541,0
421.21,0,21538,0
421.29,0,21548,0
421.31,0,21532,0
421.39,0,21542,0
421.41,0,21537,1
421.42,0,21547,1
421.49,1,21537,1
421.49,1,21547,1
421.51,0,21533,0
421.59,0,21543,0
421.61,0,21539,1
421.69,0,21549,1
421.71,0,21534,0
421.79,0,21544,0
421.8,1,21539,1
421.8,1,21549,1
422.11,0,21539,1
422.19,0,21549,1
422.21,0,21535,0
422.29,0,21545,0
422.31,0,21536,0
422.39,0,21546,0
422.41,0,21539,1
422.49,0,21549,1
422.5,1,21539,1
422.5,1,21549,1
422.9,1,21539,1
422.9,1,21549,1
431.1,0,34550,0
431.21,0,21590,1
431.22,0,21590,1
431.3,0,21732,0
431.41,0,21731,0
431.42,0,2960,0
511.11,0,34110,1
511.12,0,34110,1
511.13,0,34110,1
511.14,0,34110,1
511.19,0,34110,1
511.21,0,34110,1
511.22,0,34110,1
511.23,0,34110,1
511.24,0,34110,1
511.25,0,34110,1
511.26,0,34110,1
511.27,0,34110,1
511.29,0,34110,1
511.31,0,34110,1
511.32,0,34110,1
511.33,0,34110,1
511.34,0,34110,1
511.35,0,34110,1
511.36,0,34110,1
511.37,0,34110,1
511.38,0,34110,1
511.39,0,34110,1
511.4,0,34110,1
512.11,0,34139,1
512.12,0,34139,1
512.13,0,34139,1
512.14,0,34139,1
512.15,0,24110,0
512.16,0,34131,0
512.17,0,34139,1
512.18,0,34120,0
512.19,0,34139,1
512.21,0,34139,1
512.22,0,34570,0
512.23,0,34139,1
512.24,0,34139,1
512.25,0,34139,1
512.29,0,34139,1
512.31,0,34139,1
512.35,0,34139,1
512.41,0,34139,1
512.42,0,34139,1
512.43,0,34139,1
512.44,0,34139,1
513.71,0,34140,1
513.72,0,34140,1
513.73,0,34140,1
513.74,0,34140,1
513.75,0,34140,1
513.76,0,34140,1
513.77,0,34140,1
513.78,0,34140,1
513.79,0,34140,1
513.81,0,34140,1
513.82,0,34140,1
513.83,0,34140,1
513.84,0,34140,1
513.85,0,34140,1
513.89,0,34140,1
513.91,0,34140,1
513.92,0,34140,1
513.93,0,35210,0
513.94,0,34140,1
513.95,0,34140,1
513.96,0,34140,1
514.51,0,34150,1
514.52,0,34150,1
514.53,0,34150,1
514.54,0,34150,1
514.55,0,34150,1
514.61,0,34150,1
514.62,0,34150,1
514.63,0,34150,1
514.64,0,35220,1
514.65,0,34150,1
514.67,0,34150,1
514.71,0,35220,1
514.73,0,34150,1
514.79,0,35220,1
514.81,0,35220,1
514.82,0,34150,1
514.83,0,34150,1
514.84,0,34150,1
514.85,0,34150,1
514.86,0,34150,1
514.89,0,34150,1
515.42,0,34160,1
515.43,0,34160,1
515.44,0,34160,1
515.49,0,34160,1
515.5,0,34160,1
515.61,0,34160,1
515.62,0,34160,1
515.63,0,35230,1
515.69,0,34160,1
515.71,0,35230,1
515.72,0,35230,1
515.73,0,34160,1
515.74,0,34160,1
515.75,0,34160,1
515.76,1,34160,1
515.76,1,35230,1
515.77,0,34160,1
515.78,0,35230,1
515.79,0,34160,1
515.8,0,35230,1
516.12,0,34170,1
516.13,0,34170,1
516.14,0,34170,1
516.15,0,34170,1
516.16,0,34170,1
516.17,0,34170,1
516.21,0,34170,1
516.22,0,34170,1
516.23,0,34170,1
516.24,0,34170,1
516.25,0,34170,1
516.26,0,34170,1
516.27,0,34170,1
516.28,0,34170,1
516.29,0,34170,1
516.31,0,34180,1
516.39,0,34180,1
516.91,0,34170,1
516.92,0,35240,0
516.99,0,34170,1
522.1,0,34231,1
522.21,0,34210,1
522.22,0,34231,1
522.23,0,34231,1
522.24,0,34231,1
522.25,0,34231,1
522.26,0,34231,1
522.27,0,34231,1
522.28,0,34231,1
522.29,0,34231,1
522.31,0,34231,1
522.32,0,34231,1
522.33,0,34233,0
522.34,1,34231,1
522.34,1,34232,0
522.35,0,34231,1
522.36,0,34231,1
522.37,0,34231,1
522.39,0,34210,1
522.41,0,34231,1
522.42,0,34231,1
522.51,0,34220,1
522.52,0,34220,1
522.53,0,34220,1
522.54,0,34220,1
522.55,0,34220,1
522.56,0,34220,1
522.57,0,34220,1
522.61,1,34651,0
522.61,1,34652,0
522.62,0,34231,1
522.63,0,34231,1
522.64,0,34231,1
522.65,0,34231,1
522.66,0,34231,1
522.67,0,37960,0
522.68,0,34231,1
522.69,0,34220,1
523.1,0,34240,1
523.21,0,34653,1
523.22,0,34240,1
523.29,0,34240,1
523.31,0,34240,1
523.32,0,34240,1
523.39,0,34240,1
523.41,0,34240,1
523.42,0,34240,1
523.43,0,34240,1
523.44,0,34240,1
523.45,0,34240,1
523.49,0,34240,1
523.51,0,34653,1
523.52,0,34646,0
523.59,0,34240,1
523.61,0,34240,1
523.63,0,34240,1
523.64,0,34240,1
523.65,0,34240,1
523.72,0,34240,1
523.73,0,34240,1
523.74,0,34240,1
523.79,0,34240,1
523.81,0,34270,1
523.83,0,34270,1
523.84,0,34270,1
523.89,0,34270,1
524.31,0,34250,1
524.32,0,34250,1
524.91,0,34280,1
524.92,0,34280,1
524.93,0,34280,1
524.94,0,34280,1
524.95,0,34280,1
524.96,0,34250,1
524.99,0,34250,1
525.11,0,33610,0
525.13,0,33620,0
525.15,0,33630,0
525.17,0,33720,0
525.19,0,33690,0
525.91,0,34260,0
525.95,0,34290,0
531.11,0,34310,1
531.12,0,34310,1
531.13,0,34310,1
531.14,0,34310,1
531.15,0,34310,1
531.16,0,34310,1
531.17,0,34310,1
531.19,0,34310,1
531.21,0,34310,1
531.22,0,34310,1
532.21,0,34320,1
532.22,0,34320,1
532.31,0,34330,1
532.32,0,34330,1
533.11,0,34340,1
533.12,0,34340,1
533.14,0,34340,1
533.15,0,34340,1
533.17,0,34340,1
533.18,0,34340,1
533.21,0,35130,1
533.29,0,35130,1
533.41,0,35110,1
533.42,0,35110,1
533.43,0,35110,1
533.44,0,35110,1
533.51,0,35110,1
533.52,0,35120,0
533.53,0,35110,1
533.54,0,35110,1
533.55,0,35110,1
541.12,0,35250,1
541.13,0,35250,1
541.14,0,35250,1
541.15,0,35250,1
541.16,0,35250,1
541.17,0,35250,1
541.31,0,35250,1
541.32,0,35250,1
541.33,0,35250,1
541.39,0,35250,1
541.41,0,35250,1
541.42,0,35250,1
541.43,0,35250,1
541.44,0,35250,1
541.45,0,35250,1
541.46,0,35250,1
541.49,0,35250,1
541.53,0,35250,1
541.54,0,35250,1
541.55,0,35250,1
541.56,0,35250,1
541.59,0,35250,1
541.61,0,35250,1
541.62,0,35270,1
541.63,0,35270,1
541.64,0,35270,1
541.91,0,35270,1
541.92,0,35270,1
541.93,0,35270,1
541.99,1,35270,1
541.99,1,35290,0
541.99,1,36990,1
541.99,1,39931,0
542.11,0,35260,1
542.12,0,35260,1
542.13,0,35260,1
542.19,0,35260,1
542.21,0,35260,1
542.22,0,35260,1
542.23,0,35260,1
542.24,0,35260,1
542.29,0,35260,1
542.31,0,35260,1
542.32,0,35260,1
542.91,0,35260,1
542.92,0,35260,1
542.93,0,35260,1
551.31,0,35410,1
551.32,0,35410,1
551.33,0,35410,1
551.35,0,35410,1
551.41,0,35410,1
551.49,0,35410,1
553.1,0,35323,1
553.2,0,35323,1
553.3,0,35323,1
553.4,0,35323,1
553.51,0,35323,1
553.52,0,35323,1
553.53,0,35323,1
553.54,0,35331,0
553.59,0,35323,1
554.11,0,35321,1
554.15,0,35321,1
554.19,0,35321,1
554.21,0,35310,0
554.22,1,35321,1
554.22,1,35322,1
554.23,0,35322,1
554.31,0,35333,1
554.32,0,35333,1
554.33,0,35333,1
554.34,0,35334,0
554.35,0,35333,1
562.11,0,34613,0
562.12,0,34619,1
562.13,0,34612,0
562.14,0,34614,0
562.16,0,34611,0
562.17,0,34619,1
562.19,1,34615,0
562.19,1,34619,1
562.22,0,34621,0
562.29,0,34629,0
562.31,0,34631,0
562.32,0,34632,0
562.39,0,34639,0
562.91,0,34641,0
562.92,0,34645,0
562.93,0,34642,0
562.94,0,34643,0
562.95,0,34644,0
562.96,0,34659,0
562.99,0,34649,0
571.11,0,34710,1
571.12,0,34710,1
571.2,0,34710,1
571.9,0,34710,1
572.11,0,34720,1
572.19,0,34720,1
572.91,0,34720,1
572.92,0,34720,1
572.99,0,34720,1
573.11,0,34730,1
573.12,0,34730,1
573.13,0,34730,1
573.91,0,34730,1
573.92,0,34730,1
573.93,0,34730,1
573.94,0,34730,1
573.99,0,34730,1
574.11,0,34740,1
574.19,0,34740,1
574.2,0,34740,1
574.31,0,34740,1
574.32,0,34740,1
574.33,0,34740,1
574.34,0,34740,1
574.39,0,34740,1
575.11,0,34790,1
575.12,0,34790,1
575.13,0,34790,1
575.19,0,34790,1
575.21,0,34790,1
575.29,0,34790,1
575.31,0,34790,1
575.39,0,34790,1
575.41,0,34790,1
575.42,0,34790,1
575.43,0,34790,1
575.44,0,34790,1
575.45,0,34790,1
575.51,0,34790,1
575.52,0,34790,1
575.53,0,34790,1
575.54,0,34790,1
575.59,0,34790,1
575.91,0,34790,1
575.92,0,34790,1
575.93,0,34790,1
575.94,0,34790,1
575.95,0,34790,1
575.96,0,34790,1
575.97,0,34790,1
579.1,0,39270,1
579.2,0,39270,1
579.3,0,39270,1
579.9,0,39270,1
581.1,0,36320,1
581.2,0,36320,1
581.3,0,36320,1
581.4,0,36320,1
581.5,0,36320,1
581.6,0,36320,1
581.7,0,36320,1
582.11,0,36920,1
582.19,0,36920,1
582.21,0,36330,1
582.22,0,36330,1
582.23,0,36330,1
582.24,0,36330,1
582.25,0,36330,1
582.26,0,36330,1
582.28,0,36330,1
582.29,0,36330,1
582.91,0,36390,1
582.99,0,36390,1
583.1,0,36310,1
583.2,0,36310,1
583.9,0,36310,1
591.1,0,34661,0
591.2,0,34662,0
591.3,0,34663,0
591.4,0,34664,0
591.9,1,34666,0
591.9,1,34669,0
592.11,0,23220,1
592.12,0,23220,1
592.13,0,23220,1
592.14,0,23220,1
592.15,0,23220,1
592.16,0,23220,1
592.17,0,23220,1
592.21,0,22260,0
592.22,0,35420,1
592.23,0,35420,1
592.24,0,35420,1
592.25,0,35420,1
592.26,0,23220,1
592.27,0,35420,1
592.29,0,35420,1
593.11,0,35450,1
593.12,0,35450,1
593.2,0,35450,1
593.31,0,35460,1
593.33,0,35460,1
597.21,0,35430,1
597.25,0,35430,1
597.29,0,35430,1
597.31,0,35430,1
597.33,0,35430,1
597.71,0,35430,1
597.72,0,35430,1
597.73,0,35430,1
597.74,0,35430,1
598.11,0,34400,1
598.12,0,39230,0
598.13,0,34400,1
598.14,0,34400,1
598.18,0,34400,1
598.35,0,35332,1
598.39,0,35332,1
598.4,0,35490,1
598.5,0,35470,0
598.61,0,37950,0
598.63,0,35490,1
598.64,0,35490,1
598.65,0,34400,1
598.67,0,35440,1
598.69,0,35440,1
598.81,0,35490,1
598.83,0,35490,1
598.85,0,35490,1
598.89,0,35490,1
598.91,0,35490,1
598.93,0,35490,1
598.94,0,35440,1
598.95,0,35440,1
598.96,0,35490,1
598.97,0,35490,1
598.98,0,37510,0
598.99,0,35490,1
599.1,1,39910,0
599.1,1,39920,0
599.2,0,39939,0
599.3,0,39940,0
599.4,0,39950,1
599.9,1,39950,1
599.9,1,39990,0
611.2,0,29130,1
611.43,0,29120,1
611.44,0,29120,1
611.45,0,29120,1
611.51,0,29130,1
611.52,0,29130,1
611.61,0,29130,1
611.62,0,29130,1
611.71,0,29130,1
611.72,0,29130,1
611.79,0,29130,1
611.81,0,29110,1
611.83,0,29110,1
612.2,0,29210,0
612.9,0,29290,0
613.11,0,28310,1
613.19,0,28310,1
613.2,0,28310,1
613.3,0,28310,1
621.11,0,36220,1
621.12,0,36220,1
621.19,0,36220,1
621.21,0,36115,0
621.29,0,36220,1
621.31,0,36220,1
621.32,0,36220,1
621.33,0,36220,1
621.41,0,36230,1
621.42,0,36230,1
621.43,0,36230,1
621.44,0,36230,1
621.45,0,36230,1
625.1,0,36111,0
625.2,0,36113,1
625.3,0,36113,1
625.41,0,36112,1
625.42,0,36112,1
625.51,0,36113,1
625.59,0,36113,1
625.91,0,36114,1
625.92,0,36120,0
625.93,0,39260,0
625.94,0,36114,1
629.11,0,36270,1
629.19,0,36270,1
629.21,0,36240,1
629.22,0,36240,1
629.91,0,36270,1
629.92,0,36270,1
629.99,0,36270,1
633.11,0,31922,1
633.19,0,31922,1
633.21,0,31922,1
633.29,0,31922,1
634.11,0,31510,1
634.12,0,31510,1
634.21,0,31520,0
634.22,0,31430,1
634.23,0,31430,1
634.31,0,31410,0
634.32,0,31450,0
634.33,0,31420,1
634.39,0,31420,1
634.54,0,31440,1
634.59,0,31440,1
634.91,0,31330,0
634.93,0,31220,0
635.11,0,31700,1
635.12,0,31700,1
635.2,0,31700,1
635.31,0,31600,1
635.32,0,31600,1
635.33,0,31600,1
635.34,0,31600,1
635.39,0,31600,1
635.41,0,31914,1
635.42,0,31912,0
635.49,0,31913,0
635.91,0,31911,0
635.99,0,31914,1
641.1,0,32121,0
641.21,0,32122,0
641.22,0,32129,1
641.24,0,32129,1
641.26,0,32129,1
641.29,0,32129,1
641.31,0,32149,1
641.32,0,32143,1
641.34,0,32143,1
641.41,0,32132,0
641.42,0,32133,1
641.46,0,32133,1
641.47,0,32133,1
641.48,0,32133,1
641.51,0,32134,0
641.52,0,32136,1
641.53,0,32137,0
641.54,0,32135,0
641.55,0,32136,1
641.56,0,32136,1
641.59,0,32136,1
641.61,0,32133,1
641.62,0,32142,1
641.63,0,32131,0
641.64,0,32151,0
641.69,0,32142,1
641.71,0,32149,1
641.72,0,32149,1
641.73,0,32149,1
641.74,0,32143,1
641.75,0,32143,1
641.76,0,32143,1
641.77,0,32143,1
641.78,0,32149,1
641.79,0,32149,1
641.92,0,32141,0
641.93,0,32198,0
641.94,0,32194,0
642.11,0,32153,1
642.12,0,32153,1
642.13,0,32152,1
642.14,0,32152,1
642.15,0,32153,1
642.16,0,32153,1
642.21,0,32192,1
642.22,0,32192,1
642.23,0,32192,1
642.31,0,32700,1
642.32,0,32700,1
642.33,0,32700,1
642.34,0,32700,1
642.35,0,32700,1
642.39,0,32700,1
642.41,0,32199,1
642.42,0,32191,0
642.43,0,32193,1
642.45,0,32199,1
642.91,0,32199,1
642.93,0,32199,1
642.94,0,32193,1
642.95,0,32193,1
642.99,0,32199,1
651.12,0,26320,1
651.13,0,26320,1
651.14,0,26340,1
651.15,0,26340,1
651.16,0,26340,1
651.17,0,26330,1
651.18,0,26330,1
651.19,0,26340,1
651.21,0,26350,1
651.22,0,26350,1
651.31,0,26360,1
651.32,0,26370,1
651.33,0,26360,1
651.34,0,26370,1
651.41,0,26410,1
651.42,0,26410,1
651.43,0,26410,1
651.44,0,26410,1
651.51,0,35520,1
651.52,0,35520,1
651.59,0,35520,1
651.62,0,35520,1
651.63,0,35520,1
651.64,0,35520,1
651.69,0,26420,1
651.73,0,35550,1
651.74,0,35550,1
651.75,0,35550,1
651.76,0,26420,1
651.77,0,35560,0
651.78,0,26420,1
651.81,0,26430,1
651.82,0,26430,1
651.83,0,26440,1
651.84,0,26440,1
651.85,0,26460,1
651.86,0,26450,0
651.87,0,26460,1
651.88,0,35530,0
651.91,0,27993,0
651.92,0,26310,1
651.93,0,26310,1
651.94,0,26310,1
651.95,0,37121,0
651.96,0,26380,1
651.97,0,26380,1
651.99,0,26380,1
652.12,0,26840,1
652.13,0,26840,1
652.14,0,26810,1
652.15,0,26810,1
652.21,0,26610,1
652.22,0,26620,1
652.23,0,26630,1
652.24,0,26630,1
652.25,0,26690,1
652.26,0,26690,1
652.31,0,26610,1
652.32,0,26610,1
652.33,0,26610,1
652.34,0,26610,1
652.41,0,26620,1
652.42,0,26620,1
652.43,0,26620,1
652.44,0,26620,1
652.45,0,26620,1
652.51,0,26630,1
652.52,0,26630,1
652.53,0,26630,1
652.54,0,26630,1
652.61,0,26630,1
652.62,0,26630,1
652.63,0,26630,1
652.64,0,26630,1
652.65,0,26630,1
652.91,0,26690,1
652.92,0,26690,1
652.93,0,26690,1
652.94,0,26690,1
652.95,0,26690,1
652.96,0,26690,1
652.97,0,26690,1
652.98,0,26690,1
653.11,0,26710,1
653.12,0,26710,1
653.13,0,26710,1
653.14,0,26720,1
653.15,0,26720,1
653.16,0,26720,1
653.17,0,26720,1
653.18,0,26730,1
653.19,0,26730,1
653.21,0,26740,1
653.25,0,26740,1
653.29,0,26740,1
653.31,0,26760,1
653.32,0,26760,1
653.33,0,26760,1
653.34,0,26760,1
653.35,0,26760,1
653.41,0,26770,1
653.42,0,26790,1
653.43,0,26790,1
653.51,0,26710,1
653.52,0,26720,1
653.59,0,26730,1
653.6,0,26750,0
653.81,0,26760,1
653.82,0,26770,1
653.83,0,26790,1
653.89,0,26790,1
653.91,0,26820,1
653.93,0,26820,1
654.11,0,26510,1
654.13,0,26510,1
654.19,0,26510,1
654.21,0,26520,0
654.22,0,26530,0
654.31,0,26540,1
654.32,0,26540,1
654.33,0,26540,1
654.34,0,26540,1
654.35,0,26830,1
654.41,0,26560,1
654.42,0,26560,1
654.5,0,26570,0
654.6,0,26890,0
654.91,0,27994,0
654.92,0,26550,0
654.93,0,26590,0
654.94,0,26860,0
654.95,0,26830,1
654.96,0,26850,0
654.97,0,26880,0
655.11,0,28110,1
655.12,0,28110,1
655.19,0,28110,1
655.21,0,28190,1
655.22,0,28190,1
655.23,0,28190,1
655.29,0,28190,1
656.11,0,27911,1
656.12,0,27911,1
656.13,0,27911,1
656.14,0,27911,1
656.21,0,27911,1
656.29,0,27911,1
656.31,0,27995,0
656.32,0,27911,1
656.41,0,27912,1
656.42,0,27912,1
656.43,0,27912,1
656.51,0,27913,1
656.59,0,27913,1
657.11,0,27921,1
657.12,0,27921,1
657.19,0,27921,1
657.2,0,27922,0
657.31,0,27997,1
657.32,0,27997,1
657.33,0,36250,0
657.34,0,27997,1
657.35,0,32195,0
657.4,0,27999,0
657.51,0,27310,0
657.52,0,27320,1
657.59,0,27320,1
657.61,0,28261,1
657.62,0,28261,1
657.71,0,27991,0
657.72,0,27998,1
657.73,0,27998,1
657.81,0,27992,1
657.89,0,27992,1
657.91,0,27998,1
657.92,0,27998,1
657.93,0,27996,0
658.11,0,27150,1
658.12,0,27150,1
658.13,0,27150,1
658.19,0,27150,1
658.21,0,27160,1
658.22,0,27160,1
658.23,0,27160,1
658.24,0,27160,1
658.29,0,27160,1
658.31,0,27110,1
658.32,0,27110,1
658.33,0,27110,1
658.39,0,27110,1
658.41,0,27120,1
658.42,0,27120,1
658.43,0,27120,1
658.44,0,27120,1
658.45,0,27120,1
658.46,0,27120,1
658.47,0,27120,1
658.48,0,27120,1
658.51,0,27130,0
658.52,0,27140,1
658.59,0,27140,1
658.91,0,27140,1
658.92,0,27190,1
658.93,0,27190,1
658.99,0,27140,1
659.1,0,38930,0
659.21,0,27210,1
659.29,0,27210,1
659.3,0,27220,1
659.41,0,27230,1
659.42,0,27230,1
659.43,0,27230,1
659.49,0,27230,1
659.51,0,27220,1
659.52,0,27220,1
659.53,0,27220,1
659.59,0,27220,1
659.61,0,27290,1
659.69,0,27290,1
661.11,0,37420,1
661.12,0,37420,1
661.13,0,37420,1
661.21,0,37430,0
661.22,0,37440,1
661.23,0,37440,1
661.29,0,37440,1
661.31,0,37690,1
661.32,0,37690,1
661.33,0,37690,1
661.34,0,37610,1
661.35,0,37690,1
661.36,0,37610,1
661.39,0,37690,1
661.81,0,37930,0
661.82,0,37520,0
661.83,0,37570,0
662.31,0,37310,0
662.32,0,37320,0
662.33,0,37330,0
662.41,0,37350,1
662.42,0,37350,1
662.43,0,37360,0
662.44,0,37370,1
662.45,0,37370,1
663.11,0,37910,1
663.12,0,37910,1
663.13,0,37910,1
663.21,0,37910,1
663.22,0,37910,1
663.29,0,37910,1
663.31,0,37530,0
663.32,0,37540,0
663.33,0,37550,0
663.34,0,37560,0
663.35,0,37990,1
663.36,0,37990,1
663.37,0,37990,1
663.38,0,37340,1
663.39,0,37990,1
663.51,0,37990,1
663.52,0,37990,1
663.53,0,37990,1
663.7,0,37340,1
663.81,0,37920,1
663.82,0,37920,1
663.91,0,37291,0
663.99,0,37299,0
664.11,0,37111,1
664.12,0,37111,1
664.31,0,37112,1
664.39,0,37112,1
664.41,0,37113,1
664.42,0,37113,1
664.51,0,37112,1
664.52,0,37112,1
664.53,0,37112,1
664.71,0,37115,1
664.72,0,37115,1
664.81,0,37116,1
664.89,0,37116,1
664.91,0,37114,0
664.92,0,37116,1
664.93,0,37192,0
664.94,0,37194,0
664.95,0,37129,0
664.96,0,37117,0
665.1,0,37191,0
665.21,0,37193,1
665.22,0,37193,1
665.23,0,37193,1
665.29,0,37193,1
665.91,0,37195,1
665.92,0,37195,1
665.93,0,37199,1
665.94,0,37199,1
665.95,0,37199,1
665.99,0,37199,1
666.11,0,37221,1
666.12,0,37221,1
666.13,0,37221,1
666.21,0,37222,1
666.29,0,37222,1
667.11,0,38210,1
667.12,0,38210,1
667.13,0,38220,1
667.21,0,16310,1
667.22,0,16310,1
667.29,0,38220,1
667.31,0,16310,1
667.39,0,38220,1
667.41,0,34560,1
667.42,0,34560,1
667.49,0,38220,1
671.21,0,41111,1
671.22,0,41111,1
671.23,0,41111,1
671.31,0,41117,1
671.32,0,41117,1
671.33,0,41116,0
671.41,0,41112,1
671.49,0,41112,1
671.51,0,41115,1
671.52,0,41115,1
671.53,0,41113,0
671.54,0,41115,1
671.55,0,41114,0
671.59,0,41115,1
672.41,0,41121,1
672.45,0,41121,1
672.47,0,41122,1
672.49,0,41122,1
672.61,0,41121,1
672.62,0,41121,1
672.69,0,41121,1
672.7,0,41121,1
672.81,0,41122,1
672.82,0,41122,1
673.21,0,41211,1
673.24,0,41211,1
673.27,0,41212,1
673.29,0,41212,1
673.41,0,41221,1
673.46,0,41221,1
673.49,0,41222,0
673.51,0,41231,1
673.52,0,41231,1
673.53,0,41231,1
674.11,0,41231,1
674.12,0,41231,1
674.13,0,41231,1
674.14,0,41231,1
674.21,0,41231,1
674.22,0,41231,1
674.31,0,41231,1
674.32,0,41231,1
674.41,0,41231,1
674.42,0,41231,1
674.43,0,41231,1
674.44,0,41231,1
674.51,0,41231,1
674.52,0,41231,1
675.11,0,41233,1
675.12,0,41233,1
675.2,0,41234,0
675.31,0,41213,1
675.32,0,41213,1
675.33,0,41213,1
675.34,0,41213,1
675.35,0,41213,1
675.36,0,41213,1
675.37,0,41214,1
675.38,0,41214,1
675.41,0,41213,1
675.42,0,41213,1
675.43,0,41214,1
675.51,0,41223,1
675.52,0,41223,1
675.53,0,41223,1
675.54,0,41223,1
675.55,0,41223,1
675.56,0,41224,1
675.61,0,41223,1
675.62,0,41224,1
675.71,0,41232,1
675.72,0,41232,1
675.73,0,41239,1
675.74,0,41239,1
676.11,0,41241,1
676.12,0,41241,1
676.15,0,41243,1
676.17,0,41243,1
676.19,1,41241,1
676.19,1,41243,1
676.21,0,41242,1
676.22,0,41242,1
676.25,0,41244,1
676.29,1,41242,1
676.29,1,41244,1
676.31,0,41261,1
676.33,0,41261,1
676.34,0,41264,1
676.39,0,41264,1
676.41,0,41271,0
676.42,0,41272,0
676.43,0,41242,1
676.44,0,41261,1
676.45,0,41265,1
676.46,0,41244,1
676.47,0,41265,1
676.48,0,41273,0
676.81,0,41251,1
676.82,0,41251,1
676.83,0,41251,1
676.84,0,41262,1
676.85,0,41262,1
676.86,0,41252,0
676.87,0,41266,1
676.88,0,41266,1
677.01,0,41253,1
677.09,0,41253,1
678.14,0,41263,1
678.15,0,41263,1
678.19,0,41263,1
678.21,0,41267,1
678.29,0,41267,1
679.11,0,41291,0
679.12,0,41281,0
679.13,0,41282,0
679.14,0,41283,1
679.15,0,41283,1
679.16,0,41283,1
679.17,0,41284,0
679.31,0,41285,1
679.32,0,41286,1
679.33,0,41287,1
679.39,0,41289,1
679.41,0,41285,1
679.42,0,41286,1
679.43,0,41287,1
679.44,0,41288,0
679.49,0,41289,1
679.51,0,41292,1
679.52,0,41292,1
679.53,0,41293,1
679.54,0,41293,1
679.55,0,41293,1
679.56,0,41293,1
679.59,0,41293,1
681.12,0,41350,1
681.13,0,41310,1
681.14,0,41310,1
681.22,0,41350,1
681.23,0,41330,1
681.24,0,41330,1
681.25,0,41330,1
682.11,0,41412,0
682.12,0,41413,1
682.13,0,41413,1
682.14,0,41413,1
682.31,0,41512,1
682.32,0,41512,1
682.41,0,41513,1
682.42,0,41513,1
682.51,0,41514,1
682.52,0,41514,1
682.61,0,41515,0
682.62,0,41511,0
682.71,0,41516,1
682.72,0,41516,1
683.11,0,41422,1
683.12,0,41422,1
683.21,0,41522,0
683.22,0,41524,0
683.23,0,41521,0
683.24,0,41523,0
684.11,0,41431,1
684.12,0,41431,1
684.21,0,41532,0
684.22,0,41533,0
684.23,0,41534,0
684.24,0,41535,0
684.25,0,41531,0
684.26,0,41536,1
684.27,0,41536,1
685.11,0,41441,1
685.12,0,41441,1
685.2,0,41542,0
686.11,0,41442,1
686.12,0,41442,1
686.31,0,41545,1
686.32,0,41545,1
686.33,0,41544,0
687.11,0,41443,1
687.12,0,41443,1
687.2,0,41547,0
689.11,1,39367,1
689.11,1,41601,1
689.12,1,39367,1
689.12,1,41601,1
689.13,1,39367,1
689.13,1,41601,1
689.14,0,39367,1
689.15,0,41601,1
689.81,1,39367,1
689.81,1,41601,1
689.82,1,39367,1
689.82,1,41601,1
689.83,1,39367,1
689.83,1,41601,1
689.84,1,39367,1
689.84,1,41601,1
689.91,1,39367,1
689.91,1,41601,1
689.92,0,41603,1
689.93,1,39368,1
689.93,1,41603,1
689.94,0,41603,1
689.95,1,39368,1
689.95,1,41603,1
689.98,1,39367,1
689.98,1,41601,1
689.99,0,41604,0
691.11,0,42110,1
691.12,0,42110,1
691.13,0,42120,1
691.14,0,42190,1
691.19,0,42190,1
691.21,0,42120,1
691.29,0,42190,1
692.11,0,42210,1
692.12,0,42210,1
692.41,0,42931,1
692.42,0,42931,1
692.43,0,42220,1
692.44,0,42220,1
693.11,0,42941,0
693.12,0,42942,1
693.13,0,42942,1
693.2,0,42946,0
693.5,0,42943,0
694.1,0,42944,1
694.21,0,42944,1
694.22,0,42944,1
694.31,0,42944,1
694.32,0,42944,1
694.33,0,42944,1
694.4,0,42944,1
695.1,0,42921,1
695.21,0,42921,1
695.22,0,42921,1
695.23,0,42921,1
695.3,0,42921,1
695.41,0,42921,1
695.42,0,42921,1
695.43,0,42921,1
695.44,0,42921,1
695.45,0,42921,1
695.46,0,42921,1
695.47,0,42921,1
695.48,0,42921,1
695.49,0,42921,1
695.51,0,42921,1
695.52,0,42921,1
695.53,0,42921,1
695.54,0,42921,1
695.55,0,42921,1
695.59,0,42921,1
695.61,0,42922,1
695.62,0,42922,1
695.63,0,42922,1
695.64,0,42922,1
695.7,0,42921,1
696.31,0,42914,1
696.35,0,42914,1
696.38,0,42914,1
696.4,0,42913,1
696.51,0,42915,1
696.55,0,42915,1
696.59,0,42915,1
696.61,0,42916,1
696.62,0,42916,1
696.63,0,42916,1
696.69,0,42916,1
696.8,0,42913,1
697.31,0,44821,0
697.32,0,44822,0
697.33,0,44832,0
697.41,0,42912,1
697.42,0,42912,1
697.43,0,42912,1
697.44,0,42912,1
697.51,0,42911,1
697.52,0,42911,1
697.53,0,42911,1
697.81,0,42912,1
697.82,0,42996,0
699.11,0,42992,1
699.12,0,42993,0
699.13,0,42992,1
699.14,0,42992,1
699.15,0,42992,1
699.16,0,42992,1
699.17,0,42992,1
699.19,0,42992,1
699.21,0,42991,1
699.22,0,42991,1
699.31,0,42997,1
699.32,0,42997,1
699.33,0,42997,1
699.4,0,42945,0
699.51,0,42999,1
699.52,0,42999,1
699.53,0,42932,0
699.54,0,42999,1
699.55,0,42950,0
699.61,0,42999,1
699.62,0,42999,1
699.63,0,42999,1
699.65,0,42999,1
699.67,0,42999,1
699.69,0,42999,1
699.71,0,42991,1
699.73,0,42999,1
699.75,0,42999,1
699.76,0,42999,1
699.77,0,42999,1
699.78,0,42999,1
699.79,0,42999,1
699.81,0,41602,1
699.83,0,41602,1
699.85,0,41602,1
699.87,0,41602,1
699.91,0,41602,1
699.92,0,41602,1
699.93,0,41602,1
699.94,0,41602,1
699.95,0,41602,1
699.99,0,41602,1
711.11,0,42320,1
711.12,0,42320,1
711.21,0,42330,1
711.22,0,42330,1
711.91,0,42342,1
711.92,0,42342,1
712.11,0,43141,1
712.19,0,43141,1
712.8,0,43153,0
713.11,0,43131,0
713.19,0,43152,0
713.21,0,43121,0
713.22,0,43122,0
713.23,0,43123,0
713.31,0,43110,1
713.32,0,43110,1
713.33,0,43110,1
713.81,0,43110,1
713.82,0,43110,1
713.91,0,43151,1
713.92,0,43151,1
714.41,0,43132,1
714.49,0,43133,0
714.81,0,43132,1
714.89,0,43143,0
714.91,0,43155,0
714.99,0,43156,0
716.1,0,46111,1
716.2,0,46111,1
716.31,0,46112,1
716.32,0,46112,1
716.4,0,46113,1
716.51,0,46113,1
716.52,0,46113,1
716.9,0,46131,0
718.11,0,43142,0
718.19,0,43154,0
718.71,0,42310,0
718.77,0,33710,0
718.78,0,42341,0
718.91,0,43211,1
718.92,0,43211,1
718.93,0,43219,0
718.99,0,43251,0
721.11,0,44111,0
721.12,1,44113,0
721.12,1,44114,0
721.13,0,44112,0
721.18,0,44119,0
721.19,0,44115,0
721.21,0,44121,0
721.22,0,44122,0
721.23,1,44123,0
721.23,1,44124,0
721.23,1,44125,0
721.23,1,44126,0
721.23,1,44129,1
721.26,0,44127,0
721.27,0,44128,0
721.29,0,44129,1
721.31,0,44131,0
721.38,0,44132,0
721.39,0,44139,0
721.91,0,44191,0
721.95,1,44193,0
721.95,1,44194,0
721.96,1,44192,0
721.96,1,44198,0
721.98,0,44199,1
721.99,0,44199,1
722.3,0,44142,0
722.41,0,44141,0
722.49,0,44149,0
723.11,0,44421,0
723.12,0,44422,0
723.21,0,44425,0
723.22,0,44426,0
723.29,0,44427,1
723.31,0,44423,0
723.33,0,44424,0
723.35,0,44412,1
723.37,0,44412,1
723.39,0,44427,1
723.41,0,44430,1
723.42,0,44430,1
723.43,0,44412,1
723.44,0,44412,1
723.45,0,44430,1
723.47,0,44430,1
723.48,0,44430,1
723.91,0,43580,0
723.92,0,44429,0
723.93,0,44461,1
723.99,0,44461,1
724.33,0,44814,0
724.35,0,44621,0
724.39,0,44640,1
724.41,0,44611,1
724.42,0,44611,1
724.43,0,44611,1
724.49,0,44640,1
724.51,0,44612,0
724.52,0,44613,1
724.53,0,44613,1
724.54,0,44611,1
724.55,0,44629,1
724.61,0,44614,0
724.67,0,44640,1
724.68,0,44640,1
724.71,0,44622,1
724.72,0,44622,1
724.73,0,44622,1
724.74,0,44629,1
724.81,0,44630,1
724.83,0,44630,1
724.85,0,44630,1
724.88,0,44640,1
724.91,0,44640,1
724.92,0,44640,1
725.11,0,44913,1
725.12,0,44913,1
725.21,0,44913,1
725.23,0,44913,1
725.25,0,44913,1
725.27,0,44913,1
725.29,0,44913,1
725.91,0,44921,1
725.99,0,44921,1
726.31,0,44914,1
726.35,0,32800,0
726.51,0,44914,1
726.55,0,45150,0
726.59,0,44914,1
726.61,0,44914,1
726.63,0,44914,1
726.65,0,44914,1
726.69,1,44629,1
726.69,1,44914,1
726.81,0,44914,1
726.89,0,44922,1
726.91,0,44922,1
726.99,0,44922,1
727.11,0,44513,0
727.19,0,44522,1
727.21,0,44516,1
727.22,0,44516,1
727.29,0,44522,1
728.11,0,44221,0
728.12,0,44222,1
728.19,0,44252,0
728.21,0,44918,1
728.22,0,44918,1
728.29,0,44923,0
728.31,0,44440,1
728.32,0,44440,1
728.33,0,44440,1
728.34,0,44440,1
728.39,0,44462,0
728.41,0,44919,1
728.42,0,44915,0
728.43,0,44517,0
728.44,0,44222,1
728.46,0,44919,1
728.47,0,44919,1
728.49,0,44919,1
728.51,0,44929,1
728.52,0,44929,1
728.53,0,44523,0
728.55,0,44929,1
731.11,0,44211,1
731.12,0,44211,1
731.13,0,44211,1
731.14,0,44211,1
731.21,0,44212,1
731.22,0,44212,1
731.23,0,44212,1
731.31,0,44213,1
731.35,0,44213,1
731.37,0,44213,1
731.39,0,44213,1
731.41,0,44214,1
731.42,0,44214,1
731.43,0,44214,1
731.44,0,44214,1
731.45,0,44214,1
731.46,0,44214,1
731.51,0,44214,1
731.52,0,44214,1
731.53,0,44214,1
731.54,0,44214,1
731.57,0,44215,0
731.61,0,44216,1
731.62,0,44216,1
731.63,0,44216,1
731.64,0,44216,1
731.65,0,44216,1
731.66,0,44216,1
731.67,0,44216,1
731.69,0,44216,1
731.71,0,44216,1
731.73,0,44216,1
731.75,0,44216,1
731.77,0,44216,1
731.79,0,44216,1
733.11,0,44217,1
733.12,0,44217,1
733.13,0,44217,1
733.14,0,44217,1
733.15,0,44217,1
733.16,0,44217,1
733.17,0,44217,1
733.18,0,44217,1
733.91,0,44218,1
733.93,0,44218,1
733.95,0,44218,1
733.99,0,44218,1
735.11,0,44251,1
735.13,0,44251,1
735.15,0,44251,1
735.91,0,44251,1
735.95,0,44251,1
737.11,0,44310,1
737.12,0,44310,1
737.19,0,44320,1
737.21,0,44310,1
737.29,0,44320,1
737.31,0,44241,1
737.32,0,44241,1
737.33,0,44241,1
737.34,0,44241,1
737.35,0,44241,1
737.36,0,44241,1
737.37,0,44241,1
737.39,0,44255,0
737.41,0,44242,1
737.42,0,44242,1
737.43,0,44242,1
737.49,0,44256,0
741.21,0,43410,1
741.23,0,43410,1
741.25,0,43410,1
741.28,0,43430,1
741.31,0,43420,1
741.32,0,43420,1
741.33,0,43420,1
741.34,0,43420,1
741.35,0,43430,1
741.36,0,43420,1
741.37,0,44515,1
741.38,0,43420,1
741.39,0,43430,1
741.43,0,43913,1
741.45,0,43913,1
741.49,0,43941,1
741.51,0,43912,1
741.55,0,43912,1
741.59,0,43941,1
741.71,0,43911,1
741.72,0,43941,1
741.73,0,43911,1
741.74,0,43911,1
741.75,0,43911,1
741.81,0,44826,1
741.82,0,44826,1
741.83,0,48140,0
741.84,0,44518,0
741.85,0,44912,1
741.86,0,44912,1
741.87,0,44515,1
741.89,0,43932,0
741.9,0,43941,1
742.11,0,43220,1
742.19,0,43220,1
742.2,0,43220,1
742.3,0,43220,1
742.4,0,43220,1
742.5,0,43220,1
742.6,0,43220,1
742.71,0,43220,1
742.75,0,43220,1
742.91,0,43252,1
742.95,0,43252,1
743.11,0,43230,1
743.13,0,43230,1
743.15,0,43230,1
743.17,0,43230,1
743.19,0,43230,1
743.41,0,44815,1
743.43,0,43931,1
743.45,0,44815,1
743.51,0,44511,0
743.55,0,44911,0
743.59,0,43931,1
743.61,0,43914,1
743.62,0,43914,1
743.63,0,43915,1
743.64,0,43915,1
743.67,0,43914,1
743.69,0,43914,1
743.8,0,43253,0
743.91,0,43942,1
743.95,0,43942,1
744.11,0,43530,1
744.12,0,43530,1
744.13,0,43530,1
744.14,0,43530,1
744.15,0,43530,1
744.19,0,43570,1
744.21,0,43510,1
744.25,0,43510,1
744.31,0,43520,1
744.32,0,43520,1
744.33,0,43520,1
744.34,0,43520,1
744.35,0,43520,1
744.37,0,43520,1
744.39,0,43520,1
744.41,0,43510,1
744.43,0,43510,1
744.49,0,43510,1
744.71,0,43550,1
744.72,0,44411,0
744.73,0,43550,1
744.74,0,43550,1
744.79,0,43550,1
744.81,0,43540,1
744.85,0,43540,1
744.89,0,43560,0
744.91,0,43570,1
744.92,0,43570,1
744.93,0,43570,1
744.94,0,43570,1
745.11,0,44231,1
745.12,0,44231,1
745.19,0,44253,0
745.21,0,43935,0
745.23,0,43921,1
745.27,0,43921,1
745.29,0,43944,0
745.31,0,43922,1
745.32,0,43922,1
745.39,0,43943,1
745.61,0,43923,1
745.62,0,43923,1
745.63,0,43923,1
745.64,0,44150,0
745.65,0,43923,1
745.68,0,43943,1
745.91,0,43933,0
745.93,0,43943,1
745.95,0,43934,0
745.97,0,43943,1
746.1,0,43310,1
746.2,0,43310,1
746.3,0,43310,1
746.4,0,43310,1
746.5,0,43310,1
746.8,0,43310,1
746.91,0,43331,1
746.99,0,43331,1
747.1,0,43240,1
747.2,0,43240,1
747.3,0,43240,1
747.4,0,43240,1
747.8,0,43240,1
747.9,0,43254,0
748.1,0,43320,1
748.21,0,43320,1
748.22,0,43320,1
748.31,0,43320,1
748.32,0,43320,1
748.39,0,43332,1
748.4,0,43320,1
748.5,0,43320,1
748.6,0,43320,1
748.9,0,43332,1
749.11,0,44916,1
749.12,0,44916,1
749.13,0,44916,1
749.14,0,44916,1
749.15,0,44916,1
749.16,0,44916,1
749.17,0,44916,1
749.18,0,44916,1
749.19,0,44916,1
749.2,0,43924,0
749.91,0,42998,0
749.99,0,43949,0
751.1,0,45110,0
751.21,0,45130,1
751.22,1,45130,1
751.22,1,45141,1
751.24,1,45141,1
751.24,1,45142,1
751.28,0,45141,1
751.91,0,45160,1
751.93,0,45160,1
751.94,0,45266,0
751.95,1,44917,1
751.95,1,45263,0
751.95,1,45264,0
751.95,1,45265,0
751.96,0,44917,1
751.97,0,44922,1
751.99,1,45142,1
751.99,1,45160,1
752.2,1,45221,0
752.2,1,45222,0
752.3,1,45230,0
752.3,1,45240,0
752.3,1,45250,0
752.6,1,45261,0
752.6,1,45262,0
752.6,1,45269,1
752.7,1,45271,0
752.7,1,45272,0
752.8,1,45281,1
752.8,1,45289,1
752.9,1,45269,1
752.9,1,45289,1
759.8,0,45290,1
759.91,0,45170,1
759.93,0,45180,1
759.95,1,45170,1
759.95,1,45180,1
759.97,0,45290,1
761.3,1,47314,1
761.3,1,47315,1
761.4,1,47314,1
761.4,1,47315,1
761.5,1,47314,1
761.5,1,47315,1
761.6,0,47313,0
762.11,0,47312,1
762.12,0,47312,1
762.21,0,47311,1
762.22,0,47311,1
762.81,0,47311,1
762.82,0,47311,1
762.89,0,47311,1
763.31,0,47321,1
763.35,0,47321,1
763.36,0,47321,1
763.39,0,47321,1
763.81,0,47323,1
763.84,0,47323,1
764.11,1,47221,0
764.11,1,47222,0
764.11,1,47223,1
764.12,1,45281,1
764.12,1,47223,1
764.18,0,47401,0
764.21,0,47330,1
764.22,0,47330,1
764.23,0,47330,1
764.24,0,47330,1
764.25,0,47330,1
764.26,0,47330,1
764.31,0,47212,0
764.32,0,47211,0
764.83,0,48220,0
764.84,1,47213,0
764.84,1,47214,0
764.84,1,47215,0
764.92,0,47402,1
764.93,0,47403,0
764.99,0,47402,1
771.11,0,46121,1
771.19,0,46121,1
771.21,0,46122,1
771.23,0,46122,1
771.25,0,46122,1
771.29,0,46132,0
772.2,0,47130,0
772.31,0,47120,1
772.32,0,47120,1
772.33,0,47120,1
772.35,0,47120,1
772.38,0,47172,0
772.41,0,46211,1
772.42,0,46211,1
772.43,0,46211,1
772.44,0,46211,1
772.45,0,46211,1
772.49,0,46211,1
772.51,0,46212,1
772.52,0,46212,1
772.53,0,46212,1
772.54,0,46212,1
772.55,0,46212,1
772.56,0,46215,0
772.57,0,46212,1
772.58,0,46212,1
772.59,0,46212,1
772.61,0,46213,0
772.62,0,46214,0
772.81,0,46220,1
772.82,0,46220,1
773.11,0,46310,0
773.12,0,46320,0
773.13,0,46330,0
773.16,0,46340,0
773.17,0,46350,0
773.18,0,46360,0
773.22,0,37197,0
773.23,0,37292,1
773.24,0,46940,1
773.26,0,37292,1
773.28,0,36980,0
773.29,0,46940,1
774.11,0,48121,1
774.12,0,48121,1
774.13,0,48122,0
774.21,0,48110,1
774.22,0,48110,1
774.23,0,48110,1
774.29,0,48110,1
775.11,0,44812,1
775.12,0,44812,1
775.21,0,44811,1
775.22,0,44811,1
775.3,0,44812,1
775.41,0,44816,1
775.42,0,44816,1
775.49,0,44831,1
775.51,1,44816,1
775.51,1,44919,1
775.56,0,44919,1
775.57,0,44831,1
775.72,0,44816,1
775.73,0,44816,1
775.79,0,44831,1
775.81,0,44817,1
775.82,0,44817,1
775.83,0,44816,1
775.84,0,44816,1
775.85,0,44813,0
775.86,0,44817,1
775.87,0,44816,1
775.88,0,44818,0
775.89,0,44831,1
776.11,0,47140,1
776.12,0,47140,1
776.21,0,47140,1
776.23,0,47140,1
776.25,0,47140,1
776.27,0,47140,1
776.29,0,47173,1
776.31,0,47150,1
776.32,0,47150,1
776.33,0,47150,1
776.35,0,47150,1
776.37,0,47150,1
776.39,0,47150,1
776.42,0,47160,1
776.44,0,47160,1
776.46,0,47160,1
776.49,0,47160,1
776.81,0,47150,1
776.88,0,47173,1
776.89,0,47173,1
778.11,0,46410,0
778.12,0,46420,0
778.13,1,39380,0
778.13,1,46960,1
778.17,0,46430,1
778.19,0,46430,1
778.21,0,46510,1
778.22,0,46510,1
778.23,0,46510,1
778.24,0,46510,1
778.29,0,46541,0
778.31,0,46910,1
778.33,0,46960,1
778.34,0,46910,1
778.35,0,46960,1
778.41,0,44232,1
778.43,0,44232,1
778.45,0,44232,1
778.61,0,47110,1
778.62,0,47110,1
778.63,0,47110,1
778.64,0,47110,1
778.65,0,47110,1
778.66,0,47110,1
778.67,0,47110,1
778.68,0,47110,1
778.69,0,47171,0
778.71,0,46939,1
778.78,0,46939,1
778.79,0,46960,1
778.81,1,46931,0
778.81,1,46932,0
778.81,1,46939,1
778.82,0,46929,1
778.83,0,46960,1
778.84,1,46921,0
778.84,1,46929,1
778.85,0,46960,1
778.86,0,46950,0
781.1,0,49116,0
781.2,0,49113,0
782.11,0,44428,0
782.19,0,49114,0
782.21,0,49115,0
782.23,0,49119,1
782.25,0,49119,1
782.27,0,49119,1
782.29,0,49119,1
783.11,0,49112,1
783.19,0,49112,1
783.2,0,49111,0
784.1,0,49121,0
784.21,0,49210,1
784.25,0,49210,1
784.31,0,49129,1
784.32,0,49231,0
784.33,0,49129,1
784.34,0,49129,1
784.35,0,49129,1
784.39,0,49129,1
785.11,0,49911,0
785.13,0,49912,1
785.15,0,49912,1
785.16,0,49912,1
785.17,0,49912,1
785.19,0,49913,0
785.2,0,49921,0
785.31,0,49922,0
785.35,0,49941,0
785.36,0,49942,1
785.37,0,49942,1
786.1,0,49222,0
786.21,0,44160,0
786.22,0,49229,1
786.29,0,49229,1
786.3,0,49221,0
786.83,0,49229,1
786.85,0,49930,0
786.89,0,49232,0
791.11,0,49511,0
791.15,0,49519,1
791.21,0,49512,0
791.29,0,49519,1
791.6,0,49520,0
791.7,0,49532,0
791.81,0,49531,0
791.82,0,49533,0
791.91,0,49540,1
791.99,0,49540,1
792.11,0,49621,1
792.15,0,49621,1
792.2,0,49622,0
792.3,0,49623,1
792.4,0,49623,1
792.5,0,49630,0
792.83,0,43134,0
792.84,0,49610,0
792.91,0,49640,1
792.93,0,49640,1
792.95,0,49640,1
792.97,0,49640,1
793.11,0,49490,1
793.12,0,49410,0
793.19,0,49490,1
793.22,0,49312,0
793.24,0,49315,0
793.26,0,49313,0
793.27,0,49314,0
793.28,0,49311,0
793.29,0,49319,1
793.3,0,39370,0
793.51,0,49319,1
793.55,0,49320,0
793.59,0,49319,1
793.7,0,49316,0
793.91,0,49390,1
793.99,0,49390,1
811,1,38701,0
811,1,38702,0
811,1,38703,0
811,1,38704,0
812.11,0,44823,0
812.15,0,44824,0
812.17,0,44825,0
812.19,0,44833,0
812.21,0,37210,1
812.29,0,37210,1
813.11,0,46531,1
813.12,0,46531,1
813.13,0,46531,1
813.15,0,46539,0
813.17,0,46531,1
813.2,0,46531,1
813.8,0,46542,1
813.91,0,37196,0
813.92,0,36960,0
813.99,0,46542,1
821.11,0,38111,1
821.12,0,38111,1
821.13,0,38112,1
821.14,0,38111,1
821.15,0,38112,1
821.16,0,38112,1
821.17,0,38111,1
821.18,0,38119,0
821.19,0,38160,1
821.21,0,38150,1
821.23,0,38150,1
821.25,0,38150,1
821.27,0,27180,1
821.29,0,27180,1
821.31,0,38121,0
821.39,0,38140,1
821.51,0,38122,0
821.53,0,38130,0
821.55,0,38140,1
821.59,0,38140,1
821.71,0,38140,1
821.79,0,38140,1
821.8,0,38160,1
831.11,0,29220,1
831.12,0,29220,1
831.19,0,29220,1
831.21,0,29220,1
831.22,0,29220,1
831.29,0,29220,1
831.3,0,29220,1
831.91,0,29220,1
831.99,0,29220,1
841.11,0,28231,1
841.12,0,28231,1
841.19,0,28231,1
841.21,0,28231,1
841.22,0,28231,1
841.23,0,28231,1
841.3,0,28231,1
841.4,0,28231,1
841.51,0,28232,1
841.59,0,28232,1
841.61,0,28232,1
841.62,0,28232,1
841.69,0,28232,1
842.11,0,28233,1
842.19,0,28233,1
842.21,0,28233,1
842.22,0,28233,1
842.3,0,28233,1
842.4,0,28233,1
842.5,0,28233,1
842.6,0,28233,1
842.7,0,28234,1
842.81,0,28234,1
842.82,0,28234,1
842.89,0,28234,1
843.1,0,28221,1
843.21,0,28221,1
843.22,0,28221,1
843.23,0,28221,1
843.24,0,28221,1
843.71,0,28222,1
843.79,0,28222,1
843.81,0,28222,1
843.82,0,28222,1
843.89,0,28222,1
844.1,0,28223,1
844.21,0,28223,1
844.22,0,28223,1
844.23,0,28223,1
844.24,0,28223,1
844.25,0,28223,1
844.26,0,28223,1
844.7,0,28224,1
844.81,0,28224,1
844.82,0,28224,1
844.83,0,28224,1
844.89,0,28224,1
845.11,0,28235,0
845.12,0,28227,0
845.21,0,28250,1
845.22,0,28250,1
845.23,0,28250,1
845.24,0,28250,1
845.3,0,28226,0
845.4,0,28225,0
845.51,0,28237,1
845.52,0,28237,1
845.61,0,28236,1
845.62,0,28228,1
845.63,0,28236,1
845.64,0,28228,1
845.81,0,28236,1
845.87,0,28236,1
845.89,0,28236,1
845.91,0,28228,1
845.92,0,28228,1
845.99,0,28228,1
846.11,0,28238,1
846.12,0,28238,1
846.13,0,28238,1
846.14,0,28238,1
846.19,0,28238,1
846.23,0,28210,1
846.24,0,28210,1
846.25,0,28210,1
846.29,0,28210,1
846.91,0,28229,1
846.92,0,28229,1
846.93,0,28229,1
846.99,0,28229,1
848.11,0,28241,0
848.12,0,28242,1
848.13,0,28242,1
848.19,0,28242,1
848.21,0,28243,0
848.22,0,36260,1
848.29,0,36260,1
848.31,0,28320,0
848.32,0,28330,0
848.42,0,28262,1
848.43,0,28262,1
848.44,0,36971,0
848.45,0,36972,0
848.48,0,28269,1
848.49,0,28269,1
851.11,0,29510,1
851.15,0,29510,1
851.21,0,29410,1
851.22,0,29410,1
851.23,0,29490,1
851.24,0,29490,1
851.25,0,29420,0
851.31,0,29310,0
851.32,0,29320,0
851.41,0,29520,1
851.48,0,29330,1
851.49,0,29330,1
851.51,0,29340,1
851.52,0,29340,1
851.59,0,29340,1
851.7,0,29520,1
851.9,0,29600,0
871.11,0,48314,1
871.15,0,48314,1
871.19,0,48351,1
871.31,0,48261,0
871.39,0,48282,0
871.41,0,48314,1
871.43,0,48314,1
871.45,0,48314,1
871.49,0,48351,1
871.91,0,48315,1
871.92,0,48315,1
871.93,0,48315,1
871.99,0,48354,0
872.11,0,48130,1
872.19,0,48130,1
872.21,0,48150,1
872.25,0,48150,1
872.29,0,48150,1
872.31,0,48160,1
872.33,0,48160,1
872.35,0,48160,1
872.4,0,48180,0
873.11,0,48263,1
873.13,0,48263,1
873.15,0,48263,1
873.19,0,48283,1
873.21,0,48264,1
873.25,0,48264,1
873.29,0,48283,1
874.11,0,48211,0
874.12,0,48281,1
874.13,1,48212,0
874.13,1,48219,0
874.14,0,48281,1
874.22,0,48232,0
874.23,0,48233,0
874.24,0,48281,1
874.25,0,48269,1
874.26,0,48284,1
874.31,0,48252,1
874.35,0,48252,1
874.37,0,48252,1
874.39,0,48281,1
874.41,0,48253,1
874.42,0,48253,1
874.43,0,48253,1
874.45,0,48253,1
874.46,0,48253,1
874.49,0,48281,1
874.51,0,48231,0
874.52,0,38996,0
874.53,0,48262,0
874.54,0,48285,0
874.55,0,48251,0
874.56,0,48281,1
874.61,0,48269,1
874.63,0,48269,1
874.65,1,48266,0
874.65,1,48269,1
874.69,0,48284,1
874.71,0,48241,0
874.73,0,48242,0
874.75,0,48243,0
874.77,0,48244,0
874.78,0,48249,0
874.79,0,48281,1
874.9,0,48281,1
881.11,0,48322,1
881.13,0,48324,1
881.14,0,48353,1
881.15,0,48353,1
881.21,0,48322,1
881.22,0,48323,1
881.23,0,48353,1
881.24,0,48353,1
881.31,0,48330,0
881.32,0,48323,1
881.33,0,48324,1
881.34,0,48353,1
881.35,0,48324,1
881.36,0,48353,1
882.1,0,48342,0
882.2,0,48341,1
882.3,0,48341,1
882.4,0,48341,1
882.5,0,38941,0
882.6,0,38942,0
883.1,0,38950,1
883.9,0,38950,1
884.11,0,48311,1
884.15,0,48311,1
884.17,0,48311,1
884.19,0,48311,1
884.21,0,48313,0
884.22,0,48352,0
884.23,0,48312,0
884.31,0,48321,0
884.32,0,48311,1
884.33,0,48311,1
884.39,0,48311,1
885.31,0,48410,1
885.32,0,48410,1
885.39,0,48410,1
885.41,0,48410,1
885.42,0,48410,1
885.49,0,48410,1
885.51,0,48440,1
885.52,0,48440,1
885.71,0,48420,1
885.72,0,48420,1
885.73,0,48420,1
885.74,0,48420,1
885.75,0,48420,1
885.76,0,48420,1
885.77,0,48420,1
885.78,0,48420,1
885.79,0,48420,1
885.91,0,48490,1
885.92,0,48490,1
885.93,0,29230,0
885.94,0,48430,1
885.95,0,48430,1
885.96,0,48440,1
885.97,0,48490,1
885.98,0,48440,1
885.99,0,48490,1
891.11,0,44710,0
891.12,0,44720,0
891.13,0,44750,0
891.14,0,44730,1
891.22,0,44740,1
891.23,0,44740,1
891.24,0,44740,1
891.29,0,44740,1
891.31,0,44730,1
891.39,0,44730,1
891.91,0,44760,1
891.93,0,44760,1
891.95,0,44760,1
891.99,0,44760,1
892.12,0,32292,1
892.13,0,32220,1
892.14,1,32511,0
892.14,1,32512,0
892.15,1,32210,1
892.15,1,32220,1
892.15,1,32230,1
892.15,1,32291,1
892.15,1,32292,1
892.15,1,32299,1
892.16,0,32220,1
892.19,1,32210,1
892.19,1,32220,1
892.19,1,32230,1
892.19,1,32291,1
892.19,1,32292,1
892.19,1,32299,1
892.21,0,32300,0
892.29,1,32410,0
892.29,1,32420,0
892.29,1,32490,0
892.41,0,32630,1
892.42,0,32530,0
892.81,0,32197,0
892.82,0,32550,0
892.83,0,32610,0
892.84,0,32630,1
892.85,0,32520,0
892.86,0,32620,0
892.87,0,32540,0
892.89,0,32690,0
893.11,0,36410,0
893.19,0,36490,0
893.21,0,36930,0
893.29,0,36950,0
893.31,0,36910,0
893.32,0,36940,0
893.94,0,36990,1
893.95,0,36990,1
893.99,0,36990,1
894.1,0,38992,0
894.2,1,38510,0
894.2,1,38520,0
894.2,1,38530,0
894.2,1,38540,0
894.2,1,38550,0
894.2,1,38560,0
894.31,1,38581,0
894.31,1,38582,0
894.33,0,38590,1
894.35,0,38590,1
894.37,0,38570,0
894.39,0,38590,1
894.41,0,46532,0
894.45,0,38991,1
894.49,0,38991,1
894.6,0,38600,0
894.71,0,38450,0
894.72,0,38410,1
894.73,0,38410,1
894.74,0,38420,0
894.75,0,38440,1
894.76,0,38440,1
894.77,0,38440,1
894.78,0,38430,0
894.79,0,38440,1
895.11,0,42994,0
895.12,0,42995,0
895.21,0,38911,1
895.22,0,38911,1
895.23,0,38911,1
895.91,0,35140,0
895.92,0,38140,1
895.93,0,38912,1
895.94,0,38912,1
896.11,0,38961,1
896.12,0,38961,1
896.2,0,38961,1
896.3,0,38961,1
896.4,0,38962,0
896.5,0,38963,1
896.6,0,38963,1
897.21,0,38997,1
897.29,0,38997,1
897.31,0,38240,1
897.32,0,38240,1
897.33,0,38240,1
897.41,0,41330,1
897.49,0,38240,1
898.13,0,38310,0
898.15,0,38320,0
898.23,0,38330,0
898.24,0,38350,1
898.25,0,38340,1
898.26,0,38340,1
898.29,0,38350,1
898.42,1,47530,0
898.42,1,47610,1
898.42,1,47620,1
898.42,1,47691,1
898.42,1,47692,1
898.42,1,47699,1
898.42,1,47811,1
898.42,1,47812,1
898.42,1,47813,1
898.42,1,47814,1
898.42,1,47821,1
898.42,1,47822,1
898.42,1,47829,1
898.42,1,47910,0
898.44,1,47540,0
898.44,1,47610,1
898.44,1,47620,1
898.44,1,47691,1
898.44,1,47692,1
898.44,1,47699,1
898.44,1,47811,1
898.44,1,47812,1
898.44,1,47813,1
898.44,1,47814,1
898.44,1,47821,1
898.44,1,47822,1
898.44,1,47829,1
898.46,1,47550,0
898.46,1,47590,1
898.46,1,47920,0
898.49,1,47590,1
898.49,1,47610,1
898.9,0,38360,0
899.11,0,38999,1
899.19,0,38999,1
899.21,0,38999,1
899.29,0,38999,1
899.31,0,38999,1
899.32,0,38998,0
899.33,0,38994,1
899.34,0,38999,1
899.35,0,38995,1
899.37,0,38994,1
899.39,0,38995,1
899.41,0,38921,1
899.42,0,38921,1
899.49,0,38922,0
899.61,0,48172,1
899.63,0,48171,1
899.65,0,48171,1
899.66,0,48171,1
899.67,0,48172,1
899.69,0,48172,1
899.71,0,31923,1
899.72,0,38993,0
899.74,0,31923,1
899.79,0,31923,1
899.81,0,38999,1
899.82,0,38994,1
899.83,0,38923,1
899.84,0,38924,1
899.85,0,38923,1
899.86,0,38924,1
899.87,0,38994,1
899.88,0,38999,1
899.89,0,38994,1
899.91,0,38999,1
899.92,0,38999,1
899.94,0,38972,1
899.95,0,38972,1
899.96,0,27170,0
899.97,0,38999,1
961,0,38250,1
971.01,0,41320,1
971.02,0,41340,0
971.03,1,39331,0
971.03,1,39333,0
I,0,41320,1
II,0,38250,1
