BEC,"SITC, R3"
111,1.19
111,1.21
111,1.22
111,1.39
111,1.41
111,1.49
111,1.51
111,1.52
111,1.9
111,25.3
111,41.1
111,41.2
111,42.1
111,42.2
111,43
111,45.1
111,45.3
111,45.91
111,45.92
111,45.93
111,45.99
111,54.84
111,54.85
111,54.87
111,54.88
111,54.89
111,57.71
111,58.21
111,58.22
111,71.11
111,71.12
111,71.13
111,72.1
111,222.11
111,222.12
111,222.2
111,222.3
111,222.4
111,222.5
111,222.61
111,222.62
111,222.7
111,223.1
111,223.2
112,22.11
112,22.12
112,22.13
112,22.31
112,22.32
112,25.1
112,34.11
112,34.12
112,34.13
112,34.14
112,34.15
112,34.16
112,34.17
112,34.18
112,35.11
112,35.13
112,35.21
112,35.22
112,35.29
112,36.11
112,36.19
112,36.2
112,36.31
112,36.33
112,36.35
112,36.37
112,36.39
112,54.1
112,54.21
112,54.22
112,54.23
112,54.24
112,54.25
112,54.29
112,54.4
112,54.51
112,54.52
112,54.53
112,54.54
112,54.55
112,54.56
112,54.57
112,54.58
112,54.59
112,54.61
112,54.69
112,54.81
112,54.83
112,57.11
112,57.12
112,57.21
112,57.22
112,57.29
112,57.3
112,57.4
112,57.51
112,57.52
112,57.6
112,57.72
112,57.73
112,57.74
112,57.75
112,57.76
112,57.77
112,57.78
112,57.79
112,57.91
112,57.92
112,57.93
112,57.94
112,57.95
112,57.96
112,57.97
112,57.98
112,57.99
112,58.31
112,58.32
112,58.39
112,61.6
112,74.11
112,74.12
112,74.13
112,74.14
112,74.31
112,75.11
112,75.12
112,75.13
112,75.21
112,75.22
112,75.23
112,75.24
112,75.25
112,75.26
112,75.27
112,75.28
112,75.29
121,12.4
121,17.1
121,22.21
121,22.41
121,22.49
121,25.21
121,25.22
121,35.5
121,46.1
121,46.2
121,47.11
121,47.19
121,47.21
121,47.22
121,47.29
121,48.2
121,56.41
121,56.42
121,56.45
121,56.46
121,56.47
121,56.48
121,61.11
121,61.12
121,61.21
121,61.51
121,61.59
121,61.91
121,61.93
121,61.94
121,61.95
121,61.96
121,61.99
121,72.2
121,72.31
121,72.32
121,72.4
121,73.2
121,81.23
121,81.24
121,81.25
121,81.26
121,81.29
121,81.94
121,98.6
121,98.94
121,112.11
121,223.9
121,411.12
121,411.13
121,411.31
121,421.11
121,421.21
121,421.29
121,421.31
121,421.49
121,421.51
121,421.61
121,421.71
121,421.8
121,422.21
121,422.29
121,422.31
121,422.39
121,422.41
121,422.49
121,431.21
121,431.22
121,592.17
122,11.11
122,11.12
122,11.21
122,11.22
122,12.11
122,12.12
122,12.13
122,12.21
122,12.22
122,12.31
122,12.32
122,12.33
122,12.34
122,12.35
122,12.36
122,12.51
122,12.52
122,12.53
122,12.54
122,12.55
122,12.56
122,12.91
122,12.92
122,12.93
122,12.99
122,16.11
122,16.12
122,16.19
122,16.81
122,16.89
122,17.2
122,17.3
122,17.4
122,17.5
122,17.6
122,17.9
122,22.22
122,22.23
122,22.24
122,22.33
122,23
122,24.1
122,24.2
122,24.3
122,24.91
122,24.99
122,34.19
122,34.21
122,34.22
122,34.23
122,34.24
122,34.25
122,34.26
122,34.27
122,34.28
122,34.29
122,34.4
122,34.51
122,34.55
122,35.12
122,35.3
122,35.4
122,37.11
122,37.12
122,37.13
122,37.14
122,37.15
122,37.16
122,37.17
122,37.21
122,37.22
122,42.31
122,42.32
122,48.11
122,48.12
122,48.13
122,48.14
122,48.15
122,48.3
122,48.41
122,48.42
122,48.49
122,48.5
122,54.7
122,56.11
122,56.12
122,56.13
122,56.19
122,56.61
122,56.69
122,56.71
122,56.72
122,56.73
122,56.74
122,56.75
122,56.76
122,56.77
122,56.79
122,58.1
122,58.92
122,58.93
122,58.94
122,58.95
122,58.96
122,58.97
122,59.1
122,59.2
122,59.3
122,59.91
122,59.92
122,59.93
122,59.94
122,59.95
122,59.96
122,61.29
122,61.92
122,62.1
122,62.21
122,62.29
122,71.2
122,71.31
122,71.32
122,71.33
122,73.1
122,73.3
122,73.9
122,74.32
122,91.01
122,91.09
122,98.11
122,98.12
122,98.13
122,98.14
122,98.41
122,98.42
122,98.43
122,98.44
122,98.49
122,98.5
122,98.91
122,98.92
122,98.93
122,98.99
122,111.01
122,111.02
122,112.13
122,112.15
122,112.17
122,112.2
122,112.3
122,112.41
122,112.42
122,112.43
122,112.44
122,112.45
122,112.49
122,421.19
122,421.39
122,421.41
122,421.42
122,421.59
122,421.69
122,421.79
21,44.1
21,44.9
21,45.2
21,72.5
21,81.11
21,81.12
21,81.13
21,81.19
21,81.51
21,81.52
21,81.53
21,121.1
21,121.2
21,121.3
21,211.11
21,211.12
21,211.13
21,211.2
21,211.4
21,211.6
21,211.7
21,211.91
21,211.99
21,212.1
21,212.21
21,212.22
21,212.23
21,212.24
21,212.25
21,212.26
21,212.29
21,212.3
21,223.4
21,223.5
21,223.7
21,231.1
21,231.21
21,231.25
21,231.29
21,231.3
21,232.21
21,232.22
21,244.02
21,244.03
21,244.04
21,246.11
21,246.15
21,246.2
21,247.3
21,247.4
21,247.51
21,247.52
21,251.11
21,251.12
21,251.13
21,251.19
21,261.41
21,261.42
21,261.49
21,263.1
21,263.2
21,263.31
21,263.32
21,263.39
21,264.1
21,264.9
21,265.11
21,265.13
21,265.21
21,265.29
21,265.41
21,265.49
21,265.51
21,265.59
21,265.71
21,265.79
21,265.81
21,265.89
21,267.21
21,267.22
21,268.11
21,268.19
21,268.21
21,268.29
21,268.3
21,268.51
21,268.59
21,268.62
21,268.63
21,268.69
21,269.01
21,269.02
21,272.1
21,272.2
21,272.31
21,272.32
21,272.4
21,273.11
21,273.12
21,273.13
21,273.22
21,273.23
21,273.31
21,273.39
21,273.4
21,274.11
21,274.19
21,274.2
21,277.11
21,277.21
21,277.22
21,277.29
21,278.22
21,278.23
21,278.24
21,278.25
21,278.26
21,278.27
21,278.29
21,278.3
21,278.4
21,278.51
21,278.52
21,278.53
21,278.54
21,278.55
21,278.61
21,278.62
21,278.69
21,278.91
21,278.92
21,278.93
21,278.94
21,278.95
21,278.96
21,278.97
21,278.98
21,278.99
21,281.4
21,281.5
21,281.6
21,282.1
21,282.21
21,282.29
21,282.31
21,282.32
21,282.33
21,282.39
21,283.1
21,284.1
21,285.1
21,286.1
21,286.2
21,287.4
21,287.5
21,287.6
21,287.7
21,287.81
21,287.82
21,287.83
21,287.84
21,287.85
21,287.91
21,287.92
21,287.93
21,287.99
21,288.1
21,288.21
21,288.22
21,288.23
21,288.24
21,288.25
21,288.26
21,289.11
21,289.19
21,289.21
21,289.29
21,291.11
21,291.15
21,291.16
21,291.91
21,291.92
21,291.93
21,291.94
21,291.95
21,291.96
21,291.97
21,291.98
21,291.99
21,292.21
21,292.22
21,292.29
21,292.31
21,292.32
21,292.39
21,292.41
21,292.42
21,292.49
21,292.51
21,292.52
21,292.53
21,292.54
21,292.59
21,292.61
21,292.69
21,292.72
21,292.92
21,292.93
21,292.94
21,292.95
21,292.97
21,292.99
21,431.33
21,525.17
21,579.1
21,579.2
21,579.3
21,579.9
21,634.91
21,664.11
21,667.11
21,667.12
21,667.21
21,667.22
21,667.31
21,689.14
21,793.3
21,971.03
22,81.31
22,81.32
22,81.33
22,81.34
22,81.35
22,81.36
22,81.37
22,81.38
22,81.39
22,81.41
22,81.42
22,81.99
22,232.11
22,232.12
22,232.13
22,232.14
22,232.15
22,232.16
22,232.17
22,232.18
22,232.19
22,248.11
22,248.19
22,248.2
22,248.3
22,248.4
22,248.5
22,251.2
22,251.3
22,251.41
22,251.42
22,251.51
22,251.52
22,251.61
22,251.62
22,251.91
22,251.92
22,261.3
22,263.4
22,265.12
22,266.51
22,266.52
22,266.53
22,266.59
22,266.61
22,266.62
22,266.63
22,266.69
22,266.71
22,266.72
22,266.73
22,266.79
22,267.11
22,267.12
22,267.13
22,268.71
22,268.73
22,268.77
22,273.24
22,277.19
22,283.21
22,283.22
22,284.21
22,284.22
22,285.2
22,292.96
22,335.11
22,335.12
22,335.21
22,335.22
22,335.23
22,335.24
22,335.25
22,335.31
22,335.32
22,335.41
22,335.42
22,335.43
22,411.11
22,411.2
22,411.32
22,411.33
22,411.34
22,411.35
22,411.39
22,422.11
22,422.19
22,422.5
22,422.91
22,422.99
22,431.1
22,431.31
22,431.41
22,431.42
22,511.11
22,511.12
22,511.13
22,511.14
22,511.19
22,511.21
22,511.22
22,511.23
22,511.24
22,511.25
22,511.26
22,511.27
22,511.29
22,511.31
22,511.32
22,511.33
22,511.34
22,511.35
22,511.36
22,511.37
22,511.38
22,511.39
22,511.4
22,512.11
22,512.12
22,512.13
22,512.14
22,512.15
22,512.16
22,512.17
22,512.19
22,512.21
22,512.22
22,512.23
22,512.24
22,512.25
22,512.29
22,512.31
22,512.35
22,512.41
22,512.42
22,512.43
22,512.44
22,513.71
22,513.72
22,513.73
22,513.74
22,513.75
22,513.76
22,513.77
22,513.78
22,513.79
22,513.81
22,513.82
22,513.83
22,513.84
22,513.85
22,513.89
22,513.91
22,513.92
22,513.93
22,513.94
22,513.95
22,513.96
22,514.51
22,514.52
22,514.53
22,514.54
22,514.55
22,514.61
22,514.62
22,514.63
22,514.64
22,514.65
22,514.67
22,514.71
22,514.73
22,514.79
22,514.81
22,514.82
22,514.83
22,514.84
22,514.85
22,514.86
22,514.89
22,515.41
22,515.42
22,515.43
22,515.44
22,515.49
22,515.5
22,515.61
22,515.62
22,515.63
22,515.69
22,515.71
22,515.72
22,515.73
22,515.74
22,515.75
22,515.76
22,515.77
22,515.78
22,515.79
22,515.8
22,516.12
22,516.13
22,516.14
22,516.15
22,516.16
22,516.17
22,516.21
22,516.22
22,516.23
22,516.24
22,516.25
22,516.26
22,516.27
22,516.28
22,516.29
22,516.31
22,516.39
22,516.91
22,516.92
22,516.99
22,522.1
22,522.21
22,522.22
22,522.23
22,522.24
22,522.25
22,522.26
22,522.27
22,522.28
22,522.29
22,522.31
22,522.32
22,522.33
22,522.34
22,522.35
22,522.36
22,522.37
22,522.38
22,522.39
22,522.41
22,522.42
22,522.51
22,522.52
22,522.53
22,522.54
22,522.55
22,522.56
22,522.57
22,522.61
22,522.62
22,522.63
22,522.64
22,522.65
22,522.66
22,522.67
22,522.68
22,522.69
22,523.1
22,523.21
22,523.22
22,523.29
22,523.31
22,523.32
22,523.39
22,523.41
22,523.42
22,523.43
22,523.44
22,523.45
22,523.49
22,523.51
22,523.52
22,523.59
22,523.61
22,523.62
22,523.63
22,523.64
22,523.65
22,523.71
22,523.72
22,523.73
22,523.74
22,523.75
22,523.79
22,523.81
22,523.82
22,523.83
22,523.84
22,523.89
22,524.31
22,524.32
22,524.91
22,524.92
22,524.93
22,524.94
22,524.95
22,524.99
22,525.11
22,525.13
22,525.15
22,525.19
22,525.91
22,525.95
22,531.11
22,531.12
22,531.13
22,531.14
22,531.15
22,531.16
22,531.17
22,531.19
22,531.21
22,531.22
22,532.21
22,532.22
22,532.31
22,532.32
22,533.11
22,533.12
22,533.13
22,533.14
22,533.15
22,533.16
22,533.17
22,533.18
22,533.21
22,533.29
22,533.41
22,533.42
22,533.43
22,533.44
22,533.51
22,533.53
22,533.54
22,533.55
22,541.11
22,541.12
22,541.13
22,541.14
22,541.15
22,541.16
22,541.17
22,541.31
22,541.32
22,541.33
22,541.39
22,541.41
22,541.42
22,541.43
22,541.44
22,541.45
22,541.46
22,541.47
22,541.49
22,541.51
22,541.52
22,541.53
22,541.59
22,541.61
22,541.62
22,541.63
22,541.64
22,541.91
22,541.92
22,541.93
22,541.99
22,542.11
22,542.12
22,542.21
22,542.22
22,542.31
22,542.91
22,551.31
22,551.32
22,551.33
22,551.35
22,551.41
22,551.49
22,554.21
22,554.23
22,562.11
22,562.12
22,562.13
22,562.14
22,562.15
22,562.16
22,562.17
22,562.19
22,562.21
22,562.22
22,562.29
22,562.31
22,562.32
22,562.39
22,562.91
22,562.92
22,562.93
22,562.94
22,562.95
22,562.96
22,562.99
22,571.11
22,571.12
22,571.2
22,571.9
22,572.11
22,572.19
22,572.91
22,572.92
22,572.99
22,573.11
22,573.12
22,573.13
22,573.91
22,573.92
22,573.93
22,573.94
22,573.99
22,574.11
22,574.19
22,574.2
22,574.31
22,574.32
22,574.33
22,574.34
22,574.39
22,575.11
22,575.12
22,575.13
22,575.19
22,575.21
22,575.29
22,575.31
22,575.39
22,575.41
22,575.42
22,575.43
22,575.44
22,575.45
22,575.51
22,575.52
22,575.53
22,575.54
22,575.59
22,575.91
22,575.92
22,575.93
22,575.94
22,575.95
22,575.96
22,575.97
22,581.1
22,581.2
22,581.3
22,581.4
22,581.5
22,581.6
22,581.7
22,582.11
22,582.19
22,582.21
22,582.22
22,582.23
22,582.24
22,582.25
22,582.26
22,582.27
22,582.28
22,582.29
22,582.91
22,582.99
22,583.1
22,583.2
22,583.9
22,592.11
22,592.12
22,592.13
22,592.14
22,592.15
22,592.16
22,592.21
22,592.22
22,592.23
22,592.24
22,592.25
22,592.26
22,592.27
22,592.29
22,593.11
22,593.12
22,593.2
22,593.31
22,593.33
22,597.21
22,597.25
22,597.29
22,597.31
22,597.33
22,598.11
22,598.12
22,598.13
22,598.14
22,598.18
22,598.31
22,598.35
22,598.39
22,598.41
22,598.45
22,598.5
22,598.61
22,598.63
22,598.64
22,598.65
22,598.67
22,598.69
22,598.81
22,598.83
22,598.85
22,598.89
22,598.91
22,598.93
22,598.94
22,598.95
22,598.96
22,598.97
22,598.98
22,598.99
22,611.2
22,611.3
22,611.41
22,611.42
22,611.51
22,611.52
22,611.61
22,611.62
22,611.71
22,611.72
22,611.79
22,611.81
22,611.83
22,613.11
22,613.12
22,613.13
22,613.19
22,613.2
22,613.3
22,621.11
22,621.12
22,621.19
22,621.21
22,621.29
22,621.31
22,621.32
22,621.33
22,621.41
22,621.42
22,621.43
22,621.44
22,621.45
22,629.19
22,629.91
22,633.11
22,633.19
22,633.21
22,633.29
22,634.11
22,634.12
22,634.21
22,634.22
22,634.23
22,634.31
22,634.39
22,634.41
22,634.49
22,634.51
22,634.52
22,634.53
22,634.59
22,634.93
22,635.11
22,635.12
22,635.2
22,635.31
22,635.32
22,635.33
22,635.39
22,635.91
22,635.99
22,641.1
22,641.21
22,641.22
22,641.23
22,641.24
22,641.25
22,641.26
22,641.27
22,641.29
22,641.31
22,641.32
22,641.33
22,641.34
22,641.41
22,641.42
22,641.46
22,641.47
22,641.48
22,641.51
22,641.52
22,641.53
22,641.54
22,641.55
22,641.56
22,641.57
22,641.58
22,641.59
22,641.61
22,641.62
22,641.63
22,641.64
22,641.69
22,641.71
22,641.72
22,641.73
22,641.74
22,641.75
22,641.76
22,641.77
22,641.78
22,641.79
22,641.91
22,641.92
22,641.93
22,641.94
22,642.11
22,642.12
22,642.13
22,642.14
22,642.15
22,642.16
22,642.31
22,642.33
22,642.34
22,642.39
22,642.41
22,642.42
22,642.44
22,642.45
22,642.48
22,642.91
22,642.92
22,642.99
22,651.12
22,651.13
22,651.14
22,651.15
22,651.17
22,651.18
22,651.21
22,651.33
22,651.34
22,651.41
22,651.42
22,651.43
22,651.44
22,651.51
22,651.52
22,651.59
22,651.62
22,651.63
22,651.64
22,651.69
22,651.72
22,651.73
22,651.74
22,651.75
22,651.76
22,651.77
22,651.82
22,651.84
22,651.86
22,651.87
22,651.88
22,651.91
22,651.92
22,651.93
22,651.95
22,651.96
22,651.97
22,651.99
22,652.11
22,652.12
22,652.13
22,652.14
22,652.15
22,652.21
22,652.22
22,652.23
22,652.24
22,652.25
22,652.26
22,652.31
22,652.32
22,652.33
22,652.34
22,652.41
22,652.42
22,652.43
22,652.44
22,652.45
22,652.51
22,652.52
22,652.53
22,652.54
22,652.61
22,652.62
22,652.63
22,652.64
22,652.65
22,652.91
22,652.92
22,652.93
22,652.94
22,652.95
22,652.96
22,652.97
22,652.98
22,653.11
22,653.12
22,653.13
22,653.14
22,653.15
22,653.16
22,653.17
22,653.18
22,653.19
22,653.21
22,653.25
22,653.29
22,653.31
22,653.32
22,653.33
22,653.34
22,653.41
22,653.42
22,653.43
22,653.51
22,653.52
22,653.59
22,653.6
22,653.81
22,653.82
22,653.83
22,653.89
22,653.91
22,653.93
22,654.11
22,654.13
22,654.19
22,654.21
22,654.22
22,654.31
22,654.32
22,654.33
22,654.34
22,654.35
22,654.41
22,654.42
22,654.5
22,654.6
22,654.91
22,654.92
22,654.93
22,654.94
22,654.95
22,654.96
22,654.97
22,655.11
22,655.12
22,655.19
22,655.21
22,655.22
22,655.23
22,655.29
22,656.11
22,656.12
22,656.13
22,656.14
22,656.21
22,656.29
22,656.31
22,656.32
22,656.41
22,656.42
22,656.43
22,656.51
22,656.59
22,657.11
22,657.12
22,657.19
22,657.2
22,657.31
22,657.32
22,657.33
22,657.34
22,657.35
22,657.4
22,657.51
22,657.52
22,657.59
22,657.61
22,657.62
22,657.71
22,657.72
22,657.81
22,657.85
22,657.89
22,657.93
22,658.11
22,658.12
22,658.13
22,658.19
22,658.21
22,661.11
22,661.12
22,661.13
22,661.21
22,661.22
22,661.23
22,661.29
22,661.31
22,661.32
22,661.33
22,661.34
22,661.35
22,661.36
22,661.39
22,661.81
22,661.82
22,661.83
22,662.31
22,662.32
22,662.33
22,662.41
22,662.42
22,662.43
22,662.44
22,662.45
22,663.11
22,663.12
22,663.21
22,663.22
22,663.29
22,663.31
22,663.32
22,663.33
22,663.34
22,663.35
22,663.36
22,663.37
22,663.38
22,663.39
22,663.51
22,663.52
22,663.53
22,663.7
22,663.81
22,663.82
22,663.91
22,663.99
22,664.12
22,664.31
22,664.39
22,664.41
22,664.42
22,664.51
22,664.52
22,664.53
22,664.71
22,664.72
22,664.81
22,664.89
22,664.91
22,664.92
22,664.93
22,664.94
22,664.95
22,664.96
22,665.11
22,665.12
22,665.91
22,665.92
22,665.93
22,665.94
22,665.95
22,665.99
22,667.13
22,667.29
22,667.39
22,667.41
22,667.42
22,667.49
22,671.21
22,671.22
22,671.23
22,671.31
22,671.32
22,671.33
22,671.41
22,671.49
22,671.51
22,671.52
22,671.53
22,671.54
22,671.55
22,671.59
22,672.41
22,672.45
22,672.47
22,672.49
22,672.61
22,672.62
22,672.69
22,672.7
22,672.81
22,672.82
22,673.11
22,673.12
22,673.13
22,673.14
22,673.15
22,673.16
22,673.17
22,673.19
22,673.21
22,673.22
22,673.23
22,673.24
22,673.25
22,673.26
22,673.27
22,673.29
22,673.31
22,673.32
22,673.33
22,673.34
22,673.35
22,673.36
22,673.37
22,673.38
22,673.39
22,673.41
22,673.42
22,673.43
22,673.44
22,673.45
22,673.46
22,673.47
22,673.48
22,673.49
22,673.51
22,673.52
22,673.53
22,674.11
22,674.12
22,674.13
22,674.14
22,674.21
22,674.22
22,674.31
22,674.32
22,674.41
22,674.42
22,674.43
22,674.44
22,674.51
22,674.52
22,675.11
22,675.12
22,675.21
22,675.22
22,675.31
22,675.32
22,675.33
22,675.34
22,675.35
22,675.36
22,675.37
22,675.38
22,675.41
22,675.42
22,675.43
22,675.51
22,675.52
22,675.53
22,675.54
22,675.55
22,675.56
22,675.61
22,675.62
22,675.71
22,675.72
22,675.73
22,675.74
22,676.11
22,676.12
22,676.13
22,676.14
22,676.15
22,676.17
22,676.19
22,676.21
22,676.22
22,676.23
22,676.24
22,676.25
22,676.29
22,676.31
22,676.32
22,676.33
22,676.34
22,676.39
22,676.41
22,676.42
22,676.43
22,676.44
22,676.45
22,676.46
22,676.47
22,676.48
22,676.81
22,676.82
22,676.83
22,676.84
22,676.85
22,676.86
22,676.87
22,676.88
22,677.01
22,677.09
22,678.11
22,678.12
22,678.13
22,678.21
22,678.29
22,679.11
22,679.12
22,679.13
22,679.14
22,679.15
22,679.16
22,679.17
22,679.31
22,679.32
22,679.33
22,679.39
22,679.41
22,679.42
22,679.43
22,679.44
22,679.49
22,679.51
22,679.52
22,679.53
22,679.54
22,679.55
22,679.56
22,679.59
22,681.12
22,681.13
22,681.14
22,681.22
22,681.23
22,681.24
22,681.25
22,682.11
22,682.12
22,682.13
22,682.14
22,682.31
22,682.32
22,682.41
22,682.42
22,682.51
22,682.52
22,682.61
22,682.62
22,682.71
22,682.72
22,683.11
22,683.12
22,683.21
22,683.22
22,683.23
22,683.24
22,684.11
22,684.12
22,684.21
22,684.22
22,684.23
22,684.24
22,684.25
22,684.26
22,684.27
22,685.11
22,685.12
22,685.21
22,685.22
22,685.24
22,686.11
22,686.12
22,686.31
22,686.32
22,686.33
22,686.34
22,687.11
22,687.12
22,687.21
22,687.22
22,687.23
22,687.24
22,689.11
22,689.12
22,689.13
22,689.15
22,689.81
22,689.82
22,689.83
22,689.84
22,689.91
22,689.92
22,689.93
22,689.94
22,689.95
22,689.96
22,689.97
22,689.98
22,689.99
22,691.11
22,691.12
22,691.13
22,691.14
22,691.19
22,691.21
22,691.29
22,693.11
22,693.12
22,693.13
22,693.2
22,693.51
22,693.52
22,694.1
22,694.21
22,694.22
22,694.31
22,694.32
22,694.33
22,694.4
22,697.33
22,697.51
22,697.52
22,697.53
22,699.11
22,699.13
22,699.14
22,699.16
22,699.17
22,699.19
22,699.21
22,699.22
22,699.33
22,699.41
22,699.42
22,699.51
22,699.52
22,699.53
22,699.54
22,699.55
22,699.62
22,699.63
22,699.65
22,699.67
22,699.69
22,699.71
22,699.73
22,699.75
22,699.76
22,699.77
22,699.78
22,699.79
22,699.81
22,699.83
22,699.85
22,699.87
22,699.91
22,699.92
22,699.93
22,699.94
22,699.95
22,699.99
22,748.31
22,748.32
22,748.39
22,773.11
22,773.12
22,773.14
22,773.15
22,773.17
22,773.18
22,773.26
22,773.28
22,773.29
22,775.49
22,775.79
22,775.81
22,775.88
22,775.89
22,778.17
22,778.19
22,778.29
22,778.35
22,811
22,812.21
22,812.29
22,813.11
22,813.12
22,813.15
22,813.17
22,813.2
22,813.8
22,813.91
22,813.92
22,813.99
22,821.19
22,848.48
22,881.14
22,881.15
22,882.1
22,882.2
22,882.3
22,882.4
22,882.5
22,882.6
22,883.1
22,883.9
22,884.15
22,884.17
22,884.19
22,884.21
22,884.22
22,884.31
22,884.32
22,884.33
22,884.39
22,885.51
22,885.52
22,885.91
22,885.96
22,885.97
22,885.98
22,885.99
22,891.22
22,891.23
22,891.93
22,891.95
22,892.81
22,892.82
22,892.83
22,892.86
22,892.89
22,893.11
22,893.19
22,893.31
22,893.94
22,893.95
22,894.23
22,895.12
22,895.22
22,895.91
22,895.93
22,895.94
22,896.11
22,898.9
22,899.21
22,899.29
22,899.35
22,899.36
22,899.39
22,899.49
22,899.72
22,899.81
22,899.83
22,899.84
22,899.85
22,899.86
22,899.91
22,899.92
22,899.94
22,971.01
22,971.02
31,245.01
31,321.1
31,321.21
31,321.22
31,322.21
31,322.3
31,333
31,343.2
31,344.9
321,334.11
322,245.02
322,322.1
322,322.22
322,325
322,334.12
322,334.19
322,334.21
322,334.29
322,334.3
322,334.4
322,334.5
322,342.1
322,342.5
322,343.1
322,344.1
322,344.2
322,345
322,351
322,597.71
322,597.72
322,597.73
322,597.74
41,1.11
41,1.31
41,692.11
41,692.12
41,692.41
41,692.42
41,692.43
41,692.44
41,695.1
41,695.21
41,695.22
41,695.23
41,695.3
41,695.41
41,695.42
41,695.43
41,695.44
41,695.46
41,695.47
41,695.48
41,695.49
41,695.7
41,699.12
41,711.11
41,711.12
41,711.21
41,711.22
41,712.11
41,712.19
41,713.81
41,713.82
41,716.1
41,716.2
41,716.31
41,716.32
41,716.4
41,716.51
41,716.52
41,718.11
41,718.71
41,718.77
41,718.91
41,718.92
41,718.93
41,721.11
41,721.12
41,721.13
41,721.18
41,721.22
41,721.23
41,721.26
41,721.27
41,721.31
41,721.38
41,721.91
41,721.95
41,721.96
41,722.3
41,722.41
41,722.49
41,723.11
41,723.12
41,723.21
41,723.22
41,723.29
41,723.31
41,723.33
41,723.35
41,723.37
41,723.39
41,723.41
41,723.42
41,723.43
41,723.44
41,723.45
41,723.46
41,723.47
41,723.48
41,724.35
41,724.41
41,724.42
41,724.43
41,724.51
41,724.52
41,724.53
41,724.54
41,724.55
41,724.71
41,724.72
41,724.73
41,724.74
41,724.81
41,724.83
41,724.85
41,725.11
41,725.12
41,725.21
41,725.23
41,725.25
41,725.27
41,725.29
41,726.31
41,726.51
41,726.55
41,726.59
41,726.61
41,726.63
41,726.65
41,726.67
41,726.68
41,726.81
41,727.11
41,727.21
41,727.22
41,728.11
41,728.12
41,728.31
41,728.32
41,728.33
41,728.34
41,728.41
41,728.42
41,728.43
41,728.44
41,728.46
41,728.47
41,728.49
41,731.11
41,731.12
41,731.13
41,731.14
41,731.21
41,731.22
41,731.23
41,731.31
41,731.35
41,731.37
41,731.39
41,731.41
41,731.42
41,731.43
41,731.44
41,731.45
41,731.46
41,731.51
41,731.52
41,731.53
41,731.54
41,731.57
41,731.61
41,731.62
41,731.63
41,731.64
41,731.65
41,731.66
41,731.67
41,731.69
41,731.71
41,731.73
41,731.75
41,731.77
41,731.78
41,731.79
41,733.11
41,733.12
41,733.13
41,733.14
41,733.15
41,733.16
41,733.17
41,733.18
41,733.91
41,733.93
41,733.95
41,733.99
41,737.11
41,737.12
41,737.21
41,737.31
41,737.32
41,737.33
41,737.34
41,737.35
41,737.36
41,737.37
41,737.41
41,737.42
41,737.43
41,741.21
41,741.23
41,741.25
41,741.31
41,741.32
41,741.33
41,741.34
41,741.36
41,741.37
41,741.38
41,741.43
41,741.45
41,741.55
41,741.71
41,741.73
41,741.74
41,741.75
41,741.81
41,741.82
41,741.83
41,741.84
41,741.85
41,741.86
41,741.87
41,741.89
41,742.11
41,742.19
41,742.2
41,742.3
41,742.4
41,742.5
41,742.6
41,742.71
41,742.75
41,743.11
41,743.13
41,743.15
41,743.17
41,743.19
41,743.43
41,743.51
41,743.55
41,743.59
41,743.61
41,743.62
41,743.63
41,743.64
41,743.67
41,743.69
41,744.11
41,744.12
41,744.13
41,744.14
41,744.15
41,744.21
41,744.23
41,744.25
41,744.31
41,744.32
41,744.33
41,744.34
41,744.35
41,744.37
41,744.39
41,744.41
41,744.43
41,744.49
41,744.71
41,744.72
41,744.73
41,744.74
41,744.79
41,744.81
41,744.85
41,744.89
41,745.11
41,745.12
41,745.21
41,745.23
41,745.27
41,745.31
41,745.61
41,745.62
41,745.63
41,745.64
41,745.65
41,745.91
41,745.95
41,749.11
41,749.12
41,749.13
41,749.14
41,749.15
41,749.16
41,749.17
41,749.18
41,749.19
41,751.13
41,751.15
41,751.16
41,751.18
41,751.19
41,751.22
41,751.23
41,751.24
41,751.28
41,751.31
41,751.32
41,751.33
41,751.34
41,751.35
41,751.91
41,751.92
41,751.93
41,751.99
41,752.1
41,752.2
41,752.3
41,752.6
41,752.7
41,752.9
41,761.2
41,762.81
41,762.82
41,762.89
41,763.31
41,763.81
41,763.82
41,763.84
41,764.11
41,764.13
41,764.15
41,764.17
41,764.19
41,764.21
41,764.22
41,764.23
41,764.24
41,764.25
41,764.26
41,764.31
41,764.32
41,764.81
41,764.82
41,764.83
41,771.11
41,771.19
41,771.21
41,771.23
41,771.25
41,774.11
41,774.12
41,774.13
41,774.21
41,774.22
41,778.41
41,778.43
41,778.45
41,778.61
41,778.62
41,778.63
41,778.64
41,778.65
41,778.66
41,778.67
41,778.68
41,778.71
41,778.78
41,778.81
41,778.82
41,778.84
41,791.91
41,793.51
41,793.55
41,793.59
41,793.99
41,812.11
41,812.15
41,812.17
41,821.14
41,821.18
41,821.31
41,821.39
41,821.51
41,871.15
41,871.31
41,871.41
41,871.43
41,871.45
41,871.91
41,871.92
41,871.93
41,872.11
41,872.19
41,872.21
41,872.25
41,872.29
41,872.31
41,872.33
41,872.35
41,872.4
41,873.11
41,873.13
41,873.15
41,873.21
41,873.25
41,874.11
41,874.13
41,874.22
41,874.23
41,874.25
41,874.31
41,874.35
41,874.37
41,874.41
41,874.42
41,874.43
41,874.44
41,874.45
41,874.46
41,874.49
41,874.51
41,874.52
41,874.53
41,874.55
41,874.61
41,874.63
41,874.65
41,874.71
41,874.73
41,874.75
41,874.77
41,874.78
41,881.21
41,881.22
41,881.31
41,881.33
41,881.35
41,885.94
41,885.95
41,894.35
41,894.39
41,894.6
41,895.11
41,897.41
41,897.49
41,899.88
42,612.1
42,629.21
42,629.29
42,657.73
42,657.91
42,657.92
42,695.51
42,695.52
42,695.53
42,695.54
42,695.55
42,695.59
42,695.61
42,695.62
42,695.63
42,695.64
42,711.91
42,711.92
42,712.8
42,716.9
42,718.19
42,718.78
42,718.99
42,721.19
42,721.29
42,721.39
42,721.98
42,721.99
42,723.91
42,723.92
42,723.93
42,723.99
42,724.39
42,724.49
42,724.61
42,724.67
42,724.68
42,724.88
42,724.91
42,724.92
42,725.91
42,725.99
42,726.35
42,726.89
42,726.91
42,726.99
42,727.19
42,727.29
42,728.19
42,728.39
42,728.51
42,728.52
42,728.53
42,728.55
42,735.11
42,735.13
42,735.15
42,735.91
42,735.95
42,737.19
42,737.29
42,737.39
42,737.49
42,741.28
42,741.35
42,741.39
42,741.49
42,741.59
42,741.72
42,741.9
42,742.91
42,742.95
42,743.8
42,743.91
42,743.95
42,744.19
42,744.91
42,744.92
42,744.93
42,744.94
42,745.19
42,745.29
42,745.39
42,745.68
42,745.93
42,745.97
42,746.1
42,746.2
42,746.3
42,746.4
42,746.5
42,746.8
42,746.91
42,746.99
42,747.1
42,747.2
42,747.3
42,747.4
42,747.8
42,747.9
42,748.1
42,748.21
42,748.22
42,748.4
42,748.5
42,748.6
42,748.9
42,749.2
42,749.91
42,749.99
42,759.1
42,759.91
42,759.93
42,759.95
42,759.97
42,764.91
42,764.92
42,764.93
42,764.99
42,771.29
42,772.2
42,772.31
42,772.32
42,772.33
42,772.35
42,772.38
42,772.41
42,772.42
42,772.43
42,772.44
42,772.45
42,772.49
42,772.51
42,772.52
42,772.53
42,772.54
42,772.55
42,772.57
42,772.58
42,772.59
42,772.61
42,772.62
42,772.81
42,772.82
42,773.22
42,773.23
42,773.24
42,774.23
42,774.29
42,776.11
42,776.12
42,776.21
42,776.23
42,776.25
42,776.27
42,776.29
42,776.31
42,776.32
42,776.33
42,776.35
42,776.37
42,776.39
42,776.41
42,776.43
42,776.45
42,776.49
42,776.81
42,776.88
42,776.89
42,778.22
42,778.24
42,778.48
42,778.69
42,778.79
42,778.83
42,778.85
42,778.86
42,778.89
42,812.19
42,871.19
42,871.39
42,871.49
42,871.99
42,873.19
42,873.29
42,874.12
42,874.14
42,874.24
42,874.26
42,874.39
42,874.54
42,874.56
42,874.69
42,874.79
42,874.9
42,881.12
42,881.13
42,881.23
42,881.24
42,881.34
42,881.36
42,891.21
51,781.2
521,782.11
521,782.19
521,782.21
521,782.23
521,782.25
521,782.27
521,782.29
521,783.11
521,783.19
521,783.2
521,786.21
521,786.22
521,786.29
521,786.3
521,786.83
521,786.85
521,791.11
521,791.15
521,791.21
521,791.29
521,791.6
521,791.7
521,791.81
521,791.82
521,792.11
521,792.15
521,792.3
521,792.4
521,792.5
521,792.82
521,793.22
521,793.24
521,793.26
521,793.27
521,793.28
521,793.7
522,713.31
522,781.1
522,785.11
522,785.13
522,785.15
522,785.16
522,785.17
522,785.19
522,785.2
522,785.31
522,786.1
522,792.2
522,792.81
522,793.11
522,793.12
522,793.19
522,793.91
53,625.1
53,625.2
53,625.3
53,625.41
53,625.42
53,625.51
53,625.59
53,625.91
53,625.92
53,625.93
53,625.94
53,699.15
53,699.61
53,713.11
53,713.19
53,713.21
53,713.22
53,713.23
53,713.32
53,713.33
53,713.91
53,713.92
53,714.41
53,714.49
53,714.81
53,714.89
53,714.91
53,714.99
53,762.11
53,762.12
53,773.13
53,778.12
53,778.23
53,778.31
53,778.33
53,778.34
53,784.1
53,784.21
53,784.25
53,784.31
53,784.32
53,784.33
53,784.34
53,784.35
53,784.36
53,784.39
53,785.35
53,785.36
53,785.37
53,786.89
53,791.99
53,792.91
53,792.93
53,792.95
53,792.97
53,821.11
53,821.12
53,885.71
61,659.11
61,659.12
61,659.21
61,659.29
61,659.3
61,659.41
61,659.42
61,659.43
61,659.49
61,659.51
61,659.52
61,659.59
61,659.61
61,659.69
61,697.31
61,697.32
61,697.34
61,697.81
61,721.21
61,724.33
61,741.51
61,743.41
61,743.45
61,761.1
61,762.21
61,762.22
61,763.33
61,763.35
61,763.83
61,775.11
61,775.12
61,775.21
61,775.22
61,775.3
61,775.41
61,775.42
61,775.71
61,775.72
61,775.73
61,775.82
61,775.83
61,775.84
61,775.86
61,775.87
61,821.15
61,821.16
61,821.17
61,821.53
61,821.55
61,821.59
61,821.71
61,821.79
61,821.8
61,871.11
61,881.11
61,881.32
61,885.31
61,885.32
61,885.39
61,885.41
61,885.42
61,885.49
61,885.72
61,885.73
61,885.74
61,885.75
61,885.76
61,885.77
61,885.78
61,885.79
61,891.31
61,891.39
61,894.1
61,896.2
61,896.3
61,896.4
61,896.5
61,896.6
61,897.31
61,897.32
61,897.33
61,898.13
61,898.15
61,898.21
61,898.22
61,898.23
61,898.24
61,898.25
61,898.26
61,898.29
61,899.61
61,899.63
61,899.65
61,899.66
61,899.67
61,899.69
62,612.2
62,612.9
62,635.41
62,635.42
62,635.49
62,658.22
62,658.23
62,658.24
62,658.29
62,658.31
62,658.32
62,658.33
62,658.39
62,658.41
62,658.42
62,658.43
62,658.44
62,658.45
62,658.46
62,658.47
62,658.48
62,658.51
62,658.52
62,658.59
62,658.91
62,658.92
62,658.93
62,658.99
62,665.21
62,665.22
62,665.23
62,665.29
62,666.11
62,666.12
62,666.13
62,666.21
62,666.29
62,695.45
62,696.4
62,696.51
62,696.55
62,696.59
62,696.61
62,696.62
62,696.63
62,696.69
62,696.8
62,697.41
62,697.42
62,697.43
62,697.44
62,697.82
62,745.32
62,751.21
62,775.85
62,813.13
62,821.13
62,821.21
62,821.23
62,821.25
62,821.27
62,821.29
62,831.11
62,831.12
62,831.19
62,831.21
62,831.22
62,831.29
62,831.3
62,831.91
62,831.99
62,841.11
62,841.12
62,841.19
62,841.21
62,841.22
62,841.23
62,841.3
62,841.4
62,841.51
62,841.59
62,842.11
62,842.19
62,842.21
62,842.22
62,842.3
62,842.4
62,842.5
62,842.6
62,842.7
62,843.1
62,843.21
62,843.22
62,843.23
62,843.24
62,843.71
62,843.79
62,844.1
62,844.21
62,844.22
62,844.23
62,844.24
62,844.25
62,844.26
62,844.7
62,845.11
62,845.12
62,845.21
62,845.22
62,845.23
62,845.24
62,845.3
62,845.61
62,845.62
62,845.63
62,845.64
62,845.81
62,845.87
62,845.89
62,845.91
62,845.92
62,845.99
62,846.93
62,846.94
62,848.11
62,848.12
62,848.13
62,848.19
62,848.31
62,848.32
62,848.41
62,848.42
62,848.43
62,848.44
62,848.45
62,848.49
62,851.11
62,851.13
62,851.15
62,851.21
62,851.22
62,851.23
62,851.24
62,851.25
62,851.31
62,851.32
62,851.41
62,851.42
62,851.48
62,851.49
62,851.51
62,851.52
62,851.59
62,851.7
62,851.9
62,884.23
62,885.92
62,885.93
62,892.85
62,893.21
62,893.29
62,893.32
62,893.99
62,894.21
62,894.22
62,894.24
62,894.25
62,894.26
62,894.27
62,894.29
62,894.31
62,894.33
62,894.71
62,894.72
62,894.73
62,894.74
62,894.75
62,894.76
62,894.77
62,894.78
62,894.79
62,895.92
62,897.21
62,897.29
62,898.41
62,898.43
62,898.45
62,898.51
62,898.59
62,898.61
62,898.65
62,898.67
62,898.71
62,898.79
62,899.11
62,899.19
62,899.33
62,899.37
62,899.41
62,899.42
62,899.71
62,899.73
62,899.74
62,899.79
62,899.87
62,899.89
62,899.95
62,899.97
63,81.95
63,122.1
63,122.2
63,122.31
63,122.32
63,122.39
63,292.71
63,533.52
63,542.13
63,542.19
63,542.23
63,542.24
63,542.29
63,542.32
63,542.92
63,542.93
63,553.1
63,553.2
63,553.3
63,553.4
63,553.51
63,553.52
63,553.53
63,553.54
63,553.59
63,554.11
63,554.15
63,554.19
63,554.22
63,554.31
63,554.32
63,554.33
63,554.34
63,554.35
63,591.1
63,591.2
63,591.3
63,591.41
63,591.49
63,629.11
63,629.92
63,629.99
63,642.21
63,642.22
63,642.23
63,642.32
63,642.35
63,642.43
63,642.93
63,642.94
63,642.95
63,651.16
63,651.19
63,651.22
63,651.31
63,651.32
63,651.61
63,651.71
63,651.81
63,651.83
63,651.85
63,651.94
63,663.13
63,696.31
63,696.35
63,696.38
63,699.31
63,699.32
63,778.11
63,778.21
63,841.61
63,841.62
63,841.69
63,842.81
63,842.82
63,842.89
63,843.81
63,843.82
63,843.89
63,844.81
63,844.82
63,844.83
63,844.89
63,845.4
63,845.51
63,845.52
63,846.11
63,846.12
63,846.13
63,846.14
63,846.19
63,846.21
63,846.22
63,846.29
63,846.91
63,846.92
63,846.99
63,848.21
63,848.22
63,848.29
63,884.11
63,892.12
63,892.13
63,892.14
63,892.15
63,892.16
63,892.19
63,892.21
63,892.29
63,892.41
63,892.42
63,892.84
63,892.87
63,894.37
63,894.41
63,894.45
63,894.49
63,895.21
63,895.23
63,896.12
63,899.31
63,899.32
63,899.34
63,899.82
7,792.83
7,793.29
7,891.11
7,891.12
7,891.13
7,891.14
7,891.24
7,891.29
7,891.91
7,891.99
7,899.96
7,911
7,931
7,961
