SITC Rev. 4,HS 2012
1.5,101.21
1.5,101.29
1.5,101.3
1.5,101.9
1.11,102.21
1.19,102.29
1.11,102.31
1.19,102.39
1.19,102.9
1.31,103.1
1.39,103.91
1.39,103.92
1.21,104.1
1.22,104.2
1.41,105.11
1.41,105.12
1.41,105.13
1.41,105.14
1.41,105.15
1.49,105.94
1.49,105.99
1.9,106.11
1.9,106.12
1.9,106.13
1.9,106.14
1.9,106.19
1.9,106.2
1.9,106.31
1.9,106.32
1.9,106.33
1.9,106.39
1.9,106.41
1.9,106.49
1.9,106.9
11.11,201.1
11.11,201.2
11.12,201.3
11.21,202.1
11.21,202.2
11.22,202.3
12.21,203.11
12.21,203.12
12.21,203.19
12.22,203.21
12.22,203.22
12.22,203.29
12.11,204.1
12.11,204.21
12.11,204.22
12.11,204.23
12.12,204.3
12.12,204.41
12.12,204.42
12.12,204.43
12.13,204.5
12.4,205
12.51,206.1
12.52,206.21
12.52,206.22
12.52,206.29
12.53,206.3
12.54,206.41
12.54,206.49
12.55,206.8
12.56,206.9
12.31,207.11
12.32,207.12
12.34,207.13
12.35,207.14
12.31,207.24
12.32,207.25
12.34,207.26
12.35,207.27
12.31,207.41
12.32,207.42
12.33,207.43
12.34,207.44
12.35,207.45
12.31,207.51
12.32,207.52
12.33,207.53
12.34,207.54
12.35,207.55
12.34,207.6
12.91,208.1
12.99,208.3
12.99,208.4
12.99,208.5
12.99,208.6
12.99,208.9
411.31,209.1
411.31,209.9
16.11,210.11
16.12,210.12
16.19,210.19
16.81,210.2
16.89,210.91
16.89,210.92
16.89,210.93
16.89,210.99
34.11,301.11
34.11,301.19
34.11,301.91
34.11,301.92
34.11,301.93
34.11,301.94
34.11,301.95
34.11,301.99
34.12,302.11
34.12,302.13
34.12,302.14
34.12,302.19
34.13,302.21
34.13,302.22
34.13,302.23
34.13,302.24
34.13,302.29
34.14,302.31
34.14,302.32
34.14,302.33
34.14,302.34
34.14,302.35
34.14,302.36
34.14,302.39
34.15,302.41
34.18,302.42
34.15,302.43
34.17,302.44
34.18,302.45
34.18,302.46
34.18,302.47
34.16,302.51
34.18,302.52
34.18,302.53
34.18,302.54
34.18,302.55
34.18,302.56
34.18,302.59
34.18,302.71
34.18,302.72
34.18,302.73
34.18,302.74
34.18,302.79
34.18,302.81
34.18,302.82
34.18,302.83
34.18,302.84
34.18,302.85
34.18,302.89
34.19,302.9
34.21,303.11
34.21,303.12
34.21,303.13
34.21,303.14
34.21,303.19
34.28,303.23
34.28,303.24
34.28,303.25
34.28,303.26
34.28,303.29
34.22,303.31
34.22,303.32
34.22,303.33
34.22,303.34
34.22,303.39
34.23,303.41
34.23,303.42
34.23,303.43
34.23,303.44
34.23,303.45
34.23,303.46
34.23,303.49
34.24,303.51
34.24,303.53
34.26,303.54
34.28,303.55
34.28,303.56
34.28,303.57
34.25,303.63
34.28,303.64
34.28,303.65
34.27,303.66
34.28,303.67
34.28,303.68
34.28,303.69
34.28,303.81
34.28,303.82
34.28,303.83
34.28,303.84
34.28,303.89
34.29,303.9
34.51,304.31
34.51,304.32
34.51,304.33
34.51,304.39
34.51,304.41
34.51,304.42
34.51,304.43
34.51,304.44
34.51,304.45
34.51,304.46
34.51,304.49
34.51,304.51
34.51,304.52
34.51,304.53
34.51,304.54
34.51,304.55
34.51,304.59
34.4,304.61
34.4,304.62
34.4,304.63
34.4,304.69
34.4,304.71
34.4,304.72
34.4,304.73
34.4,304.74
34.4,304.75
34.4,304.79
34.4,304.81
34.4,304.82
34.4,304.83
34.4,304.84
34.4,304.85
34.4,304.86
34.4,304.87
34.4,304.89
34.55,304.91
34.55,304.92
34.55,304.93
34.55,304.94
34.55,304.95
34.55,304.99
35.5,305.1
35.4,305.2
35.12,305.31
35.12,305.32
35.12,305.39
35.3,305.41
35.3,305.42
35.3,305.43
35.3,305.44
35.3,305.49
35.11,305.51
35.13,305.59
35.29,305.61
35.21,305.62
35.22,305.63
35.29,305.64
35.29,305.69
35.13,305.71
35.29,305.72
35.29,305.79
36.19,306.11
36.19,306.12
36.19,306.14
36.19,306.15
36.11,306.16
36.11,306.17
36.19,306.19
36.2,306.21
36.2,306.22
36.2,306.24
36.2,306.25
36.2,306.26
36.2,306.27
36.2,306.29
36.31,307.11
36.31,307.19
36.35,307.21
36.39,307.29
36.35,307.31
36.39,307.39
36.33,307.41
36.37,307.49
36.33,307.51
36.37,307.59
12.93,307.6
36.35,307.71
36.39,307.79
36.35,307.81
36.39,307.89
36.35,307.91
36.39,307.99
36.35,308.11
36.39,308.19
36.35,308.21
36.39,308.29
36.39,308.3
36.39,308.9
22.11,401.1
22.12,401.2
22.13,401.4
22.13,401.5
22.21,402.1
22.22,402.21
22.22,402.29
22.23,402.91
22.24,402.99
22.31,403.1
22.32,403.9
22.41,404.1
22.49,404.9
23,405.1
23,405.2
23,405.9
24.91,406.1
24.1,406.2
24.2,406.3
24.3,406.4
24.99,406.9
25.1,407.11
25.1,407.19
25.1,407.21
25.1,407.29
25.1,407.9
25.21,408.11
25.22,408.19
25.21,408.91
25.22,408.99
61.6,409
98.92,410
291.91,501
291.92,502.1
291.92,502.9
291.93,504
291.95,505.1
291.95,505.9
291.11,506.1
291.11,506.9
291.16,507.1
291.16,507.9
291.15,508
291.98,510
291.94,511.1
291.96,511.91
291.99,511.99
292.61,601.1
292.61,601.2
292.69,602.1
292.69,602.2
292.69,602.3
292.69,602.4
292.69,602.9
292.71,603.11
292.71,603.12
292.71,603.13
292.71,603.14
292.71,603.15
292.71,603.19
292.71,603.9
292.72,604.2
292.72,604.9
54.1,701.1
54.1,701.9
54.4,702
54.51,703.1
54.52,703.2
54.52,703.9
54.53,704.1
54.53,704.2
54.53,704.9
54.54,705.11
54.54,705.19
54.54,705.21
54.54,705.29
54.55,706.1
54.55,706.9
54.56,707
54.57,708.1
54.57,708.2
54.57,708.9
54.59,709.2
54.59,709.3
54.59,709.4
54.58,709.51
54.58,709.59
54.59,709.6
54.59,709.7
54.59,709.91
54.59,709.92
54.59,709.93
54.59,709.99
54.69,710.1
54.69,710.21
54.69,710.22
54.69,710.29
54.69,710.3
54.61,710.4
54.69,710.8
54.69,710.9
54.7,711.2
54.7,711.4
54.7,711.51
54.7,711.59
54.7,711.9
56.12,712.2
56.13,712.31
56.13,712.32
56.13,712.33
56.13,712.39
56.19,712.9
54.21,713.1
54.22,713.2
54.23,713.31
54.23,713.32
54.23,713.33
54.23,713.34
54.23,713.35
54.23,713.39
54.24,713.4
54.25,713.5
54.29,713.6
54.29,713.9
54.81,714.1
54.83,714.2
54.83,714.3
54.83,714.4
54.83,714.5
54.83,714.9
57.71,801.11
57.71,801.12
57.71,801.19
57.72,801.21
57.72,801.22
57.73,801.31
57.73,801.32
57.74,802.11
57.74,802.12
57.75,802.21
57.75,802.22
57.76,802.31
57.76,802.32
57.77,802.41
57.77,802.42
57.78,802.51
57.78,802.52
57.79,802.61
57.79,802.62
57.79,802.7
57.79,802.8
57.79,802.9
57.3,803.1
57.3,803.9
57.96,804.1
57.6,804.2
57.95,804.3
57.97,804.4
57.97,804.5
57.11,805.1
57.12,805.2
57.22,805.4
57.21,805.5
57.29,805.9
57.51,806.1
57.52,806.2
57.91,807.11
57.91,807.19
57.91,807.2
57.4,808.1
57.92,808.3
57.92,808.4
57.93,809.1
57.93,809.21
57.93,809.29
57.93,809.3
57.93,809.4
57.94,810.1
57.94,810.2
57.98,810.3
57.94,810.4
57.98,810.5
57.98,810.6
57.98,810.7
57.98,810.9
58.31,811.1
58.32,811.2
58.39,811.9
58.21,812.1
58.21,812.9
57.99,813.1
57.99,813.2
57.99,813.3
57.99,813.4
57.99,813.5
58.22,814
71.11,901.11
71.12,901.12
71.2,901.21
71.2,901.22
71.32,901.9
74.11,902.1
74.12,902.2
74.13,902.3
74.14,902.4
74.31,903
75.11,904.11
75.12,904.12
75.13,904.21
75.13,904.22
75.21,905.1
75.21,905.2
75.22,906.11
75.22,906.19
75.23,906.2
75.24,907.1
75.24,907.2
75.25,908.11
75.25,908.12
75.25,908.21
75.25,908.22
75.25,908.31
75.25,908.32
75.26,909.21
75.26,909.22
75.26,909.31
75.26,909.32
75.26,909.61
75.26,909.62
75.27,910.11
75.27,910.12
75.28,910.2
75.29,910.3
75.29,910.91
75.29,910.99
41.1,1001.11
41.1,1001.19
41.2,1001.91
41.2,1001.99
45.1,1002.1
45.1,1002.9
43,1003.1
43,1003.9
45.2,1004.1
45.2,1004.9
44.1,1005.1
44.9,1005.9
42.1,1006.1
42.2,1006.2
42.31,1006.3
42.32,1006.4
45.3,1007.1
45.3,1007.9
45.92,1008.1
45.91,1008.21
45.91,1008.29
45.93,1008.3
45.99,1008.4
45.99,1008.5
45.99,1008.6
45.99,1008.9
46.1,1101
47.11,1102.2
47.19,1102.9
46.2,1103.11
47.21,1103.13
47.22,1103.19
47.23,1103.2
48.13,1104.12
48.13,1104.19
48.14,1104.22
48.14,1104.23
48.14,1104.29
48.15,1104.3
56.41,1105.1
56.42,1105.2
56.46,1106.1
56.47,1106.2
56.48,1106.3
48.2,1107.1
48.2,1107.2
592.11,1108.11
592.12,1108.12
592.13,1108.13
592.14,1108.14
592.15,1108.19
592.16,1108.2
592.17,1109
222.2,1201.1
222.2,1201.9
222.12,1202.3
222.11,1202.41
222.12,1202.42
223.1,1203
223.4,1204
222.61,1205.1
222.61,1205.9
222.4,1206
223.7,1207.1
222.3,1207.21
222.3,1207.29
223.7,1207.3
222.5,1207.4
222.62,1207.5
223.7,1207.6
223.7,1207.7
223.7,1207.91
223.7,1207.99
223.9,1208.1
223.9,1208.9
292.51,1209.1
292.52,1209.21
292.52,1209.22
292.52,1209.23
292.52,1209.24
292.52,1209.25
292.52,1209.29
292.53,1209.3
292.54,1209.91
292.59,1209.99
54.84,1210.1
54.84,1210.2
292.42,1211.2
292.49,1211.3
292.49,1211.4
292.49,1211.9
292.97,1212.21
292.97,1212.29
54.87,1212.91
54.89,1212.92
54.89,1212.93
54.89,1212.94
54.89,1212.99
81.11,1213
81.12,1214.1
81.13,1214.9
292.22,1301.2
292.29,1301.9
292.94,1302.11
292.94,1302.12
292.94,1302.13
292.94,1302.19
292.95,1302.2
292.96,1302.31
292.96,1302.32
292.96,1302.39
292.31,1401.1
292.32,1401.2
292.39,1401.9
263.2,1404.2
292.99,1404.9
411.2,1501.1
411.2,1501.2
411.2,1501.9
411.32,1502.1
411.32,1502.9
411.33,1503
411.11,1504.1
411.12,1504.2
411.13,1504.3
411.35,1505
411.39,1506
421.11,1507.1
421.19,1507.9
421.31,1508.1
421.39,1508.9
421.41,1509.1
421.42,1509.9
421.49,1510
422.21,1511.1
422.29,1511.9
421.51,1512.11
421.59,1512.19
421.21,1512.21
421.29,1512.29
422.31,1513.11
422.39,1513.19
422.41,1513.21
422.49,1513.29
421.71,1514.11
421.79,1514.19
421.71,1514.91
421.79,1514.99
422.11,1515.11
422.19,1515.19
421.61,1515.21
421.69,1515.29
422.5,1515.3
421.8,1515.5
422.9,1515.9
431.21,1516.1
431.22,1516.2
91.01,1517.1
91.09,1517.9
431.1,1518
512.22,1520
431.41,1521.1
431.42,1521.9
431.3,1522
17.2,1601
98.11,1602.1
17.3,1602.2
17.4,1602.31
17.4,1602.32
17.4,1602.39
17.5,1602.41
17.5,1602.42
17.5,1602.49
17.6,1602.5
17.9,1602.9
17.1,1603
37.11,1604.11
37.12,1604.12
37.12,1604.13
37.13,1604.14
37.14,1604.15
37.15,1604.16
37.15,1604.17
37.15,1604.19
37.16,1604.2
37.17,1604.31
37.17,1604.32
37.21,1605.1
37.21,1605.21
37.21,1605.29
37.21,1605.3
37.21,1605.4
37.22,1605.51
37.22,1605.52
37.22,1605.53
37.22,1605.54
37.22,1605.55
37.22,1605.56
37.22,1605.57
37.22,1605.58
37.22,1605.59
37.22,1605.61
37.22,1605.62
37.22,1605.63
37.22,1605.69
61.12,1701.12
61.11,1701.13
61.11,1701.14
61.21,1701.91
61.29,1701.99
61.91,1702.11
61.91,1702.19
61.92,1702.2
61.93,1702.3
61.94,1702.4
61.95,1702.5
61.96,1702.6
61.99,1702.9
61.51,1703.1
61.59,1703.9
62.21,1704.1
62.29,1704.9
72.1,1801
72.5,1802
72.31,1803.1
72.32,1803.2
72.4,1804
72.2,1805
73.1,1806.1
73.2,1806.2
73.3,1806.31
73.3,1806.32
73.9,1806.9
98.93,1901.1
48.5,1901.2
98.94,1901.9
48.3,1902.11
48.3,1902.19
98.91,1902.2
98.91,1902.3
98.91,1902.4
56.45,1903
48.11,1904.1
48.11,1904.2
48.12,1904.3
48.12,1904.9
48.41,1905.1
48.42,1905.2
48.42,1905.31
48.42,1905.32
48.41,1905.4
48.49,1905.9
56.71,2001.1
56.71,2001.9
56.72,2002.1
56.73,2002.9
56.74,2003.1
56.74,2003.9
56.61,2004.1
56.69,2004.9
98.12,2005.1
56.76,2005.2
56.79,2005.4
56.79,2005.51
56.79,2005.59
56.79,2005.6
56.79,2005.7
56.77,2005.8
56.79,2005.91
56.79,2005.99
62.1,2006
98.13,2007.1
58.1,2007.91
58.1,2007.99
58.92,2008.11
58.92,2008.19
58.93,2008.2
58.94,2008.3
58.96,2008.4
58.95,2008.5
58.95,2008.6
58.95,2008.7
58.96,2008.8
58.96,2008.91
58.96,2008.93
58.97,2008.97
58.96,2008.99
59.1,2009.11
59.1,2009.12
59.1,2009.19
59.2,2009.21
59.2,2009.29
59.3,2009.31
59.3,2009.39
59.91,2009.41
59.91,2009.49
59.92,2009.5
59.93,2009.61
59.93,2009.69
59.94,2009.71
59.94,2009.79
59.95,2009.81
59.95,2009.89
59.96,2009.9
71.31,2101.11
71.31,2101.12
74.32,2101.2
71.33,2101.3
98.6,2102.1
98.6,2102.2
98.6,2102.3
98.41,2103.1
98.42,2103.2
98.43,2103.3
98.49,2103.9
98.5,2104.1
98.14,2104.2
22.33,2105
98.99,2106.1
98.99,2106.9
111.01,2201.1
111.01,2201.9
111.02,2202.1
111.02,2202.9
112.3,2203
112.15,2204.1
112.17,2204.21
112.17,2204.29
112.11,2204.3
112.13,2205.1
112.13,2205.9
112.2,2206
512.15,2207.1
512.16,2207.2
112.42,2208.2
112.41,2208.3
112.44,2208.4
112.45,2208.5
112.49,2208.6
112.49,2208.7
112.49,2208.9
98.44,2209
81.41,2301.1
81.42,2301.2
81.24,2302.1
81.26,2302.3
81.29,2302.4
81.23,2302.5
81.51,2303.1
81.52,2303.2
81.53,2303.3
81.31,2304
81.32,2305
81.33,2306.1
81.34,2306.2
81.35,2306.3
81.36,2306.41
81.36,2306.49
81.37,2306.5
81.38,2306.6
81.39,2306.9
81.94,2307
81.19,2308
81.95,2309.1
81.99,2309.9
121.1,2401.1
121.2,2401.2
121.3,2401.3
122.1,2402.1
122.2,2402.2
122.31,2402.9
122.32,2403.11
122.32,2403.19
122.39,2403.91
122.39,2403.99
278.3,2501
274.2,2502
274.1,2503
278.22,2504.1
278.22,2504.9
273.31,2505.1
273.39,2505.9
278.51,2506.1
278.51,2506.2
278.26,2507
278.27,2508.1
278.29,2508.3
278.29,2508.4
278.29,2508.5
278.29,2508.6
278.29,2508.7
278.91,2509
272.31,2510.1
272.32,2510.2
278.92,2511.1
278.92,2511.2
278.95,2512
277.23,2513.1
277.22,2513.2
273.11,2514
273.12,2515.11
273.12,2515.12
273.12,2515.2
273.13,2516.11
273.13,2516.12
273.13,2516.2
273.13,2516.9
273.4,2517.1
273.4,2517.2
273.4,2517.3
273.4,2517.41
273.4,2517.49
278.23,2518.1
278.23,2518.2
278.23,2518.3
278.24,2519.1
278.25,2519.9
273.23,2520.1
273.24,2520.2
273.22,2521
661.11,2522.1
661.12,2522.2
661.13,2522.3
661.21,2523.1
661.22,2523.21
661.22,2523.29
661.23,2523.3
661.29,2523.9
278.4,2524.1
278.4,2524.9
278.52,2525.1
278.52,2525.2
278.52,2525.3
278.93,2526.1
278.93,2526.2
278.94,2528
278.53,2529.1
278.54,2529.21
278.54,2529.22
278.53,2529.3
278.98,2530.1
278.99,2530.2
278.99,2530.9
281.5,2601.11
281.6,2601.12
281.4,2601.2
287.7,2602
283.1,2603
284.1,2604
287.93,2605
285.1,2606
287.4,2607
287.5,2608
287.6,2609
287.91,2610
287.92,2611
286.1,2612.1
286.2,2612.2
287.81,2613.1
287.82,2613.9
287.83,2614
287.84,2615.1
287.85,2615.9
289.11,2616.1
289.19,2616.9
287.99,2617.1
287.99,2617.9
278.61,2618
278.62,2619
288.1,2620.11
288.1,2620.19
288.1,2620.21
288.1,2620.29
288.1,2620.3
288.1,2620.4
288.1,2620.6
288.1,2620.91
288.1,2620.99
278.69,2621.1
278.69,2621.9
321.1,2701.11
321.21,2701.12
321.22,2701.19
322.1,2701.2
322.21,2702.1
322.22,2702.2
322.3,2703
325,2704
345,2705
335.21,2706
335.22,2707.1
335.23,2707.2
335.24,2707.3
335.25,2707.4
335.25,2707.5
335.25,2707.91
335.25,2707.99
335.31,2708.1
335.32,2708.2
333,2709
334.6,2710.12
334.6,2710.19
334.6,2710.2
334.7,2710.91
334.7,2710.99
343.1,2711.11
342.1,2711.12
342.5,2711.13
344.1,2711.14
344.2,2711.19
343.2,2711.21
344.9,2711.29
335.11,2712.1
335.12,2712.2
335.12,2712.9
335.42,2713.11
335.42,2713.12
335.41,2713.2
335.41,2713.9
278.96,2714.1
278.97,2714.9
335.43,2715
351,2716
522.24,2801.1
522.25,2801.2
522.25,2801.3
522.26,2802
522.1,2803
522.21,2804.1
522.21,2804.21
522.21,2804.29
522.21,2804.3
522.21,2804.4
522.22,2804.5
522.23,2804.61
522.23,2804.69
522.22,2804.7
522.22,2804.8
522.22,2804.9
522.28,2805.11
522.29,2805.12
522.29,2805.19
522.29,2805.3
522.27,2805.4
522.31,2806.1
522.31,2806.2
522.32,2807
522.33,2808
522.34,2809.1
522.34,2809.2
522.35,2810
522.36,2811.11
522.36,2811.19
522.39,2811.21
522.37,2811.22
522.39,2811.29
522.41,2812.1
522.41,2812.9
522.42,2813.1
522.42,2813.9
522.61,2814.1
522.61,2814.2
522.62,2815.11
522.63,2815.12
522.64,2815.2
522.64,2815.3
522.65,2816.1
522.65,2816.4
522.51,2817
522.67,2818.1
285.2,2818.2
522.66,2818.3
522.52,2819.1
522.52,2819.9
522.53,2820.1
522.53,2820.9
522.54,2821.1
522.54,2821.2
522.55,2822
522.56,2823
522.57,2824.1
522.57,2824.9
522.68,2825.1
522.69,2825.2
522.69,2825.3
522.69,2825.4
522.69,2825.5
522.69,2825.6
522.69,2825.7
522.69,2825.8
522.69,2825.9
523.1,2826.12
523.1,2826.19
523.1,2826.3
523.1,2826.9
523.21,2827.1
523.22,2827.2
523.29,2827.31
523.29,2827.32
523.29,2827.35
523.29,2827.39
523.29,2827.41
523.29,2827.49
523.29,2827.51
523.29,2827.59
523.29,2827.6
523.31,2828.1
523.31,2828.9
523.32,2829.11
523.39,2829.19
523.39,2829.9
523.41,2830.1
523.42,2830.9
523.43,2831.1
523.43,2831.9
523.44,2832.1
523.44,2832.2
523.44,2832.3
523.45,2833.11
523.45,2833.19
523.49,2833.21
523.49,2833.22
523.49,2833.24
523.49,2833.25
523.49,2833.27
523.49,2833.29
523.49,2833.3
523.49,2833.4
523.51,2834.1
523.52,2834.21
523.59,2834.29
523.61,2835.1
523.63,2835.22
523.63,2835.24
523.63,2835.25
523.63,2835.26
523.63,2835.29
523.64,2835.31
523.65,2835.39
523.72,2836.2
523.73,2836.3
523.74,2836.4
523.79,2836.5
523.79,2836.6
523.79,2836.91
523.79,2836.92
523.79,2836.99
523.81,2837.11
523.81,2837.19
523.81,2837.2
523.83,2839.11
523.83,2839.19
523.83,2839.9
523.84,2840.11
523.84,2840.19
523.84,2840.2
523.84,2840.3
524.31,2841.3
524.31,2841.5
524.31,2841.61
524.31,2841.69
524.31,2841.7
524.31,2841.8
524.31,2841.9
523.89,2842.1
523.89,2842.9
524.32,2843.1
524.32,2843.21
524.32,2843.29
524.32,2843.3
524.32,2843.9
525.11,2844.1
525.13,2844.2
525.15,2844.3
525.19,2844.4
525.17,2844.5
525.91,2845.1
525.91,2845.9
525.95,2846.1
525.95,2846.9
524.91,2847
524.92,2848
524.93,2849.1
524.94,2849.2
524.94,2849.9
524.95,2850
524.96,2852.1
524.96,2852.9
524.99,2853
511.14,2901.1
511.11,2901.21
511.12,2901.22
511.13,2901.23
511.13,2901.24
511.19,2901.29
511.21,2902.11
511.29,2902.19
511.22,2902.2
511.23,2902.3
511.24,2902.41
511.24,2902.42
511.24,2902.43
511.24,2902.44
511.25,2902.5
511.26,2902.6
511.27,2902.7
511.29,2902.9
511.36,2903.11
511.36,2903.12
511.36,2903.13
511.36,2903.14
511.35,2903.15
511.36,2903.19
511.31,2903.21
511.32,2903.22
511.33,2903.23
511.34,2903.29
511.37,2903.31
511.37,2903.39
511.38,2903.71
511.38,2903.72
511.38,2903.73
511.38,2903.74
511.38,2903.75
511.38,2903.76
511.38,2903.77
511.38,2903.78
511.38,2903.79
511.39,2903.81
511.39,2903.82
511.39,2903.89
511.39,2903.91
511.39,2903.92
511.39,2903.99
511.4,2904.1
511.4,2904.2
511.4,2904.9
512.11,2905.11
512.12,2905.12
512.13,2905.13
512.13,2905.14
512.14,2905.16
512.19,2905.17
512.19,2905.19
512.19,2905.22
512.19,2905.29
512.21,2905.31
512.29,2905.32
512.29,2905.39
512.29,2905.41
512.23,2905.42
512.24,2905.43
512.25,2905.44
512.22,2905.45
512.29,2905.49
512.29,2905.51
512.29,2905.59
512.31,2906.11
512.31,2906.12
512.31,2906.13
512.31,2906.19
512.35,2906.21
512.35,2906.29
512.41,2907.11
512.42,2907.12
512.43,2907.13
512.43,2907.15
512.43,2907.19
512.43,2907.21
512.43,2907.22
512.43,2907.23
512.43,2907.29
512.44,2908.11
512.44,2908.19
512.44,2908.91
512.44,2908.92
512.44,2908.99
516.16,2909.11
516.16,2909.19
516.16,2909.2
516.16,2909.3
516.17,2909.41
516.17,2909.43
516.17,2909.44
516.17,2909.49
516.17,2909.5
516.17,2909.6
516.13,2910.1
516.14,2910.2
516.15,2910.3
516.15,2910.4
516.15,2910.9
516.12,2911
516.21,2912.11
516.21,2912.12
516.21,2912.19
516.22,2912.21
516.22,2912.29
516.22,2912.41
516.22,2912.42
516.22,2912.49
516.22,2912.5
516.22,2912.6
516.26,2913
516.23,2914.11
516.24,2914.12
516.25,2914.13
516.25,2914.19
516.28,2914.22
516.28,2914.23
516.28,2914.29
516.29,2914.31
516.29,2914.39
516.29,2914.4
516.29,2914.5
516.29,2914.61
516.29,2914.69
516.29,2914.7
513.74,2915.11
513.74,2915.12
513.74,2915.13
513.71,2915.21
513.77,2915.24
513.71,2915.29
513.72,2915.31
513.72,2915.32
513.72,2915.33
513.72,2915.36
513.72,2915.39
513.77,2915.4
513.77,2915.5
513.75,2915.6
513.76,2915.7
513.77,2915.9
513.79,2916.11
513.79,2916.12
513.73,2916.13
513.73,2916.14
513.78,2916.15
513.79,2916.16
513.79,2916.19
513.79,2916.2
513.79,2916.31
513.79,2916.32
513.79,2916.34
513.79,2916.39
513.89,2917.11
513.89,2917.12
513.89,2917.13
513.81,2917.14
513.89,2917.19
513.85,2917.2
513.83,2917.32
513.89,2917.33
513.89,2917.34
513.82,2917.35
513.89,2917.36
513.84,2917.37
513.89,2917.39
513.91,2918.11
513.91,2918.12
513.91,2918.13
513.91,2918.14
513.91,2918.15
513.92,2918.16
513.92,2918.18
513.92,2918.19
513.93,2918.21
513.93,2918.22
513.93,2918.23
513.94,2918.29
513.95,2918.3
513.96,2918.91
513.96,2918.99
516.31,2919.1
516.31,2919.9
516.39,2920.11
516.39,2920.19
516.39,2920.9
514.51,2921.11
514.51,2921.19
514.52,2921.21
514.52,2921.22
514.52,2921.29
514.53,2921.3
514.54,2921.41
514.54,2921.42
514.54,2921.43
514.54,2921.44
514.54,2921.45
514.54,2921.46
514.54,2921.49
514.55,2921.51
514.55,2921.59
514.61,2922.11
514.61,2922.12
514.61,2922.13
514.61,2922.14
514.61,2922.19
514.62,2922.21
514.62,2922.29
514.63,2922.31
514.63,2922.39
514.64,2922.41
514.64,2922.42
514.65,2922.43
514.65,2922.44
514.65,2922.49
514.67,2922.5
514.81,2923.1
514.81,2923.2
514.81,2923.9
514.71,2924.11
514.71,2924.12
514.71,2924.19
514.73,2924.21
514.79,2924.23
514.79,2924.24
514.79,2924.29
514.82,2925.11
514.82,2925.12
514.82,2925.19
514.82,2925.21
514.82,2925.29
514.83,2926.1
514.84,2926.2
514.84,2926.3
514.84,2926.9
514.85,2927
514.86,2928
514.89,2929.1
514.89,2929.9
515.42,2930.2
515.43,2930.3
515.44,2930.4
515.49,2930.5
515.49,2930.9
515.5,2931.1
515.5,2931.2
515.5,2931.9
515.69,2932.11
515.69,2932.12
515.69,2932.13
515.69,2932.19
515.63,2932.2
515.69,2932.91
515.69,2932.92
515.69,2932.93
515.69,2932.94
515.69,2932.95
515.69,2932.99
515.71,2933.11
515.71,2933.19
515.72,2933.21
515.73,2933.29
515.74,2933.31
515.74,2933.32
515.74,2933.33
515.74,2933.39
515.75,2933.41
515.75,2933.49
515.76,2933.52
515.76,2933.53
515.76,2933.54
515.76,2933.55
515.76,2933.59
515.76,2933.61
515.76,2933.69
515.61,2933.71
515.61,2933.72
515.61,2933.79
515.77,2933.91
515.77,2933.99
515.79,2934.1
515.79,2934.2
515.78,2934.3
515.79,2934.91
515.79,2934.99
515.8,2935
541.12,2936.21
541.13,2936.22
541.13,2936.23
541.13,2936.24
541.13,2936.25
541.13,2936.26
541.14,2936.27
541.15,2936.28
541.16,2936.29
541.17,2936.9
541.54,2937.11
541.54,2937.12
541.54,2937.19
541.53,2937.21
541.53,2937.22
541.53,2937.23
541.53,2937.29
541.56,2937.5
541.59,2937.9
541.61,2938.1
541.61,2938.9
541.41,2939.11
541.41,2939.19
541.42,2939.2
541.43,2939.3
541.44,2939.41
541.44,2939.42
541.44,2939.43
541.44,2939.44
541.44,2939.49
541.45,2939.51
541.45,2939.59
541.46,2939.61
541.46,2939.62
541.46,2939.63
541.46,2939.69
541.49,2939.91
541.49,2939.99
516.92,2940
541.31,2941.1
541.32,2941.2
541.33,2941.3
541.39,2941.4
541.39,2941.5
541.39,2941.9
516.99,2942
541.62,3001.2
541.62,3001.9
541.63,3002.1
541.63,3002.2
541.63,3002.3
541.64,3002.9
542.11,3003.1
542.12,3003.2
542.21,3003.31
542.22,3003.39
542.31,3003.4
542.91,3003.9
542.13,3004.1
542.19,3004.2
542.23,3004.31
542.24,3004.32
542.29,3004.39
542.32,3004.4
542.92,3004.5
542.93,3004.9
541.91,3005.1
541.91,3005.9
541.99,3006.1
541.92,3006.2
541.93,3006.3
541.99,3006.4
541.99,3006.5
541.99,3006.6
541.99,3006.7
541.99,3006.91
541.99,3006.92
272.1,3101
562.16,3102.1
562.13,3102.21
562.12,3102.29
562.11,3102.3
562.19,3102.4
272.2,3102.5
562.14,3102.6
562.17,3102.8
562.19,3102.9
562.22,3103.1
562.29,3103.9
562.31,3104.2
562.32,3104.3
562.39,3104.9
562.96,3105.1
562.91,3105.2
562.93,3105.3
562.94,3105.4
562.95,3105.51
562.95,3105.59
562.92,3105.6
562.99,3105.9
532.21,3201.1
532.21,3201.2
532.21,3201.9
532.31,3202.1
532.32,3202.9
532.22,3203
531.11,3204.11
531.12,3204.12
531.13,3204.13
531.14,3204.14
531.15,3204.15
531.16,3204.16
531.17,3204.17
531.19,3204.19
531.21,3204.2
531.21,3204.9
531.22,3205
533.11,3206.11
533.11,3206.19
533.12,3206.2
533.14,3206.41
533.15,3206.42
533.17,3206.49
533.18,3206.5
533.51,3207.1
533.51,3207.2
533.51,3207.3
533.51,3207.4
533.42,3208.1
533.42,3208.2
533.42,3208.9
533.41,3209.1
533.41,3209.9
533.43,3210
533.53,3211
533.44,3212.1
533.44,3212.9
533.52,3213.1
533.52,3213.9
533.54,3214.1
533.54,3214.9
533.21,3215.11
533.29,3215.19
895.91,3215.9
551.31,3301.12
551.31,3301.13
551.31,3301.19
551.32,3301.24
551.32,3301.25
551.32,3301.29
551.33,3301.3
551.35,3301.9
551.41,3302.1
551.49,3302.9
553.1,3303
553.2,3304.1
553.2,3304.2
553.2,3304.3
553.2,3304.91
553.2,3304.99
553.3,3305.1
553.3,3305.2
553.3,3305.3
553.3,3305.9
553.4,3306.1
553.4,3306.2
553.4,3306.9
553.51,3307.1
553.52,3307.2
553.53,3307.3
553.54,3307.41
553.54,3307.49
553.59,3307.9
554.11,3401.11
554.15,3401.19
554.19,3401.2
554.22,3401.3
554.21,3402.11
554.21,3402.12
554.21,3402.13
554.21,3402.19
554.22,3402.2
554.23,3402.9
597.71,3403.11
597.72,3403.19
597.73,3403.91
597.74,3403.99
598.35,3404.2
598.39,3404.9
554.31,3405.1
554.32,3405.2
554.33,3405.3
554.34,3405.4
554.35,3405.9
899.31,3406
598.95,3407
592.21,3501.1
592.22,3501.9
25.3,3502.11
25.3,3502.19
592.23,3502.2
592.23,3502.9
592.24,3503
592.25,3504
592.26,3505.1
592.27,3505.2
592.29,3506.1
592.29,3506.91
592.29,3506.99
516.91,3507.1
516.91,3507.9
593.11,3601
593.12,3602
593.2,3603
593.31,3604.1
593.33,3604.9
899.32,3605
899.34,3606.1
899.39,3606.9
882.2,3701.1
882.2,3701.2
882.2,3701.3
882.2,3701.91
882.2,3701.99
882.3,3702.1
882.3,3702.31
882.3,3702.32
882.3,3702.39
882.3,3702.41
882.3,3702.42
882.3,3702.43
882.3,3702.44
882.3,3702.52
882.3,3702.53
882.3,3702.54
882.3,3702.55
882.3,3702.56
882.3,3702.96
882.3,3702.97
882.3,3702.98
882.4,3703.1
882.4,3703.2
882.4,3703.9
882.5,3704
882.6,3705.1
882.6,3705.9
883.1,3706.1
883.9,3706.9
882.1,3707.1
882.1,3707.9
598.61,3801.1
598.61,3801.2
598.61,3801.3
598.61,3801.9
598.64,3802.1
598.65,3802.9
598.11,3803
598.12,3804
598.13,3805.1
598.13,3805.9
598.14,3806.1
598.14,3806.2
598.14,3806.3
598.14,3806.9
598.18,3807
591.9,3808.5
591.1,3808.91
591.2,3808.92
591.3,3808.93
591.4,3808.94
591.9,3808.99
598.91,3809.1
598.91,3809.91
598.91,3809.92
598.91,3809.93
598.96,3810.1
598.96,3810.9
597.21,3811.11
597.21,3811.19
597.25,3811.21
597.25,3811.29
597.29,3811.9
598.63,3812.1
598.93,3812.2
598.93,3812.3
598.94,3813
533.55,3814
598.81,3815.11
598.83,3815.12
598.85,3815.19
598.89,3815.9
662.33,3816
598.4,3817
598.5,3818
597.31,3819
597.33,3820
598.67,3821
598.69,3822
512.18,3823.11
512.18,3823.12
512.18,3823.13
512.18,3823.19
512.17,3823.7
598.99,3824.1
598.99,3824.3
598.97,3824.4
598.98,3824.5
598.99,3824.6
598.99,3824.71
598.99,3824.72
598.99,3824.73
598.99,3824.74
598.99,3824.75
598.99,3824.76
598.99,3824.77
598.99,3824.78
598.99,3824.79
598.99,3824.81
598.99,3824.82
598.99,3824.83
598.99,3824.9
599.1,3825.1
599.1,3825.2
599.2,3825.3
599.3,3825.41
599.3,3825.49
599.4,3825.5
599.9,3825.61
599.9,3825.69
599.9,3825.9
598.99,3826
571.11,3901.1
571.12,3901.2
571.2,3901.3
571.9,3901.9
575.11,3902.1
575.12,3902.2
575.13,3902.3
575.19,3902.9
572.11,3903.11
572.19,3903.19
572.91,3903.2
572.92,3903.3
572.99,3903.9
573.11,3904.1
573.12,3904.21
573.13,3904.22
573.91,3904.3
573.92,3904.4
573.93,3904.5
573.94,3904.61
573.94,3904.69
573.99,3904.9
575.91,3905.12
575.91,3905.19
575.91,3905.21
575.91,3905.29
575.92,3905.3
575.92,3905.91
575.92,3905.99
575.21,3906.1
575.29,3906.9
574.11,3907.1
574.19,3907.2
574.2,3907.3
574.31,3907.4
574.32,3907.5
574.33,3907.6
574.39,3907.7
574.34,3907.91
574.39,3907.99
575.31,3908.1
575.39,3908.9
575.41,3909.1
575.42,3909.2
575.43,3909.3
575.44,3909.4
575.45,3909.5
575.93,3910
575.96,3911.1
575.96,3911.9
575.51,3912.11
575.52,3912.12
575.53,3912.2
575.54,3912.31
575.54,3912.39
575.59,3912.9
575.94,3913.1
575.95,3913.9
575.97,3914
579.1,3915.1
579.2,3915.2
579.3,3915.3
579.9,3915.9
583.1,3916.1
583.2,3916.2
583.9,3916.9
581.1,3917.1
581.2,3917.21
581.2,3917.22
581.2,3917.23
581.2,3917.29
581.3,3917.31
581.4,3917.32
581.5,3917.33
581.6,3917.39
581.7,3917.4
893.31,3918.1
893.31,3918.9
582.11,3919.1
582.19,3919.9
582.21,3920.1
582.22,3920.2
582.23,3920.3
582.24,3920.43
582.24,3920.49
582.25,3920.51
582.25,3920.59
582.26,3920.61
582.26,3920.62
582.26,3920.63
582.26,3920.69
582.28,3920.71
582.28,3920.73
582.28,3920.79
582.29,3920.91
582.29,3920.92
582.29,3920.93
582.29,3920.94
582.29,3920.99
582.91,3921.11
582.91,3921.12
582.91,3921.13
582.91,3921.14
582.91,3921.19
582.99,3921.9
893.21,3922.1
893.21,3922.2
893.21,3922.9
893.19,3923.1
893.11,3923.21
893.11,3923.29
893.19,3923.3
893.19,3923.4
893.19,3923.5
893.19,3923.9
893.32,3924.1
893.32,3924.9
893.29,3925.1
893.29,3925.2
893.29,3925.3
893.29,3925.9
893.94,3926.1
848.21,3926.2
893.95,3926.3
893.99,3926.4
893.99,3926.9
231.1,4001.1
231.21,4001.21
231.25,4001.22
231.29,4001.29
231.3,4001.3
232.11,4002.11
232.11,4002.19
232.12,4002.2
232.13,4002.31
232.13,4002.39
232.14,4002.41
232.14,4002.49
232.15,4002.51
232.15,4002.59
232.16,4002.6
232.17,4002.7
232.18,4002.8
232.19,4002.91
232.19,4002.99
232.21,4003
232.22,4004
621.11,4005.1
621.12,4005.2
621.19,4005.91
621.19,4005.99
621.21,4006.1
621.29,4006.9
621.31,4007
621.32,4008.11
621.32,4008.19
621.33,4008.21
621.33,4008.29
621.41,4009.11
621.45,4009.12
621.42,4009.21
621.45,4009.22
621.43,4009.31
621.45,4009.32
621.44,4009.41
621.45,4009.42
629.22,4010.11
629.22,4010.12
629.22,4010.19
629.21,4010.31
629.21,4010.32
629.21,4010.33
629.21,4010.34
629.21,4010.35
629.21,4010.36
629.21,4010.39
625.1,4011.1
625.2,4011.2
625.3,4011.3
625.41,4011.4
625.42,4011.5
625.51,4011.61
625.51,4011.62
625.51,4011.63
625.51,4011.69
625.59,4011.92
625.59,4011.93
625.59,4011.94
625.59,4011.99
625.92,4012.11
625.92,4012.12
625.92,4012.13
625.92,4012.19
625.93,4012.2
625.94,4012.9
625.91,4013.1
625.91,4013.2
625.91,4013.9
629.11,4014.1
629.19,4014.9
848.22,4015.11
848.22,4015.19
848.29,4015.9
629.92,4016.1
629.99,4016.91
629.99,4016.92
629.99,4016.93
629.99,4016.94
629.99,4016.95
629.99,4016.99
629.91,4017
211.21,4101.2
211.29,4101.5
211.29,4101.9
211.6,4102.1
211.7,4102.21
211.7,4102.29
211.99,4103.2
211.99,4103.3
211.99,4103.9
611.43,4104.11
611.43,4104.19
611.44,4104.41
611.44,4104.49
611.51,4105.1
611.51,4105.3
611.61,4106.21
611.61,4106.22
611.71,4106.31
611.71,4106.32
611.72,4106.4
611.79,4106.91
611.79,4106.92
611.45,4107.11
611.45,4107.12
611.45,4107.19
611.45,4107.91
611.45,4107.92
611.45,4107.99
611.52,4112
611.62,4113.1
611.71,4113.2
611.72,4113.3
611.79,4113.9
611.81,4114.1
611.83,4114.2
611.2,4115.1
211.91,4115.2
612.2,4201
831.21,4202.11
831.22,4202.12
831.29,4202.19
831.11,4202.21
831.12,4202.22
831.19,4202.29
831.91,4202.31
831.91,4202.32
831.91,4202.39
831.99,4202.91
831.99,4202.92
831.99,4202.99
848.11,4203.1
894.77,4203.21
848.12,4203.29
848.13,4203.3
848.19,4203.4
612.9,4205
899.91,4206
212.1,4301.1
212.22,4301.3
212.25,4301.6
212.29,4301.8
212.3,4301.9
613.11,4302.11
613.19,4302.19
613.2,4302.2
613.3,4302.3
848.31,4303.1
848.31,4303.9
848.32,4304
245.01,4401.1
246.11,4401.21
246.15,4401.22
246.2,4401.31
246.2,4401.39
245.02,4402.1
245.02,4402.9
247.3,4403.1
247.4,4403.2
247.5,4403.41
247.5,4403.49
247.9,4403.91
247.9,4403.92
247.9,4403.99
634.91,4404.1
634.91,4404.2
634.93,4405
248.11,4406.1
248.19,4406.9
248.2,4407.1
248.4,4407.21
248.4,4407.22
248.4,4407.25
248.4,4407.26
248.4,4407.27
248.4,4407.28
248.4,4407.29
248.4,4407.91
248.4,4407.92
248.4,4407.93
248.4,4407.94
248.4,4407.95
248.4,4407.99
634.11,4408.1
634.12,4408.31
634.12,4408.39
634.12,4408.9
248.3,4409.1
248.5,4409.21
248.5,4409.29
634.22,4410.11
634.22,4410.12
634.22,4410.19
634.23,4410.9
634.54,4411.12
634.54,4411.13
634.54,4411.14
634.59,4411.92
634.59,4411.93
634.59,4411.94
634.32,4412.1
634.31,4412.31
634.31,4412.32
634.31,4412.39
634.33,4412.94
634.39,4412.99
634.21,4413
635.41,4414
635.11,4415.1
635.12,4415.2
635.2,4416
635.91,4417
635.31,4418.1
635.32,4418.2
635.39,4418.4
635.33,4418.5
635.39,4418.6
635.34,4418.71
635.34,4418.72
635.34,4418.79
635.39,4418.9
635.42,4419
635.49,4420.1
635.49,4420.9
635.99,4421.1
635.99,4421.9
244.03,4501.1
244.04,4501.9
244.02,4502
633.11,4503.1
633.19,4503.9
633.21,4504.1
633.29,4504.9
899.74,4601.21
899.74,4601.22
899.74,4601.29
899.79,4601.92
899.79,4601.93
899.79,4601.94
899.79,4601.99
899.71,4602.11
899.71,4602.12
899.71,4602.19
899.71,4602.9
251.2,4701
251.3,4702
251.41,4703.11
251.42,4703.19
251.51,4703.21
251.52,4703.29
251.61,4704.11
251.61,4704.19
251.62,4704.21
251.62,4704.29
251.91,4705
251.92,4706.1
251.92,4706.2
251.92,4706.3
251.92,4706.91
251.92,4706.92
251.92,4706.93
251.11,4707.1
251.12,4707.2
251.13,4707.3
251.19,4707.9
641.1,4801
641.21,4802.1
641.22,4802.2
641.24,4802.4
641.26,4802.54
641.26,4802.55
641.26,4802.56
641.26,4802.57
641.26,4802.58
641.29,4802.61
641.29,4802.62
641.29,4802.69
641.63,4803
641.41,4804.11
641.41,4804.19
641.42,4804.21
641.42,4804.29
641.46,4804.31
641.46,4804.39
641.47,4804.41
641.47,4804.42
641.47,4804.49
641.48,4804.51
641.48,4804.52
641.48,4804.59
641.51,4805.11
641.51,4805.12
641.51,4805.19
641.54,4805.24
641.54,4805.25
641.52,4805.3
641.56,4805.4
641.56,4805.5
641.59,4805.91
641.59,4805.92
641.59,4805.93
641.53,4806.1
641.53,4806.2
641.53,4806.3
641.53,4806.4
641.92,4807
641.64,4808.1
641.62,4808.4
641.69,4808.9
641.31,4809.2
641.31,4809.9
641.32,4810.13
641.32,4810.14
641.32,4810.19
641.34,4810.22
641.34,4810.29
641.74,4810.31
641.75,4810.32
641.76,4810.39
641.77,4810.92
641.77,4810.99
641.73,4811.1
641.78,4811.41
641.78,4811.49
641.71,4811.51
641.72,4811.59
641.79,4811.6
641.79,4811.9
641.93,4812
642.41,4813.1
642.41,4813.2
641.55,4813.9
641.94,4814.2
641.94,4814.9
642.42,4816.2
642.42,4816.9
642.21,4817.1
642.22,4817.2
642.23,4817.3
642.43,4818.1
642.94,4818.2
642.94,4818.3
642.94,4818.5
642.94,4818.9
642.11,4819.1
642.12,4819.2
642.13,4819.3
642.14,4819.4
642.15,4819.5
642.16,4819.6
642.31,4820.1
642.32,4820.2
642.33,4820.3
642.34,4820.4
642.35,4820.5
642.39,4820.9
892.81,4821.1
892.81,4821.9
642.91,4822.1
642.91,4822.9
642.45,4823.2
642.99,4823.4
642.93,4823.61
642.93,4823.69
642.99,4823.7
642.99,4823.9
892.15,4901.1
892.16,4901.91
892.19,4901.99
892.21,4902.1
892.29,4902.9
892.12,4903
892.85,4904
892.14,4905.1
892.13,4905.91
892.14,4905.99
892.82,4906
892.83,4907
892.41,4908.1
892.41,4908.9
892.42,4909
892.84,4910
892.86,4911.1
892.87,4911.91
892.89,4911.99
261.41,5001
261.3,5002
261.42,5003
651.92,5004
651.93,5005
651.94,5006
654.11,5007.1
654.13,5007.2
654.19,5007.9
268.11,5101.11
268.19,5101.19
268.21,5101.21
268.21,5101.29
268.29,5101.3
268.3,5102.11
268.3,5102.19
268.5,5102.2
268.63,5103.1
268.69,5103.2
268.69,5103.3
268.62,5104
268.71,5105.1
268.71,5105.21
268.73,5105.29
268.77,5105.31
268.77,5105.39
268.77,5105.4
651.12,5106.1
651.17,5106.2
651.13,5107.1
651.18,5107.2
651.14,5108.1
651.14,5108.2
651.16,5109.1
651.19,5109.9
651.15,5110
654.21,5111.11
654.21,5111.19
654.31,5111.2
654.31,5111.3
654.33,5111.9
654.22,5112.11
654.22,5112.19
654.32,5112.2
654.32,5112.3
654.34,5112.9
654.92,5113
263.1,5201
263.31,5202.1
263.32,5202.91
263.39,5202.99
263.4,5203
651.21,5204.11
651.21,5204.19
651.22,5204.2
651.33,5205.11
651.33,5205.12
651.33,5205.13
651.33,5205.14
651.33,5205.15
651.33,5205.21
651.33,5205.22
651.33,5205.23
651.33,5205.24
651.33,5205.26
651.33,5205.27
651.33,5205.28
651.33,5205.31
651.33,5205.32
651.33,5205.33
651.33,5205.34
651.33,5205.35
651.33,5205.41
651.33,5205.42
651.33,5205.43
651.33,5205.44
651.33,5205.46
651.33,5205.47
651.33,5205.48
651.34,5206.11
651.34,5206.12
651.34,5206.13
651.34,5206.14
651.34,5206.15
651.34,5206.21
651.34,5206.22
651.34,5206.23
651.34,5206.24
651.34,5206.25
651.34,5206.31
651.34,5206.32
651.34,5206.33
651.34,5206.34
651.34,5206.35
651.34,5206.41
651.34,5206.42
651.34,5206.43
651.34,5206.44
651.34,5206.45
651.31,5207.1
651.32,5207.9
652.21,5208.11
652.21,5208.12
652.21,5208.13
652.21,5208.19
652.31,5208.21
652.31,5208.22
652.31,5208.23
652.31,5208.29
652.32,5208.31
652.32,5208.32
652.32,5208.33
652.32,5208.39
652.33,5208.41
652.33,5208.42
652.33,5208.43
652.33,5208.49
652.34,5208.51
652.34,5208.52
652.34,5208.59
652.22,5209.11
652.22,5209.12
652.22,5209.19
652.41,5209.21
652.41,5209.22
652.41,5209.29
652.42,5209.31
652.42,5209.32
652.42,5209.39
652.44,5209.41
652.43,5209.42
652.44,5209.43
652.44,5209.49
652.45,5209.51
652.45,5209.52
652.45,5209.59
652.23,5210.11
652.23,5210.19
652.51,5210.21
652.51,5210.29
652.52,5210.31
652.52,5210.32
652.52,5210.39
652.53,5210.41
652.53,5210.49
652.54,5210.51
652.54,5210.59
652.24,5211.11
652.24,5211.12
652.24,5211.19
652.61,5211.2
652.62,5211.31
652.62,5211.32
652.62,5211.39
652.64,5211.41
652.63,5211.42
652.64,5211.43
652.64,5211.49
652.65,5211.51
652.65,5211.52
652.65,5211.59
652.25,5212.11
652.91,5212.12
652.92,5212.13
652.93,5212.14
652.94,5212.15
652.26,5212.21
652.95,5212.22
652.96,5212.23
652.97,5212.24
652.98,5212.25
265.11,5301.1
265.12,5301.21
265.12,5301.29
265.13,5301.3
265.21,5302.1
265.29,5302.9
264.1,5303.1
264.9,5303.9
265.8,5305
651.96,5306.1
651.96,5306.2
651.97,5307.1
651.97,5307.2
651.99,5308.1
651.99,5308.2
651.99,5308.9
654.41,5309.11
654.41,5309.19
654.42,5309.21
654.42,5309.29
654.5,5310.1
654.5,5310.9
654.93,5311
651.41,5401.1
651.42,5401.2
651.62,5402.11
651.62,5402.19
651.62,5402.2
651.51,5402.31
651.51,5402.32
651.52,5402.33
651.59,5402.34
651.59,5402.39
651.63,5402.44
651.63,5402.45
651.63,5402.46
651.63,5402.47
651.63,5402.48
651.63,5402.49
651.64,5402.51
651.64,5402.52
651.64,5402.59
651.69,5402.61
651.69,5402.62
651.69,5402.69
651.73,5403.1
651.74,5403.31
651.75,5403.32
651.75,5403.33
651.75,5403.39
651.76,5403.41
651.76,5403.42
651.76,5403.49
651.88,5404.11
651.88,5404.12
651.88,5404.19
651.88,5404.9
651.77,5405
651.78,5406
653.11,5407.1
653.12,5407.2
653.13,5407.3
653.14,5407.41
653.14,5407.42
653.14,5407.43
653.14,5407.44
653.15,5407.51
653.15,5407.52
653.15,5407.53
653.15,5407.54
653.16,5407.61
653.17,5407.69
653.17,5407.71
653.17,5407.72
653.17,5407.73
653.17,5407.74
653.18,5407.81
653.18,5407.82
653.18,5407.83
653.18,5407.84
653.19,5407.91
653.19,5407.92
653.19,5407.93
653.19,5407.94
653.51,5408.1
653.52,5408.21
653.52,5408.22
653.52,5408.23
653.52,5408.24
653.59,5408.31
653.59,5408.32
653.59,5408.33
653.59,5408.34
266.61,5501.1
266.62,5501.2
266.63,5501.3
266.69,5501.4
266.69,5501.9
267.12,5502
266.51,5503.11
266.51,5503.19
266.52,5503.2
266.53,5503.3
266.59,5503.4
266.59,5503.9
267.11,5504.1
267.11,5504.9
267.21,5505.1
267.22,5505.2
266.71,5506.1
266.72,5506.2
266.73,5506.3
266.79,5506.9
267.13,5507
651.43,5508.1
651.44,5508.2
651.82,5509.11
651.82,5509.12
651.82,5509.21
651.82,5509.22
651.82,5509.31
651.82,5509.32
651.82,5509.41
651.82,5509.42
651.84,5509.51
651.84,5509.52
651.84,5509.53
651.84,5509.59
651.84,5509.61
651.84,5509.62
651.84,5509.69
651.84,5509.91
651.84,5509.92
651.84,5509.99
651.86,5510.11
651.86,5510.12
651.87,5510.2
651.87,5510.3
651.87,5510.9
651.81,5511.1
651.83,5511.2
651.85,5511.3
653.21,5512.11
653.21,5512.19
653.25,5512.21
653.25,5512.29
653.29,5512.91
653.29,5512.99
653.31,5513.11
653.31,5513.12
653.31,5513.13
653.32,5513.19
653.31,5513.21
653.31,5513.23
653.32,5513.29
653.31,5513.31
653.32,5513.39
653.31,5513.41
653.32,5513.49
653.33,5514.11
653.33,5514.12
653.34,5514.19
653.33,5514.21
653.33,5514.22
653.33,5514.23
653.34,5514.29
653.35,5514.3
653.33,5514.41
653.33,5514.42
653.33,5514.43
653.34,5514.49
653.43,5515.11
653.42,5515.12
653.41,5515.13
653.43,5515.19
653.42,5515.21
653.41,5515.22
653.43,5515.29
653.42,5515.91
653.43,5515.99
653.6,5516.11
653.6,5516.12
653.6,5516.13
653.6,5516.14
653.83,5516.21
653.83,5516.22
653.83,5516.23
653.83,5516.24
653.82,5516.31
653.82,5516.32
653.82,5516.33
653.82,5516.34
653.81,5516.41
653.81,5516.42
653.81,5516.43
653.81,5516.44
653.89,5516.91
653.89,5516.92
653.89,5516.93
653.89,5516.94
657.71,5601.21
657.71,5601.22
657.71,5601.29
657.71,5601.3
657.11,5602.1
657.12,5602.21
657.12,5602.29
657.19,5602.9
657.2,5603.11
657.2,5603.12
657.2,5603.13
657.2,5603.14
657.2,5603.91
657.2,5603.92
657.2,5603.93
657.2,5603.94
657.81,5604.1
657.89,5604.9
651.91,5605
656.31,5606
657.51,5607.21
657.51,5607.29
657.51,5607.41
657.51,5607.49
657.51,5607.5
657.51,5607.9
657.52,5608.11
657.52,5608.19
657.52,5608.9
657.59,5609
659.21,5701.1
659.29,5701.9
659.3,5702.1
659.59,5702.2
659.51,5702.31
659.52,5702.32
659.59,5702.39
659.51,5702.41
659.52,5702.42
659.59,5702.49
659.53,5702.5
659.51,5702.91
659.52,5702.92
659.59,5702.99
659.41,5703.1
659.42,5703.2
659.43,5703.3
659.49,5703.9
659.61,5704.1
659.61,5704.9
659.69,5705
654.35,5801.1
652.14,5801.21
652.15,5801.22
652.15,5801.23
652.15,5801.26
652.15,5801.27
653.91,5801.31
653.93,5801.32
653.93,5801.33
653.93,5801.36
653.93,5801.37
654.95,5801.9
652.12,5802.11
652.13,5802.19
654.96,5802.2
654.97,5802.3
654.94,5803
656.41,5804.1
656.42,5804.21
656.42,5804.29
656.43,5804.3
658.91,5805
656.11,5806.1
656.12,5806.2
656.13,5806.31
656.13,5806.32
656.13,5806.39
656.14,5806.4
656.21,5807.1
656.29,5807.9
656.32,5808.1
656.32,5808.9
654.91,5809
656.51,5810.1
656.59,5810.91
656.59,5810.92
656.59,5810.99
657.4,5811
657.31,5901.1
657.31,5901.9
657.93,5902.1
657.93,5902.2
657.93,5902.9
657.32,5903.1
657.32,5903.2
657.32,5903.9
659.1,5904.1
659.1,5904.9
657.35,5905
657.33,5906.1
657.33,5906.91
657.33,5906.99
657.34,5907
657.72,5908
657.91,5909
657.92,5910
657.73,5911.1
657.73,5911.2
657.73,5911.31
657.73,5911.32
657.73,5911.4
657.73,5911.9
655.11,6001.1
655.12,6001.21
655.12,6001.22
655.12,6001.29
655.19,6001.91
655.19,6001.92
655.19,6001.99
655.21,6002.4
655.21,6002.9
655.21,6003.1
655.21,6003.2
655.21,6003.3
655.21,6003.4
655.21,6003.9
655.22,6004.1
655.22,6004.9
655.23,6005.21
655.23,6005.22
655.23,6005.23
655.23,6005.24
655.23,6005.31
655.23,6005.32
655.23,6005.33
655.23,6005.34
655.23,6005.41
655.23,6005.42
655.23,6005.43
655.23,6005.44
655.23,6005.9
655.29,6006.1
655.29,6006.21
655.29,6006.22
655.29,6006.23
655.29,6006.24
655.29,6006.31
655.29,6006.32
655.29,6006.33
655.29,6006.34
655.29,6006.41
655.29,6006.42
655.29,6006.43
655.29,6006.44
655.29,6006.9
843.1,6101.2
843.1,6101.3
843.1,6101.9
844.1,6102.1
844.1,6102.2
844.1,6102.3
844.1,6102.9
843.21,6103.1
843.22,6103.22
843.22,6103.23
843.22,6103.29
843.23,6103.31
843.23,6103.32
843.23,6103.33
843.23,6103.39
843.24,6103.41
843.24,6103.42
843.24,6103.43
843.24,6103.49
844.21,6104.13
844.21,6104.19
844.22,6104.22
844.22,6104.23
844.22,6104.29
844.23,6104.31
844.23,6104.32
844.23,6104.33
844.23,6104.39
844.24,6104.41
844.24,6104.42
844.24,6104.43
844.24,6104.44
844.24,6104.49
844.25,6104.51
844.25,6104.52
844.25,6104.53
844.25,6104.59
844.26,6104.61
844.26,6104.62
844.26,6104.63
844.26,6104.69
843.71,6105.1
843.79,6105.2
843.79,6105.9
844.7,6106.1
844.7,6106.2
844.7,6106.9
843.81,6107.11
843.81,6107.12
843.81,6107.19
843.82,6107.21
843.82,6107.22
843.82,6107.29
843.89,6107.91
843.89,6107.99
844.81,6108.11
844.81,6108.19
844.82,6108.21
844.82,6108.22
844.82,6108.29
844.83,6108.31
844.83,6108.32
844.83,6108.39
844.89,6108.91
844.89,6108.92
844.89,6108.99
845.4,6109.1
845.4,6109.9
845.3,6110.11
845.3,6110.12
845.3,6110.19
845.3,6110.2
845.3,6110.3
845.3,6110.9
845.12,6111.2
845.12,6111.3
845.12,6111.9
845.91,6112.11
845.91,6112.12
845.91,6112.19
845.92,6112.2
845.62,6112.31
845.62,6112.39
845.64,6112.41
845.64,6112.49
845.24,6113
845.99,6114.2
845.99,6114.3
845.99,6114.9
846.23,6115.1
846.24,6115.21
846.24,6115.22
846.24,6115.29
846.25,6115.3
846.29,6115.94
846.29,6115.95
846.29,6115.96
846.29,6115.99
846.91,6116.1
846.92,6116.91
846.92,6116.92
846.92,6116.93
846.92,6116.99
846.93,6117.1
846.99,6117.8
846.99,6117.9
841.11,6201.11
841.12,6201.12
841.12,6201.13
841.12,6201.19
841.19,6201.91
841.19,6201.92
841.19,6201.93
841.19,6201.99
842.11,6202.11
842.11,6202.12
842.11,6202.13
842.11,6202.19
842.19,6202.91
842.19,6202.92
842.19,6202.93
842.19,6202.99
841.21,6203.11
841.22,6203.12
841.22,6203.19
841.23,6203.22
841.23,6203.23
841.23,6203.29
841.3,6203.31
841.3,6203.32
841.3,6203.33
841.3,6203.39
841.4,6203.41
841.4,6203.42
841.4,6203.43
841.4,6203.49
842.21,6204.11
842.21,6204.12
842.21,6204.13
842.21,6204.19
842.22,6204.21
842.22,6204.22
842.22,6204.23
842.22,6204.29
842.3,6204.31
842.3,6204.32
842.3,6204.33
842.3,6204.39
842.4,6204.41
842.4,6204.42
842.4,6204.43
842.4,6204.44
842.4,6204.49
842.5,6204.51
842.5,6204.52
842.5,6204.53
842.5,6204.59
842.6,6204.61
842.6,6204.62
842.6,6204.63
842.6,6204.69
841.51,6205.2
841.59,6205.3
841.59,6205.9
842.7,6206.1
842.7,6206.2
842.7,6206.3
842.7,6206.4
842.7,6206.9
841.61,6207.11
841.61,6207.19
841.62,6207.21
841.62,6207.22
841.62,6207.29
841.69,6207.91
841.69,6207.99
842.81,6208.11
842.81,6208.19
842.82,6208.21
842.82,6208.22
842.82,6208.29
842.89,6208.91
842.89,6208.92
842.89,6208.99
845.11,6209.2
845.11,6209.3
845.11,6209.9
845.21,6210.1
845.22,6210.2
845.23,6210.3
845.22,6210.4
845.23,6210.5
845.61,6211.11
845.63,6211.12
845.81,6211.2
845.87,6211.32
845.87,6211.33
845.87,6211.39
845.89,6211.42
845.89,6211.43
845.89,6211.49
845.51,6212.1
845.52,6212.2
845.52,6212.3
845.52,6212.9
846.11,6213.2
846.11,6213.9
846.12,6214.1
846.12,6214.2
846.12,6214.3
846.12,6214.4
846.12,6214.9
846.13,6215.1
846.13,6215.2
846.13,6215.9
846.14,6216
846.19,6217.1
846.19,6217.9
775.85,6301.1
658.31,6301.2
658.32,6301.3
658.33,6301.4
658.39,6301.9
658.41,6302.1
658.42,6302.21
658.43,6302.22
658.43,6302.29
658.42,6302.31
658.43,6302.32
658.43,6302.39
658.44,6302.4
658.45,6302.51
658.46,6302.53
658.46,6302.59
658.47,6302.6
658.47,6302.91
658.48,6302.93
658.48,6302.99
658.51,6303.12
658.51,6303.19
658.51,6303.91
658.51,6303.92
658.51,6303.99
658.52,6304.11
658.52,6304.19
658.59,6304.91
658.59,6304.92
658.59,6304.93
658.59,6304.99
658.11,6305.1
658.12,6305.2
658.13,6305.32
658.13,6305.33
658.13,6305.39
658.19,6305.9
658.21,6306.12
658.21,6306.19
658.22,6306.22
658.22,6306.29
658.23,6306.3
658.24,6306.4
658.29,6306.9
658.92,6307.1
658.93,6307.2
658.93,6307.9
658.99,6308
269.01,6309
269.02,6310.1
269.02,6310.9
851.11,6401.1
851.31,6401.92
851.31,6401.99
851.21,6402.12
851.23,6402.19
851.32,6402.2
851.32,6402.91
851.32,6402.99
851.22,6403.12
851.24,6403.19
851.41,6403.2
851.15,6403.4
851.48,6403.51
851.48,6403.59
851.48,6403.91
851.48,6403.99
851.25,6404.11
851.51,6404.19
851.52,6404.2
851.49,6405.1
851.59,6405.2
851.7,6405.9
851.9,6406.1
851.9,6406.2
851.9,6406.9
657.61,6501
657.62,6502
848.42,6504
848.43,6505
848.44,6506.1
848.45,6506.91
848.49,6506.99
848.48,6507
899.41,6601.1
899.41,6601.91
899.41,6601.99
899.42,6602
899.49,6603.2
899.49,6603.9
899.92,6701
899.21,6702.1
899.29,6702.9
899.94,6703
899.95,6704.11
899.95,6704.19
899.95,6704.2
899.95,6704.9
661.31,6801
661.33,6802.1
661.34,6802.21
661.35,6802.23
661.35,6802.29
661.36,6802.91
661.39,6802.92
661.39,6802.93
661.39,6802.99
661.32,6803
663.11,6804.1
663.12,6804.21
663.12,6804.22
663.12,6804.23
663.13,6804.3
663.21,6805.1
663.22,6805.2
663.29,6805.3
663.51,6806.1
663.52,6806.2
663.53,6806.9
661.81,6807.1
661.81,6807.9
661.82,6808
663.31,6809.11
663.31,6809.19
663.31,6809.9
663.32,6810.11
663.32,6810.19
663.33,6810.91
663.34,6810.99
661.83,6811.4
661.83,6811.81
661.83,6811.82
661.83,6811.89
663.81,6812.8
663.81,6812.91
663.81,6812.92
663.81,6812.93
663.81,6812.99
663.82,6813.2
663.82,6813.81
663.82,6813.89
663.35,6814.1
663.35,6814.9
663.36,6815.1
663.37,6815.2
663.38,6815.91
663.39,6815.99
662.31,6901
662.32,6902.1
662.32,6902.2
662.32,6902.9
663.7,6903.1
663.7,6903.2
663.7,6903.9
662.41,6904.1
662.41,6904.9
662.42,6905.1
662.42,6905.9
662.43,6906
662.44,6907.1
662.44,6907.9
662.45,6908.1
662.45,6908.9
663.91,6909.11
663.91,6909.12
663.91,6909.19
663.91,6909.9
812.21,6910.1
812.29,6910.9
666.11,6911.1
666.12,6911.9
666.13,6912
666.21,6913.1
666.29,6913.9
663.99,6914.1
663.99,6914.9
664.11,7001
664.12,7002.1
664.12,7002.2
664.12,7002.31
664.12,7002.32
664.12,7002.39
664.51,7003.12
664.51,7003.19
664.52,7003.2
664.53,7003.3
664.31,7004.2
664.39,7004.9
664.41,7005.1
664.41,7005.21
664.41,7005.29
664.42,7005.3
664.91,7006
664.71,7007.11
664.71,7007.19
664.72,7007.21
664.72,7007.29
664.92,7008
664.81,7009.1
664.89,7009.91
664.89,7009.92
665.92,7010.1
665.1,7010.2
665.1,7010.9
664.93,7011.1
664.93,7011.2
664.93,7011.9
665.21,7013.1
665.22,7013.22
665.22,7013.28
665.22,7013.33
665.22,7013.37
665.23,7013.41
665.23,7013.42
665.23,7013.49
665.29,7013.91
665.29,7013.99
665.95,7014
664.94,7015.1
664.94,7015.9
665.94,7016.1
664.96,7016.9
665.91,7017.1
665.91,7017.2
665.91,7017.9
665.93,7018.1
665.93,7018.2
665.93,7018.9
651.95,7019.11
651.95,7019.12
651.95,7019.19
664.95,7019.31
664.95,7019.32
664.95,7019.39
654.6,7019.4
654.6,7019.51
654.6,7019.52
654.6,7019.59
664.95,7019.9
665.99,7020
667.11,7101.1
667.12,7101.21
667.13,7101.22
667.21,7102.1
277.11,7102.21
277.19,7102.29
667.22,7102.31
667.29,7102.39
667.31,7103.1
667.39,7103.91
667.39,7103.99
667.41,7104.1
667.42,7104.2
667.49,7104.9
277.21,7105.1
277.21,7105.9
681.14,7106.1
681.13,7106.91
681.14,7106.92
681.12,7107
971.01,7108.11
971.01,7108.12
971.01,7108.13
NULL,7108.2
971.02,7109
681.23,7110.11
681.25,7110.19
681.24,7110.21
681.25,7110.29
681.24,7110.31
681.25,7110.39
681.24,7110.41
681.25,7110.49
681.22,7111
971.03,7112.3
971.03,7112.91
289.21,7112.92
289.29,7112.99
897.31,7113.11
897.31,7113.19
897.31,7113.2
897.32,7114.11
897.32,7114.19
897.32,7114.2
897.41,7115.1
897.49,7115.9
897.33,7116.1
897.33,7116.2
897.21,7117.11
897.21,7117.19
897.29,7117.9
961,7118.1
NULL,7118.9
671.21,7201.1
671.22,7201.2
671.23,7201.5
671.41,7202.11
671.49,7202.19
671.51,7202.21
671.51,7202.29
671.52,7202.3
671.53,7202.41
671.53,7202.49
671.54,7202.5
671.55,7202.6
671.59,7202.7
671.59,7202.8
671.59,7202.91
671.59,7202.92
671.59,7202.93
671.59,7202.99
671.33,7203.1
671.33,7203.9
282.1,7204.1
282.21,7204.21
282.29,7204.29
282.31,7204.3
282.32,7204.41
282.39,7204.49
282.33,7204.5
671.31,7205.1
671.32,7205.21
671.32,7205.29
672.41,7206.1
672.45,7206.9
672.61,7207.11
672.62,7207.12
672.69,7207.19
672.7,7207.2
673.21,7208.1
673.21,7208.25
673.21,7208.26
673.21,7208.27
673.21,7208.36
673.21,7208.37
673.21,7208.38
673.21,7208.39
673.24,7208.4
673.24,7208.51
673.24,7208.52
673.24,7208.53
673.24,7208.54
673.51,7208.9
673.41,7209.15
673.41,7209.16
673.41,7209.17
673.41,7209.18
673.46,7209.25
673.46,7209.26
673.46,7209.27
673.46,7209.28
673.52,7209.9
674.21,7210.11
674.21,7210.12
674.41,7210.2
674.11,7210.3
674.13,7210.41
674.13,7210.49
674.42,7210.5
674.43,7210.61
674.43,7210.69
674.31,7210.7
674.44,7210.9
673.27,7211.13
673.27,7211.14
673.29,7211.19
673.49,7211.23
673.49,7211.29
673.53,7211.9
674.22,7212.1
674.12,7212.2
674.14,7212.3
674.32,7212.4
674.51,7212.5
674.52,7212.6
676.11,7213.1
676.12,7213.2
676.19,7213.91
676.19,7213.99
676.43,7214.1
676.21,7214.2
676.22,7214.3
676.29,7214.91
676.29,7214.99
676.31,7215.1
676.33,7215.5
676.44,7215.9
676.81,7216.1
676.81,7216.21
676.81,7216.22
676.82,7216.31
676.82,7216.32
676.82,7216.33
676.82,7216.4
676.83,7216.5
676.84,7216.61
676.84,7216.69
676.85,7216.91
676.85,7216.99
678.14,7217.1
678.15,7217.2
678.15,7217.3
678.19,7217.9
672.47,7218.1
672.81,7218.91
672.81,7218.99
675.31,7219.11
675.31,7219.12
675.32,7219.13
675.33,7219.14
675.34,7219.21
675.34,7219.22
675.35,7219.23
675.36,7219.24
675.51,7219.31
675.52,7219.32
675.53,7219.33
675.54,7219.34
675.55,7219.35
675.71,7219.9
675.37,7220.11
675.38,7220.12
675.56,7220.2
675.72,7220.9
676.15,7221
676.25,7222.11
676.25,7222.19
676.34,7222.2
676.45,7222.3
676.87,7222.4
678.21,7223
672.49,7224.1
672.82,7224.9
675.11,7225.11
675.11,7225.19
675.41,7225.3
675.42,7225.4
675.61,7225.5
675.73,7225.91
675.73,7225.92
675.73,7225.99
675.12,7226.11
675.12,7226.19
675.2,7226.2
675.43,7226.91
675.62,7226.92
675.74,7226.99
676.17,7227.1
676.19,7227.2
676.19,7227.9
676.41,7228.1
676.42,7228.2
676.29,7228.3
676.46,7228.4
676.39,7228.5
676.47,7228.6
676.88,7228.7
676.48,7228.8
678.29,7229.2
678.29,7229.9
676.86,7301.1
676.86,7301.2
677.01,7302.1
677.09,7302.3
677.09,7302.4
677.09,7302.9
679.11,7303
679.12,7304.11
679.12,7304.19
679.13,7304.22
679.13,7304.23
679.13,7304.24
679.13,7304.29
679.14,7304.31
679.14,7304.39
679.15,7304.41
679.15,7304.49
679.16,7304.51
679.16,7304.59
679.17,7304.9
679.31,7305.11
679.31,7305.12
679.31,7305.19
679.32,7305.2
679.33,7305.31
679.33,7305.39
679.39,7305.9
679.41,7306.11
679.41,7306.19
679.42,7306.21
679.42,7306.29
679.43,7306.3
679.43,7306.4
679.43,7306.5
679.44,7306.61
679.44,7306.69
679.49,7306.9
679.51,7307.11
679.52,7307.19
679.53,7307.21
679.54,7307.22
679.55,7307.23
679.56,7307.29
679.59,7307.91
679.59,7307.92
679.59,7307.93
679.59,7307.99
691.11,7308.1
691.12,7308.2
691.13,7308.3
691.14,7308.4
691.19,7308.9
692.11,7309
692.41,7310.1
692.41,7310.21
692.41,7310.29
692.43,7311
693.11,7312.1
693.11,7312.9
693.2,7313
693.5,7314.12
693.5,7314.14
693.5,7314.19
693.5,7314.2
693.5,7314.31
693.5,7314.39
693.5,7314.41
693.5,7314.42
693.5,7314.49
693.5,7314.5
748.31,7315.11
748.32,7315.12
748.39,7315.19
699.21,7315.2
699.22,7315.81
699.22,7315.82
699.22,7315.89
699.22,7315.9
699.61,7316
694.1,7317
694.21,7318.11
694.21,7318.12
694.21,7318.13
694.21,7318.14
694.21,7318.15
694.21,7318.16
694.21,7318.19
694.22,7318.21
694.22,7318.22
694.22,7318.23
694.22,7318.24
694.22,7318.29
699.32,7319.4
699.31,7319.9
699.4,7320.1
699.4,7320.2
699.4,7320.9
697.31,7321.11
697.31,7321.12
697.31,7321.19
697.32,7321.81
697.32,7321.82
697.32,7321.89
697.33,7321.9
812.11,7322.11
812.11,7322.19
812.15,7322.9
697.44,7323.1
697.41,7323.91
697.41,7323.92
697.41,7323.93
697.41,7323.94
697.41,7323.99
697.51,7324.1
697.51,7324.21
697.51,7324.29
697.51,7324.9
699.62,7325.1
699.63,7325.91
699.63,7325.99
699.65,7326.11
699.65,7326.19
699.67,7326.2
699.69,7326.9
283.2,7401
682.11,7402
682.12,7403.11
682.12,7403.12
682.12,7403.13
682.12,7403.19
682.14,7403.21
682.14,7403.22
682.14,7403.29
288.21,7404
682.13,7405
682.62,7406.1
682.62,7406.2
682.31,7407.1
682.32,7407.21
682.32,7407.29
682.41,7408.11
682.41,7408.19
682.42,7408.21
682.42,7408.22
682.42,7408.29
682.51,7409.11
682.51,7409.19
682.52,7409.21
682.52,7409.29
682.52,7409.31
682.52,7409.39
682.52,7409.4
682.52,7409.9
682.61,7410.11
682.61,7410.12
682.61,7410.21
682.61,7410.22
682.71,7411.1
682.71,7411.21
682.71,7411.22
682.71,7411.29
682.72,7412.1
682.72,7412.2
693.12,7413
694.31,7415.1
694.32,7415.21
694.32,7415.29
694.33,7415.33
694.33,7415.39
697.42,7418.1
697.52,7418.2
699.71,7419.1
699.73,7419.91
699.73,7419.99
284.21,7501.1
284.22,7501.2
683.11,7502.1
683.12,7502.2
288.22,7503
683.23,7504
683.21,7505.11
683.21,7505.12
683.21,7505.21
683.21,7505.22
683.24,7506.1
683.24,7506.2
683.22,7507.11
683.22,7507.12
683.22,7507.2
699.75,7508.1
699.75,7508.9
684.11,7601.1
684.12,7601.2
288.23,7602
684.25,7603.1
684.25,7603.2
684.21,7604.1
684.21,7604.21
684.21,7604.29
684.22,7605.11
684.22,7605.19
684.22,7605.21
684.22,7605.29
684.23,7606.11
684.23,7606.12
684.23,7606.91
684.23,7606.92
684.24,7607.11
684.24,7607.19
684.24,7607.2
684.26,7608.1
684.26,7608.2
684.27,7609
691.21,7610.1
691.29,7610.9
692.12,7611
692.42,7612.1
692.42,7612.9
692.44,7613
693.13,7614.1
693.13,7614.9
697.43,7615.1
697.53,7615.2
694.4,7616.1
699.79,7616.91
699.79,7616.99
685.12,7801.1
685.11,7801.91
685.11,7801.99
288.24,7802
685.2,7804.11
685.2,7804.19
685.2,7804.2
699.76,7806
686.11,7901.11
686.11,7901.12
686.12,7901.2
288.25,7902
686.33,7903.1
686.33,7903.9
686.31,7904
686.32,7905
699.77,7907
687.11,8001.1
687.12,8001.2
288.26,8002
687.2,8003
699.78,8007
689.11,8101.1
689.11,8101.94
699.91,8101.96
689.11,8101.97
699.91,8101.99
689.12,8102.1
689.12,8102.94
699.92,8102.95
699.92,8102.96
689.12,8102.97
699.92,8102.99
689.13,8103.2
689.13,8103.3
699.93,8103.9
689.15,8104.11
689.15,8104.19
689.14,8104.2
699.94,8104.3
699.94,8104.9
689.81,8105.2
689.81,8105.3
699.81,8105.9
689.92,8106
689.82,8107.2
689.82,8107.3
699.83,8107.9
689.83,8108.2
689.83,8108.3
699.85,8108.9
689.84,8109.2
689.84,8109.3
699.87,8109.9
689.93,8110.1
689.93,8110.2
689.93,8110.9
689.94,8111
689.91,8112.12
689.91,8112.13
699.95,8112.19
689.95,8112.21
689.95,8112.22
689.95,8112.29
689.98,8112.51
689.98,8112.52
699.99,8112.59
689.98,8112.92
699.99,8112.99
689.99,8113
695.1,8201.1
695.1,8201.3
695.1,8201.4
695.1,8201.5
695.1,8201.6
695.1,8201.9
695.21,8202.1
695.51,8202.2
695.52,8202.31
695.53,8202.39
695.54,8202.4
695.55,8202.91
695.59,8202.99
695.22,8203.1
695.23,8203.2
695.23,8203.3
695.23,8203.4
695.3,8204.11
695.3,8204.12
695.3,8204.2
695.41,8205.1
695.42,8205.2
695.43,8205.3
695.44,8205.4
695.45,8205.51
695.46,8205.59
695.46,8205.6
695.47,8205.7
695.49,8205.9
695.7,8206
695.63,8207.13
695.63,8207.19
695.64,8207.2
695.64,8207.3
695.64,8207.4
695.64,8207.5
695.64,8207.6
695.64,8207.7
695.64,8207.8
695.64,8207.9
695.61,8208.1
695.61,8208.2
695.61,8208.3
695.61,8208.4
695.61,8208.9
695.62,8209
697.81,8210
696.8,8211.1
696.8,8211.91
696.8,8211.92
696.8,8211.93
696.8,8211.94
696.8,8211.95
696.31,8212.1
696.35,8212.2
696.38,8212.9
696.4,8213
696.51,8214.1
696.55,8214.2
696.59,8214.9
696.61,8215.1
696.62,8215.2
696.63,8215.91
696.69,8215.99
699.11,8301.1
699.11,8301.2
699.11,8301.3
699.11,8301.4
699.11,8301.5
699.11,8301.6
699.11,8301.7
699.13,8302.1
699.14,8302.2
699.15,8302.3
699.16,8302.41
699.17,8302.42
699.19,8302.49
699.19,8302.5
699.19,8302.6
699.12,8303
895.11,8304
895.12,8305.1
895.12,8305.2
895.12,8305.9
699.52,8306.1
697.82,8306.21
697.82,8306.29
697.82,8306.3
699.51,8307.1
699.51,8307.9
699.33,8308.1
699.33,8308.2
699.33,8308.9
699.53,8309.1
699.53,8309.9
699.54,8310
699.55,8311.1
699.55,8311.2
699.55,8311.3
699.55,8311.9
718.71,8401.1
728.47,8401.2
718.77,8401.3
718.78,8401.4
711.11,8402.11
711.11,8402.12
711.11,8402.19
711.12,8402.2
711.91,8402.9
812.17,8403.1
812.19,8403.9
711.21,8404.1
711.22,8404.2
711.92,8404.9
741.71,8405.1
741.72,8405.9
712.11,8406.1
712.19,8406.81
712.19,8406.82
712.8,8406.9
713.11,8407.1
713.31,8407.21
713.32,8407.29
713.21,8407.31
713.21,8407.32
713.21,8407.33
713.22,8407.34
713.81,8407.9
713.33,8408.1
713.23,8408.2
713.82,8408.9
713.19,8409.1
713.91,8409.91
713.92,8409.99
718.11,8410.11
718.11,8410.12
718.11,8410.13
718.19,8410.9
714.41,8411.11
714.41,8411.12
714.81,8411.21
714.81,8411.22
714.89,8411.81
714.89,8411.82
714.91,8411.91
714.99,8411.99
714.49,8412.1
718.91,8412.21
718.93,8412.29
718.92,8412.31
718.93,8412.39
718.93,8412.8
718.99,8412.9
742.11,8413.11
742.19,8413.19
742.71,8413.2
742.2,8413.3
742.3,8413.4
742.4,8413.5
742.5,8413.6
742.6,8413.7
742.71,8413.81
742.75,8413.82
742.91,8413.91
742.95,8413.92
743.11,8414.1
743.13,8414.2
743.15,8414.3
743.17,8414.4
743.41,8414.51
743.43,8414.59
743.45,8414.6
743.19,8414.8
743.8,8414.9
741.51,8415.1
741.55,8415.2
741.55,8415.81
741.55,8415.82
741.55,8415.83
741.59,8415.9
741.21,8416.1
741.23,8416.2
741.25,8416.3
741.28,8416.9
741.36,8417.1
741.37,8417.2
741.38,8417.8
741.39,8417.9
775.21,8418.1
775.21,8418.21
775.21,8418.29
775.22,8418.3
775.22,8418.4
741.43,8418.5
741.45,8418.61
741.45,8418.69
741.49,8418.91
741.49,8418.99
741.81,8419.11
741.82,8419.19
741.83,8419.2
741.84,8419.31
741.85,8419.32
741.86,8419.39
741.73,8419.4
741.74,8419.5
741.75,8419.6
741.87,8419.81
741.89,8419.89
741.9,8419.9
745.91,8420.1
745.93,8420.91
745.93,8420.99
743.51,8421.11
743.55,8421.12
743.59,8421.19
743.61,8421.21
743.62,8421.22
743.63,8421.23
743.67,8421.29
743.64,8421.31
743.69,8421.39
743.91,8421.91
743.95,8421.99
775.3,8422.11
745.21,8422.19
745.23,8422.2
745.27,8422.3
745.27,8422.4
745.29,8422.9
745.32,8423.1
745.31,8423.2
745.31,8423.3
745.31,8423.81
745.31,8423.82
745.31,8423.89
745.39,8423.9
745.61,8424.1
745.62,8424.2
745.63,8424.3
745.64,8424.81
745.65,8424.89
745.68,8424.9
744.21,8425.11
744.21,8425.19
744.25,8425.31
744.25,8425.39
744.41,8425.41
744.43,8425.42
744.49,8425.49
744.31,8426.11
744.32,8426.12
744.33,8426.19
744.34,8426.2
744.35,8426.3
744.37,8426.41
744.37,8426.49
744.39,8426.91
744.39,8426.99
744.11,8427.1
744.12,8427.2
744.13,8427.9
744.81,8428.1
744.71,8428.2
744.72,8428.31
744.73,8428.32
744.74,8428.33
744.79,8428.39
744.85,8428.4
744.89,8428.6
744.89,8428.9
723.11,8429.11
723.11,8429.19
723.12,8429.2
723.31,8429.3
723.33,8429.4
723.21,8429.51
723.22,8429.52
723.29,8429.59
723.41,8430.1
723.42,8430.2
723.35,8430.31
723.43,8430.39
723.37,8430.41
723.44,8430.49
723.39,8430.5
723.45,8430.61
723.47,8430.69
744.91,8431.1
744.92,8431.2
744.93,8431.31
744.94,8431.39
723.91,8431.41
723.92,8431.42
723.93,8431.43
723.99,8431.49
721.11,8432.1
721.13,8432.21
721.13,8432.29
721.12,8432.3
721.12,8432.4
721.18,8432.8
721.19,8432.9
721.21,8433.11
721.21,8433.19
721.23,8433.2
721.23,8433.3
721.23,8433.4
721.22,8433.51
721.23,8433.52
721.23,8433.53
721.23,8433.59
721.26,8433.6
721.29,8433.9
721.31,8434.1
721.38,8434.2
721.39,8434.9
721.91,8435.1
721.98,8435.9
721.96,8436.1
721.95,8436.21
721.95,8436.29
721.96,8436.8
721.99,8436.91
721.99,8436.99
721.27,8437.1
727.11,8437.8
727.19,8437.9
727.22,8438.1
727.22,8438.2
727.22,8438.3
727.22,8438.4
727.22,8438.5
727.22,8438.6
727.22,8438.8
727.29,8438.9
725.11,8439.1
725.12,8439.2
725.12,8439.3
725.91,8439.91
725.91,8439.99
726.81,8440.1
726.89,8440.9
725.21,8441.1
725.23,8441.2
725.25,8441.3
725.27,8441.4
725.29,8441.8
725.99,8441.9
726.31,8442.3
726.91,8442.4
726.35,8442.5
726.51,8443.11
726.55,8443.12
726.59,8443.13
726.61,8443.14
726.61,8443.15
726.63,8443.16
726.65,8443.17
726.69,8443.19
751.94,8443.31
751.95,8443.32
751.96,8443.39
726.99,8443.91
751.97,8443.99
724.41,8444
724.42,8445.11
724.42,8445.12
724.42,8445.13
724.42,8445.19
724.43,8445.2
724.43,8445.3
724.43,8445.4
724.54,8445.9
724.51,8446.1
724.51,8446.21
724.51,8446.29
724.51,8446.3
724.52,8447.11
724.52,8447.12
724.52,8447.2
724.53,8447.9
724.61,8448.11
724.61,8448.19
724.49,8448.2
724.49,8448.31
724.49,8448.32
724.49,8448.33
724.49,8448.39
724.67,8448.42
724.67,8448.49
724.68,8448.51
724.68,8448.59
724.55,8449
775.11,8450.11
775.11,8450.12
775.11,8450.19
724.71,8450.2
724.91,8450.9
724.72,8451.1
775.12,8451.21
724.73,8451.29
724.74,8451.3
724.74,8451.4
724.74,8451.5
724.74,8451.8
724.92,8451.9
724.33,8452.1
724.35,8452.21
724.35,8452.29
724.39,8452.3
724.39,8452.9
724.81,8453.1
724.83,8453.2
724.85,8453.8
724.88,8453.9
737.11,8454.1
737.11,8454.2
737.12,8454.3
737.19,8454.9
737.21,8455.1
737.21,8455.21
737.21,8455.22
737.29,8455.3
737.29,8455.9
731.11,8456.1
731.12,8456.2
731.13,8456.3
731.14,8456.9
731.21,8457.1
731.22,8457.2
731.23,8457.3
731.31,8458.11
731.37,8458.19
731.35,8458.91
731.39,8458.99
731.41,8459.1
731.42,8459.21
731.43,8459.29
731.44,8459.31
731.45,8459.39
731.46,8459.4
731.51,8459.51
731.52,8459.59
731.53,8459.61
731.54,8459.69
731.57,8459.7
731.61,8460.11
731.62,8460.19
731.63,8460.21
731.64,8460.29
731.65,8460.31
731.66,8460.39
731.67,8460.4
731.69,8460.9
731.71,8461.2
731.73,8461.3
731.75,8461.4
731.77,8461.5
731.79,8461.9
733.11,8462.1
733.12,8462.21
733.13,8462.29
733.14,8462.31
733.15,8462.39
733.16,8462.41
733.17,8462.49
733.18,8462.91
733.18,8462.99
733.91,8463.1
733.93,8463.2
733.95,8463.3
733.99,8463.9
728.11,8464.1
728.11,8464.2
728.11,8464.9
728.12,8465.1
728.12,8465.91
728.12,8465.92
728.12,8465.93
728.12,8465.94
728.12,8465.95
728.12,8465.96
728.12,8465.99
735.11,8466.1
735.13,8466.2
735.15,8466.3
728.19,8466.91
728.19,8466.92
735.91,8466.93
735.95,8466.94
745.11,8467.11
745.11,8467.19
778.41,8467.21
778.43,8467.22
778.45,8467.29
745.12,8467.81
745.12,8467.89
745.19,8467.91
745.19,8467.92
745.19,8467.99
737.41,8468.1
737.42,8468.2
737.43,8468.8
737.49,8468.9
751.1,8469
751.21,8470.1
751.22,8470.21
751.22,8470.29
751.22,8470.3
751.24,8470.5
751.28,8470.9
752.2,8471.3
752.3,8471.41
752.3,8471.49
752.3,8471.5
752.6,8471.6
752.7,8471.7
752.8,8471.8
752.9,8471.9
751.91,8472.1
751.93,8472.3
751.99,8472.9
759.91,8473.1
759.95,8473.21
759.95,8473.29
759.97,8473.3
759.93,8473.4
759.8,8473.5
728.31,8474.1
728.32,8474.2
728.33,8474.31
728.33,8474.32
728.33,8474.39
728.34,8474.8
728.39,8474.9
728.41,8475.1
728.41,8475.21
728.41,8475.29
728.51,8475.9
745.95,8476.21
745.95,8476.29
745.95,8476.81
745.95,8476.89
745.97,8476.9
728.42,8477.1
728.42,8477.2
728.42,8477.3
728.42,8477.4
728.42,8477.51
728.42,8477.59
728.42,8477.8
728.52,8477.9
728.43,8478.1
728.53,8478.9
723.48,8479.1
727.21,8479.2
728.44,8479.3
728.49,8479.4
728.49,8479.5
728.49,8479.6
728.49,8479.71
728.49,8479.79
728.46,8479.81
728.49,8479.82
728.49,8479.89
728.55,8479.9
749.11,8480.1
749.12,8480.2
749.13,8480.3
749.14,8480.41
749.15,8480.49
749.16,8480.5
749.17,8480.6
749.18,8480.71
749.19,8480.79
747.1,8481.1
747.2,8481.2
747.3,8481.3
747.4,8481.4
747.8,8481.8
747.9,8481.9
746.1,8482.1
746.2,8482.2
746.3,8482.3
746.4,8482.4
746.5,8482.5
746.8,8482.8
746.91,8482.91
746.99,8482.99
748.1,8483.1
748.21,8483.2
748.22,8483.3
748.4,8483.4
748.5,8483.5
748.6,8483.6
748.9,8483.9
749.2,8484.1
749.2,8484.2
749.2,8484.9
728.21,8486.1
728.21,8486.2
728.21,8486.3
728.22,8486.4
728.29,8486.9
749.91,8487.1
749.99,8487.9
716.1,8501.1
716.31,8501.2
716.2,8501.31
716.2,8501.32
716.2,8501.33
716.2,8501.34
716.31,8501.4
716.31,8501.51
716.31,8501.52
716.31,8501.53
716.32,8501.61
716.32,8501.62
716.32,8501.63
716.32,8501.64
716.51,8502.11
716.51,8502.12
716.51,8502.13
716.51,8502.2
716.52,8502.31
716.52,8502.39
716.4,8502.4
716.9,8503
771.23,8504.1
771.11,8504.21
771.11,8504.22
771.11,8504.23
771.19,8504.31
771.19,8504.32
771.19,8504.33
771.19,8504.34
771.21,8504.4
771.25,8504.5
771.29,8504.9
778.81,8505.11
778.81,8505.19
778.81,8505.2
778.81,8505.9
778.11,8506.1
778.11,8506.3
778.11,8506.4
778.11,8506.5
778.11,8506.6
778.11,8506.8
778.17,8506.9
778.12,8507.1
778.12,8507.2
778.12,8507.3
778.12,8507.4
778.12,8507.5
778.12,8507.6
778.12,8507.8
778.19,8507.9
775.51,8508.11
775.51,8508.19
775.56,8508.6
775.57,8508.7
775.72,8509.4
775.73,8509.8
775.79,8509.9
775.41,8510.1
775.42,8510.2
775.73,8510.3
775.49,8510.9
778.31,8511.1
778.31,8511.2
778.31,8511.3
778.31,8511.4
778.31,8511.5
778.31,8511.8
778.33,8511.9
778.34,8512.1
778.34,8512.2
778.34,8512.3
778.34,8512.4
778.35,8512.9
813.12,8513.1
813.8,8513.9
741.31,8514.1
741.32,8514.2
741.33,8514.3
741.34,8514.4
741.35,8514.9
737.31,8515.11
737.32,8515.19
737.33,8515.21
737.34,8515.29
737.35,8515.31
737.36,8515.39
737.37,8515.8
737.39,8515.9
775.81,8516.1
775.82,8516.21
775.82,8516.29
775.83,8516.31
775.83,8516.32
775.83,8516.33
775.84,8516.4
775.86,8516.5
775.86,8516.6
775.87,8516.71
775.87,8516.72
775.87,8516.79
775.88,8516.8
775.89,8516.9
764.11,8517.11
764.11,8517.12
764.11,8517.18
764.12,8517.61
764.12,8517.62
764.12,8517.69
764.18,8517.7
764.21,8518.1
764.22,8518.21
764.22,8518.22
764.23,8518.29
764.24,8518.3
764.25,8518.4
764.26,8518.5
764.92,8518.9
763.31,8519.2
763.35,8519.3
763.36,8519.5
763.39,8519.81
763.39,8519.89
763.81,8521.1
763.84,8521.9
764.99,8522.1
764.99,8522.9
898.42,8523.21
898.42,8523.29
898.44,8523.41
898.44,8523.49
898.46,8523.51
898.46,8523.52
898.46,8523.59
898.49,8523.8
764.31,8525.5
764.32,8525.6
764.84,8525.8
764.83,8526.1
764.83,8526.91
764.83,8526.92
762.21,8527.12
762.21,8527.13
762.22,8527.19
762.11,8527.21
762.12,8527.29
762.81,8527.91
762.82,8527.92
762.89,8527.99
761.3,8528.41
761.3,8528.49
761.4,8528.51
761.4,8528.59
761.5,8528.61
761.5,8528.69
761.6,8528.71
761.6,8528.72
761.6,8528.73
764.93,8529.1
764.93,8529.9
778.82,8530.1
778.82,8530.8
778.83,8530.9
778.84,8531.1
778.84,8531.2
778.84,8531.8
778.85,8531.9
778.61,8532.1
778.62,8532.21
778.63,8532.22
778.64,8532.23
778.65,8532.24
778.66,8532.25
778.67,8532.29
778.68,8532.3
778.69,8532.9
772.31,8533.1
772.32,8533.21
772.32,8533.29
772.33,8533.31
772.33,8533.39
772.35,8533.4
772.38,8533.9
772.2,8534
772.41,8535.1
772.42,8535.21
772.43,8535.29
772.44,8535.3
772.45,8535.4
772.49,8535.9
772.51,8536.1
772.52,8536.2
772.53,8536.3
772.54,8536.41
772.54,8536.49
772.55,8536.5
772.57,8536.61
772.58,8536.69
772.56,8536.7
772.59,8536.9
772.61,8537.1
772.62,8537.2
772.81,8538.1
772.82,8538.9
778.23,8539.1
778.21,8539.21
778.21,8539.22
778.21,8539.29
778.22,8539.31
778.22,8539.32
778.22,8539.39
778.24,8539.41
778.24,8539.49
778.29,8539.9
776.11,8540.11
776.12,8540.12
776.21,8540.2
776.23,8540.4
776.23,8540.6
776.25,8540.71
776.25,8540.79
776.27,8540.81
776.27,8540.89
776.29,8540.91
776.29,8540.99
776.31,8541.1
776.32,8541.21
776.33,8541.29
776.35,8541.3
776.37,8541.4
776.39,8541.5
776.81,8541.6
776.88,8541.9
776.42,8542.31
776.44,8542.32
776.46,8542.33
776.49,8542.39
776.89,8542.9
778.71,8543.1
778.78,8543.2
778.78,8543.3
778.78,8543.7
778.79,8543.9
773.11,8544.11
773.11,8544.19
773.12,8544.2
773.13,8544.3
773.16,8544.42
773.16,8544.49
773.17,8544.6
773.18,8544.7
778.86,8545.11
778.86,8545.19
778.86,8545.2
778.86,8545.9
773.22,8546.1
773.23,8546.2
773.24,8546.9
773.26,8547.1
773.28,8547.2
773.29,8547.9
778.13,8548.1
778.13,8548.9
791.11,8601.1
791.15,8601.2
791.21,8602.1
791.29,8602.9
791.6,8603.1
791.6,8603.9
791.81,8604
791.7,8605
791.82,8606.1
791.82,8606.3
791.82,8606.91
791.82,8606.92
791.82,8606.99
791.99,8607.11
791.99,8607.12
791.99,8607.19
791.99,8607.21
791.99,8607.29
791.99,8607.3
791.99,8607.91
791.99,8607.99
791.91,8608
786.3,8609
722.41,8701.1
783.2,8701.2
722.3,8701.3
722.49,8701.9
783.11,8702.1
783.19,8702.9
781.1,8703.1
781.2,8703.21
781.2,8703.22
781.2,8703.23
781.2,8703.24
781.2,8703.31
781.2,8703.32
781.2,8703.33
781.2,8703.9
782.11,8704.1
782.19,8704.21
782.19,8704.22
782.19,8704.23
782.19,8704.31
782.19,8704.32
782.19,8704.9
782.21,8705.1
782.23,8705.2
782.25,8705.3
782.27,8705.4
782.29,8705.9
784.1,8706
784.21,8707.1
784.25,8707.9
784.31,8708.1
784.32,8708.21
784.32,8708.29
784.33,8708.3
784.34,8708.4
784.35,8708.5
784.39,8708.7
784.39,8708.8
784.39,8708.91
784.39,8708.92
784.39,8708.93
784.39,8708.94
784.39,8708.95
784.39,8708.99
744.14,8709.11
744.15,8709.19
744.19,8709.9
891.11,8710
785.11,8711.1
785.13,8711.2
785.15,8711.3
785.16,8711.4
785.17,8711.5
785.19,8711.9
785.2,8712
785.31,8713.1
785.31,8713.9
785.35,8714.1
785.36,8714.2
785.37,8714.91
785.37,8714.92
785.37,8714.93
785.37,8714.94
785.37,8714.95
785.37,8714.96
785.37,8714.99
894.1,8715
786.1,8716.1
786.21,8716.2
786.22,8716.31
786.29,8716.39
786.83,8716.4
786.85,8716.8
786.89,8716.9
792.84,8801
792.11,8802.11
792.15,8802.12
792.2,8802.2
792.3,8802.3
792.4,8802.4
792.5,8802.6
792.91,8803.1
792.93,8803.2
792.95,8803.3
792.97,8803.9
899.96,8804
792.83,8805.1
792.83,8805.21
792.83,8805.29
793.28,8901.1
793.22,8901.2
793.26,8901.3
793.27,8901.9
793.24,8902
793.11,8903.1
793.12,8903.91
793.19,8903.92
793.19,8903.99
793.7,8904
793.51,8905.1
793.55,8905.2
793.59,8905.9
793.29,8906.1
793.29,8906.9
793.91,8907.1
793.99,8907.9
793.3,8908
884.19,9001.1
884.19,9001.2
884.11,9001.3
884.15,9001.4
884.17,9001.5
884.19,9001.9
884.31,9002.11
884.32,9002.19
884.33,9002.2
884.39,9002.9
884.21,9003.11
884.21,9003.19
884.22,9003.9
884.23,9004.1
884.23,9004.9
871.11,9005.1
871.15,9005.8
871.19,9005.9
881.11,9006.1
881.11,9006.3
881.11,9006.4
881.11,9006.51
881.11,9006.52
881.11,9006.53
881.11,9006.59
881.13,9006.61
881.13,9006.69
881.14,9006.91
881.15,9006.99
881.21,9007.1
881.22,9007.2
881.23,9007.91
881.24,9007.92
881.32,9008.5
881.34,9008.9
881.35,9010.1
881.35,9010.5
881.35,9010.6
881.36,9010.9
871.41,9011.1
871.43,9011.2
871.45,9011.8
871.49,9011.9
871.31,9012.1
871.39,9012.9
871.91,9013.1
871.92,9013.2
871.93,9013.8
871.99,9013.9
874.11,9014.1
874.11,9014.2
874.11,9014.8
874.12,9014.9
874.13,9015.1
874.13,9015.2
874.13,9015.3
874.13,9015.4
874.13,9015.8
874.14,9015.9
874.51,9016
874.22,9017.1
874.22,9017.2
874.23,9017.3
874.23,9017.8
874.24,9017.9
774.11,9018.11
774.12,9018.12
774.12,9018.13
774.12,9018.14
774.12,9018.19
774.13,9018.2
872.21,9018.31
872.21,9018.32
872.21,9018.39
872.11,9018.41
872.19,9018.49
872.25,9018.5
872.29,9018.9
872.31,9019.1
872.33,9019.2
872.35,9020
899.63,9021.1
899.65,9021.21
899.65,9021.29
899.66,9021.31
899.66,9021.39
899.61,9021.4
899.67,9021.5
899.69,9021.9
774.21,9022.12
774.21,9022.13
774.21,9022.14
774.21,9022.19
774.22,9022.21
774.22,9022.29
774.23,9022.3
774.29,9022.9
874.52,9023
874.53,9024.1
874.53,9024.8
874.54,9024.9
874.55,9025.11
874.55,9025.19
874.55,9025.8
874.56,9025.9
874.31,9026.1
874.35,9026.2
874.37,9026.8
874.39,9026.9
874.41,9027.1
874.42,9027.2
874.43,9027.3
874.45,9027.5
874.46,9027.8
874.49,9027.9
873.11,9028.1
873.13,9028.2
873.15,9028.3
873.19,9028.9
873.21,9029.1
873.25,9029.2
873.29,9029.9
874.71,9030.1
874.73,9030.2
874.75,9030.31
874.78,9030.32
874.75,9030.33
874.78,9030.39
874.77,9030.4
874.78,9030.82
874.78,9030.84
874.78,9030.89
874.79,9030.9
874.25,9031.1
874.25,9031.2
874.25,9031.41
874.25,9031.49
874.25,9031.8
874.26,9031.9
874.61,9032.1
874.63,9032.2
874.65,9032.81
874.65,9032.89
874.69,9032.9
874.9,9033
885.31,9101.11
885.31,9101.19
885.32,9101.21
885.32,9101.29
885.39,9101.91
885.39,9101.99
885.41,9102.11
885.41,9102.12
885.41,9102.19
885.42,9102.21
885.42,9102.29
885.49,9102.91
885.49,9102.99
885.72,9103.1
885.73,9103.9
885.71,9104
885.74,9105.11
885.75,9105.19
885.76,9105.21
885.77,9105.29
885.78,9105.91
885.79,9105.99
885.94,9106.1
885.94,9106.9
885.95,9107
885.51,9108.11
885.51,9108.12
885.51,9108.19
885.52,9108.2
885.52,9108.9
885.96,9109.1
885.96,9109.9
885.98,9110.11
885.98,9110.12
885.98,9110.19
885.98,9110.9
885.91,9111.1
885.91,9111.2
885.91,9111.8
885.91,9111.9
885.97,9112.2
885.97,9112.9
885.92,9113.1
885.92,9113.2
885.93,9113.9
885.99,9114.1
885.99,9114.3
885.99,9114.4
885.99,9114.9
898.13,9201.1
898.13,9201.2
898.13,9201.9
898.15,9202.1
898.15,9202.9
898.23,9205.1
898.23,9205.9
898.24,9206
898.25,9207.1
898.26,9207.9
898.29,9208.1
898.29,9208.9
898.9,9209.3
898.9,9209.91
898.9,9209.92
898.9,9209.94
898.9,9209.99
891.12,9301.1
891.12,9301.2
891.12,9301.9
891.14,9302
891.31,9303.1
891.31,9303.2
891.31,9303.3
891.31,9303.9
891.39,9304
891.91,9305.1
891.95,9305.2
891.99,9305.91
891.99,9305.99
891.22,9306.21
891.23,9306.29
891.24,9306.3
891.29,9306.9
891.13,9307
821.11,9401.1
821.12,9401.2
821.14,9401.3
821.15,9401.4
821.13,9401.51
821.13,9401.59
821.16,9401.61
821.16,9401.69
821.17,9401.71
821.17,9401.79
821.18,9401.8
821.19,9401.9
872.4,9402.1
872.4,9402.9
821.31,9403.1
821.39,9403.2
821.51,9403.3
821.53,9403.4
821.55,9403.5
821.59,9403.6
821.71,9403.7
821.79,9403.81
821.79,9403.89
821.8,9403.9
821.21,9404.1
821.23,9404.21
821.25,9404.29
821.27,9404.3
821.29,9404.9
813.11,9405.1
813.13,9405.2
894.41,9405.3
813.15,9405.4
813.17,9405.5
813.2,9405.6
813.91,9405.91
813.92,9405.92
813.99,9405.99
811,9406
894.2,9503
894.33,9504.2
894.35,9504.3
894.37,9504.4
894.31,9504.5
894.39,9504.9
894.45,9505.1
894.49,9505.9
894.73,9506.11
894.73,9506.12
894.73,9506.19
894.74,9506.21
894.74,9506.29
894.75,9506.31
894.75,9506.32
894.75,9506.39
894.79,9506.4
894.76,9506.51
894.76,9506.59
894.79,9506.61
894.79,9506.62
894.79,9506.69
894.72,9506.7
894.78,9506.91
894.79,9506.99
894.71,9507.1
894.71,9507.2
894.71,9507.3
894.71,9507.9
894.6,9508.1
894.6,9508.9
899.11,9601.1
899.11,9601.9
899.19,9602
899.72,9603.1
899.72,9603.21
899.72,9603.29
899.72,9603.3
899.72,9603.4
899.72,9603.5
899.72,9603.9
899.81,9604
831.3,9605
899.83,9606.1
899.83,9606.21
899.83,9606.22
899.83,9606.29
899.84,9606.3
899.85,9607.11
899.85,9607.19
899.86,9607.2
895.21,9608.1
895.21,9608.2
895.21,9608.3
895.21,9608.4
895.21,9608.5
895.21,9608.6
895.22,9608.91
895.21,9608.99
895.23,9609.1
895.23,9609.2
895.23,9609.9
895.92,9610
895.93,9611
895.94,9612.1
895.94,9612.2
899.33,9613.1
899.33,9613.2
899.33,9613.8
899.35,9613.9
899.37,9614
899.89,9615.11
899.89,9615.19
899.89,9615.9
899.87,9616.1
899.82,9616.2
899.97,9617
899.88,9618
642.95,9619
896.11,9701.1
896.12,9701.9
896.2,9702
896.3,9703
896.4,9704
896.5,9705
896.6,9706
