CPC v2,CPA 2008
1111,01.11.11
1111,01.11.12
1112,01.11.11
1112,01.11.12
1121,01.11.20
1122,01.11.20
1131,01.12.10
1132,01.12.10
1141,01.11.41
1142,01.11.41
1151,01.11.31
1152,01.11.31
1161,01.11.32
1162,01.11.32
1171,01.11.33
1172,01.11.33
1181,01.11.42
1182,01.11.42
1190,01.11.49
1211,01.13.11
1212,01.13.12
1213,01.13.13
1214,01.13.15
1214,01.13.14
1215,01.13.16
1216,01.13.17
1219,01.13.19
1221,01.13.21
1229,01.13.29
1231,01.13.31
1232,01.13.32
1233,01.13.33
1234,01.13.34
1235,01.13.39
1239,01.13.39
1241,01.11.61
1242,01.11.62
1249,01.11.69
1251,01.13.41
1252,01.13.42
1253,01.13.43
1254,01.13.44
1259,01.13.49
1260,01.13.60
1270,01.13.80
1290,01.13.90
1311,01.22.11
1312,01.22.12
1313,01.22.12
1314,01.22.13
1315,01.22.14
1316,01.22.19
1317,01.22.19
1318,01.22.19
1319,01.22.19
1321,01.23.11
1322,01.23.12
1323,01.23.13
1324,01.23.14
1329,01.23.19
1330,01.21.11
1330,01.21.12
1341,01.25.19
1342,01.25.11
1343,01.25.12
1344,01.25.13
1349,01.25.19
1351,01.24.10
1352,01.24.22
1352,01.24.21
1353,01.24.23
1354,01.24.24
1355,01.24.26
1355,01.24.25
1356,01.24.28
1356,01.24.27
1359,01.24.29
1360,02.10.12
1360,01.25.20
1371,01.25.31
1372,01.25.39
1373,01.25.32
1374,01.25.33
1375,01.25.34
1376,01.25.35
1377,01.25.39
1379,01.25.39
1391,01.25.90
1399,01.25.90
1411,01.11.81
1412,01.11.81
1421,01.11.82
1422,01.11.82
1431,01.11.84
1432,01.11.84
1441,01.11.91
1442,01.11.92
1443,01.11.93
1444,01.11.94
1445,01.11.95
1446,01.11.99
1449,01.11.99
1450,01.26.12
1450,01.26.11
1460,01.26.20
1491,01.26.90
1499,01.26.90
1510,01.13.51
1591,01.13.52
1592,01.13.53
1593,01.13.59
1599,01.13.59
1610,01.27.11
1620,01.27.12
1630,01.27.13
1640,01.27.14
1651,01.28.11
1652,01.28.12
1653,01.28.13
1654,01.28.14
1655,01.28.15
1656,01.28.16
1657,01.28.17
1658,01.28.18
1659,01.28.20
1690,01.28.19
1701,01.11.71
1702,01.11.72
1703,01.11.73
1704,01.11.74
1705,01.11.75
1709,01.11.79
1801,01.13.71
1802,01.14.10
1803,01.13.72
1809,01.14.10
1911,01.19.10
1912,01.19.10
1913,01.11.50
1919,01.19.10
1921,01.16.11
1922,01.16.12
1929,01.16.19
1930,10.83.15
1930,01.28.30
1940,01.19.31
1950,01.29.10
1961,01.30.10
1961,02.10.11
1962,01.19.21
1963,01.19.22
1970,01.15.10
1990,01.19.39
2111,01.41.10
2111,01.42.11
2111,01.42.12
2112,01.41.10
2112,01.42.11
2112,01.42.12
2121,01.44.10
2122,01.45.11
2123,01.45.12
2129,01.49.19
2130,01.43.10
2140,01.46.10
2151,01.47.11
2152,01.47.12
2153,01.47.13
2154,01.47.14
2155,01.47.14
2191,01.49.11
2192,01.49.19
2193,01.49.12
2194,01.49.12
2195,01.49.13
2196,01.49.19
2199,01.49.19
2211,01.41.20
2212,01.41.20
2291,01.45.21
2292,01.45.22
2293,01.49.22
2299,01.49.22
2310,01.47.21
2320,01.47.22
2330,01.47.23
2411,01.42.20
2419,01.49.27
2420,01.49.27
2910,01.49.21
2920,01.49.23
2930,01.49.24
2941,01.45.30
2942,10.11.41
2943,01.49.28
2944,01.49.25
2951,10.11.42
2952,10.11.43
2953,10.11.44
2954,10.11.45
2955,01.49.31
2955,01.49.32
2959,01.49.39
2960,01.49.26
3110,02.20.11
3120,02.20.12
3120,02.20.13
3130,02.20.14
3211,02.30.11
3219,02.30.12
3220,02.30.20
3230,02.30.40
3241,01.29.20
3249,02.30.30
3250,01.29.30
4111,03.00.11
4119,03.00.14
4119,03.00.15
4119,03.00.12
4119,03.00.13
4120,03.00.21
4120,03.00.23
4120,03.00.22
4120,03.00.24
4210,03.00.31
4210,03.00.32
4220,03.00.41
4220,03.00.43
4291,03.00.42
4291,03.00.44
4299,03.00.42
4299,03.00.44
4910,03.00.61
4920,03.00.62
4930,03.00.63
4930,03.00.64
11010,05.10.10
11020,19.20.11
11030,05.20.10
11040,19.20.12
11050,08.92.10
11050,19.20.13
12010,06.10.10
12020,06.20.10
12030,06.10.20
13000,07.21.10
14100,07.10.10
14210,07.29.11
14220,07.29.12
14230,07.29.13
14240,07.29.14
14290,07.29.15
14290,07.29.19
15110,08.11.40
15120,08.11.11
15130,08.11.12
15200,08.11.20
15310,08.12.11
15320,08.12.12
15320,08.12.13
15330,08.99.10
15400,08.12.21
15400,08.12.22
16110,08.91.11
16120,08.91.12
16190,08.91.19
16200,08.93.10
16200,10.84.30
16310,08.99.21
16320,08.99.22
16330,08.11.30
16390,08.99.29
17100,35.11.10
17200,35.21.10
17300,35.30.11
17400,35.30.21
18000,36.00.11
18000,36.00.12
21111,10.11.11
21112,10.11.11
21113,10.11.12
21114,10.11.39
21115,10.11.13
21116,10.11.14
21117,10.11.39
21118,10.11.15
21119,10.11.39
21121,10.12.10
21122,10.12.10
21123,10.12.10
21124,10.12.10
21125,10.12.10
21131,10.11.31
21132,10.11.31
21133,10.11.32
21134,10.11.39
21135,10.11.33
21136,10.11.34
21137,10.11.39
21138,10.11.35
21139,10.11.39
21141,10.12.20
21142,10.12.20
21143,10.12.20
21144,10.12.20
21145,10.12.20
21151,10.11.20
21151,10.11.39
21151,10.11.60
21152,10.11.20
21152,10.11.39
21152,10.11.60
21153,10.11.20
21153,10.11.39
21153,10.11.60
21155,10.11.20
21155,10.11.39
21155,10.11.60
21156,10.11.20
21156,10.11.39
21156,10.11.60
21159,10.11.39
21160,10.12.40
21171,10.13.11
21172,10.13.12
21173,10.13.13
21174,10.13.14
21175,10.89.14
21176,10.85.11
21179,10.13.15
21180,10.13.16
21190,10.11.39
21210,10.20.13
21221,10.20.11
21222,10.20.14
21223,10.20.15
21224,10.20.21
21225,10.20.12
21226,10.20.16
21227,10.20.22
21231,10.20.23
21232,10.20.24
21233,10.20.22
21241,10.85.12
21242,10.85.12
21242,10.20.25
21243,10.20.26
21250,10.20.31
21261,10.20.32
21269,10.20.33
21270,10.20.34
21280,10.20.34
21291,10.20.41
21299,10.20.42
21311,10.39.11
21312,10.39.11
21313,10.31.11
21319,10.39.11
21321,10.32.11
21329,10.32.17
21329,10.32.19
21330,10.39.12
21340,10.39.18
21391,10.39.17
21391,10.85.13
21392,10.31.13
21393,10.31.12
21393,10.39.13
21394,10.31.14
21395,10.39.15
21396,10.39.16
21397,10.39.17
21399,10.39.17
21411,10.39.25
21412,10.39.25
21419,10.39.25
21421,01.11.83
21422,01.25.31
21423,01.25.33
21424,01.25.39
21429,01.25.39
21429,01.26.20
21429,01.25.35
21429,01.25.32
21429,01.25.34
21431,10.32.12
21432,10.32.13
21433,10.32.14
21434,10.32.15
21435,10.32.16
21439,10.32.19
21491,10.39.25
21492,10.39.25
21493,10.39.21
21494,10.39.22
21495,10.39.23
21496,10.39.24
21499,10.82.24
21511,10.11.50
21511,10.12.30
21512,10.11.50
21513,10.11.50
21514,10.11.50
21515,10.11.50
21519,10.41.19
21519,13.10.10
21519,10.11.50
21521,10.11.50
21522,10.12.30
21523,10.11.50
21524,10.41.12
21525,10.41.12
21526,10.41.12
21529,10.41.11
21529,10.41.19
21531,10.41.21
21532,10.41.22
21533,10.41.24
21534,10.41.26
21535,10.41.27
21536,10.41.28
21537,10.41.23
21538,10.41.25
21539,10.62.14
21539,10.41.29
21541,10.41.51
21542,10.41.52
21543,10.41.54
21544,10.41.56
21545,10.41.57
21546,10.41.58
21547,10.41.53
21548,10.41.55
21549,10.62.14
21549,10.41.59
21550,10.42.10
21590,10.41.60
21600,10.41.30
21710,10.41.41
21720,10.41.42
21731,10.41.71
21732,10.41.72
22110,10.51.11
22120,10.51.12
22130,10.51.55
22211,10.51.22
22212,10.51.21
22219,10.51.56
22221,10.51.51
22222,10.51.51
22229,10.51.51
22230,10.51.52
22241,10.51.30
22242,10.51.30
22249,10.51.30
22251,10.51.40
22252,10.51.40
22253,10.51.40
22254,10.51.40
22259,10.51.40
22260,10.51.53
22270,10.52.10
22290,10.51.56
22300,10.89.12
23110,10.61.21
23120,10.61.22
23130,10.61.31
23130,10.61.32
23140,10.61.33
23161,10.61.12
23162,10.61.11
23170,10.61.23
23180,10.61.24
23210,10.62.13
23210,10.51.54
23210,10.89.19
23220,10.62.11
23230,10.62.12
23311,10.92.10
23319,10.91.10
23320,10.91.20
23410,10.72.11
23420,10.72.12
23430,10.72.19
23430,10.71.12
23490,10.72.19
23490,10.71.11
23511,10.81.11
23512,10.81.11
23520,10.81.12
23530,10.81.13
23540,10.81.14
23610,10.82.11
23620,10.82.12
23630,10.82.13
23640,10.82.14
23650,10.82.21
23660,10.82.22
23670,10.82.23
23710,10.73.11
23721,10.85.14
23721,10.73.12
23722,10.85.14
23911,10.83.11
23912,10.83.12
23913,10.83.13
23914,10.83.14
23921,10.84.21
23922,10.84.22
23923,10.84.23
23924,10.84.23
23925,10.84.23
23926,10.84.23
23927,10.84.23
23928,10.84.23
23991,10.86.10
23992,10.89.11
23993,10.89.12
23994,10.84.11
23995,10.84.12
23996,10.89.13
23997,10.85.19
23999,10.89.19
23999,10.89.15
24110,20.14.74
24131,11.01.10
24139,11.01.10
24211,11.02.11
24212,11.02.12
24220,11.04.10
24230,11.03.10
24310,11.05.10
24320,11.06.10
24410,11.07.11
24490,11.07.19
25010,01.15.10
25020,12.00.11
25090,12.00.19
26110,13.10.21
26130,13.10.22
26140,13.10.23
26150,13.10.24
26160,13.10.25
26170,13.10.26
26190,13.10.29
26210,13.10.31
26220,13.10.32
26310,13.10.40
26320,13.10.50
26330,13.10.50
26340,13.10.50
26350,13.10.62
26360,13.10.61
26370,13.10.61
26380,13.10.71
26380,13.10.72
26410,13.10.85
26420,13.10.81
26430,13.10.82
26440,13.10.83
26450,13.10.84
26460,13.10.84
26510,13.20.11
26520,13.20.12
26530,13.20.12
26540,13.20.12
26550,13.20.12
26560,13.20.13
26570,13.20.14
26590,13.20.19
26610,13.20.20
26620,13.20.20
26630,13.20.20
26690,13.20.20
26710,13.20.31
26720,13.20.31
26730,13.20.31
26740,13.20.32
26750,13.20.33
26760,13.20.33
26760,13.20.32
26770,13.20.32
26770,13.20.33
26790,13.20.32
26790,13.20.33
26810,13.20.41
26820,13.20.41
26830,13.20.41
26840,13.20.42
26850,13.20.43
26860,13.20.44
26880,13.20.45
26890,13.20.46
27110,13.92.11
27120,13.92.12
27120,13.92.13
27120,13.92.14
27130,13.92.15
27140,13.92.16
27150,13.92.21
27160,13.92.22
27170,13.92.23
27180,13.92.24
27190,13.92.29
27210,13.93.11
27220,13.93.12
27230,13.93.13
27290,13.93.19
27310,13.94.11
27320,13.94.12
27911,13.96.17
27912,13.99.11
27913,13.99.12
27921,13.99.13
27922,13.95.10
27991,17.22.12
27991,13.99.14
27992,13.96.13
27993,13.96.11
27994,13.96.12
27995,13.99.15
27996,13.96.15
27997,13.96.14
27998,13.96.16
27999,13.99.16
28110,13.91.11
28190,13.91.19
28210,14.31.10
28221,14.13.11
28221,14.13.12
28222,14.14.11
28222,14.14.12
28223,14.13.13
28223,14.13.14
28224,14.14.13
28224,14.14.14
28225,14.14.30
28226,14.39.10
28227,14.19.11
28228,14.19.12
28229,14.19.13
28229,14.19.19
28231,14.12.11
28231,14.12.12
28231,14.13.21
28231,14.13.22
28231,14.13.23
28231,14.13.24
28232,14.14.21
28232,14.14.22
28233,14.12.21
28233,14.12.22
28233,14.13.31
28233,14.13.32
28233,14.13.33
28233,14.13.34
28233,14.13.35
28234,14.14.23
28234,14.14.24
28235,14.19.21
28236,14.12.30
28236,14.19.22
28237,14.14.25
28238,14.19.23
28241,14.11.10
28242,14.19.31
28243,22.29.10
28250,14.19.32
28261,14.19.41
28262,14.19.42
28269,14.19.43
28310,15.11.10
28320,14.20.10
28330,13.91.19
28330,13.20.50
29110,15.11.21
29110,15.11.22
29120,15.11.31
29120,15.11.32
29120,15.11.33
29130,15.11.41
29130,15.11.42
29130,15.11.43
29130,15.11.51
29130,15.11.52
29210,15.12.11
29220,15.12.12
29230,15.12.13
29290,15.12.19
29310,15.20.11
29320,15.20.12
29330,15.20.13
29340,15.20.14
29410,32.30.12
29420,15.20.21
29490,15.20.29
29510,15.20.31
29520,15.20.32
29600,22.19.73
29600,22.29.29
29600,15.20.40
29600,16.29.14
31100,16.10.10
31210,16.10.21
31220,16.10.22
31230,16.10.23
31310,16.10.31
31320,16.10.32
31330,16.10.39
31330,16.10.31
31410,16.21.12
31420,16.21.12
31430,16.21.13
31440,16.21.14
31450,16.21.11
31510,16.21.21
31520,16.21.22
31600,16.22.10
31600,16.23.11
31600,16.23.12
31600,16.23.19
31700,16.24.12
31700,16.24.11
31700,16.24.13
31911,16.29.11
31912,16.29.12
31913,16.29.13
31914,16.29.14
31921,16.29.21
31922,16.29.22
31922,16.29.23
31922,16.29.24
31923,16.29.25
32111,17.11.11
32112,17.11.12
32112,17.11.13
32113,17.11.14
32121,17.12.11
32122,17.12.12
32129,17.12.13
32129,17.12.14
32131,17.12.20
32132,17.12.31
32132,17.12.32
32133,17.12.41
32133,17.12.59
32133,17.12.51
32134,17.12.33
32134,17.12.34
32135,17.12.35
32136,17.12.42
32136,17.12.43
32136,17.12.44
32137,17.12.60
32141,17.12.71
32142,17.12.72
32143,17.12.73
32143,17.12.74
32143,17.12.75
32143,17.12.78
32143,17.12.79
32149,17.12.76
32149,17.12.77
32151,17.21.11
32152,17.21.12
32153,17.21.13
32153,17.21.14
32153,17.21.15
32191,17.23.11
32192,17.23.12
32193,17.22.11
32193,17.22.12
32194,17.24.11
32195,17.24.12
32197,17.29.11
32198,17.29.12
32199,17.22.13
32199,17.23.14
32199,17.29.19
32210,58.11.11
32220,58.11.14
32220,58.11.15
32230,58.12.10
32291,58.11.12
32292,58.11.13
32299,58.11.19
32300,58.13.10
32410,58.14.11
32420,58.14.12
32490,58.14.19
32511,58.11.16
32512,32.99.59
32520,59.20.32
32520,59.20.31
32530,58.19.11
32540,58.19.12
32550,71.11.10
32610,58.19.14
32620,58.19.15
32630,58.19.13
32690,58.19.19
32700,17.23.13
32800,18.13.20
33100,19.10.10
33200,19.10.20
33310,19.20.21
33320,19.20.22
33330,19.20.23
33341,19.20.24
33342,19.20.25
33350,19.20.27
33360,19.20.26
33370,19.20.28
33380,19.20.29
33410,19.20.31
33420,19.20.32
33500,19.20.41
33500,19.20.42
33610,24.46.10
33620,20.13.11
33630,20.13.12
33690,20.13.13
33710,20.13.14
33720,38.12.21
34110,20.14.11
34110,20.14.12
34110,20.14.13
34110,20.14.14
34110,20.14.19
34120,20.14.31
34131,20.14.75
34139,20.14.21
34139,20.14.22
34139,20.14.23
34139,20.14.24
34140,20.14.32
34140,20.14.33
34140,20.14.34
34150,20.14.41
34150,20.14.42
34150,20.14.43
34150,20.14.44
34150,20.15.60
34160,20.14.51
34160,20.14.52
34170,20.14.61
34170,20.14.62
34170,20.14.63
34170,20.14.64
34180,20.14.53
34210,20.11.11
34210,20.11.12
34220,20.12.11
34220,20.12.12
34220,20.12.19
34231,20.13.21
34231,20.13.22
34231,20.13.23
34231,20.13.24
34231,20.13.25
34232,20.13.24
34233,20.15.10
34240,20.13.31
34240,20.13.32
34240,20.13.41
34240,20.13.42
34240,20.13.43
34250,20.11.13
34250,20.13.51
34250,20.13.52
34260,20.13.61
34270,20.13.62
34280,20.13.63
34280,20.13.64
34290,20.13.65
34310,20.12.21
34320,20.12.22
34330,20.12.23
34340,20.12.24
34400,20.14.71
34510,20.14.72
34520,20.13.66
34530,20.13.67
34540,19.10.30
34540,20.14.73
34550,20.59.20
34560,20.13.68
34570,20.41.10
34570,20.14.23
34611,20.15.31
34612,20.15.32
34613,20.15.33
34614,20.15.34
34615,20.15.35
34619,20.15.39
34621,20.15.41
34629,20.15.49
34631,20.15.51
34632,20.15.52
34639,20.15.59
34641,20.15.71
34642,20.15.72
34643,20.15.73
34644,20.15.74
34645,20.15.75
34646,20.15.76
34649,20.15.79
34651,20.15.10
34652,20.15.10
34653,20.15.20
34654,20.15.80
34659,20.15.79
34661,20.20.11
34662,20.20.15
34663,20.20.12
34663,20.20.13
34664,20.20.14
34666,20.20.19
34669,20.20.19
34710,20.16.10
34720,20.16.20
34730,20.16.30
34740,20.16.40
34790,20.16.51
34790,20.16.52
34790,20.16.53
34790,20.16.54
34790,20.16.55
34790,20.16.56
34790,20.16.57
34790,20.16.59
34800,20.17.10
35110,20.30.11
35110,20.30.12
35110,20.30.21
35110,20.30.22
35120,20.30.23
35130,20.30.24
35140,20.59.30
35210,21.10.10
35220,21.10.20
35230,21.10.31
35230,21.10.32
35240,21.10.40
35250,21.10.51
35250,21.10.52
35250,21.10.53
35250,21.10.54
35260,21.20.11
35260,21.20.12
35260,21.20.13
35270,21.10.60
35270,21.20.21
35270,21.20.22
35270,21.20.23
35270,21.20.24
35290,32.50.50
35290,21.10.60
35290,21.20.21
35290,21.20.22
35290,21.20.23
35290,21.20.24
35310,20.41.20
35321,20.42.19
35321,20.41.31
35322,20.41.32
35323,20.42.11
35323,20.42.12
35323,20.42.13
35323,20.42.14
35323,20.42.15
35323,20.42.16
35323,20.42.17
35323,20.42.18
35323,20.42.19
35331,20.41.41
35332,20.41.42
35333,20.41.43
35334,20.41.44
35410,20.53.10
35420,20.52.10
35420,20.59.51
35420,20.59.60
35430,20.59.41
35430,20.59.42
35430,20.59.43
35440,20.59.52
35440,32.50.22
35450,20.51.11
35450,20.51.12
35460,20.51.13
35460,20.51.14
35470,20.59.53
35490,20.59.54
35490,20.59.55
35490,20.59.56
35490,20.59.57
35490,20.59.59
35510,20.60.11
35520,20.60.12
35520,20.60.13
35530,20.60.14
35540,20.60.21
35550,20.60.22
35550,20.60.23
35560,20.60.24
36111,22.11.11
36112,22.11.12
36113,22.11.13
36113,22.11.14
36114,22.11.15
36115,22.11.16
36120,22.11.20
36210,22.19.10
36220,22.19.20
36230,22.19.30
36240,22.19.40
36250,22.19.50
36260,22.19.60
36270,22.19.71
36270,22.19.72
36270,22.19.73
36310,22.21.10
36320,22.21.21
36320,22.21.29
36330,22.21.30
36390,22.21.41
36390,22.21.42
36410,22.22.11
36410,22.22.12
36490,22.22.13
36490,22.22.14
36490,22.22.19
36910,22.23.11
36920,22.29.21
36920,22.29.22
36930,22.23.12
36940,22.29.23
36950,22.23.13
36950,22.23.14
36950,22.23.19
36950,27.32.11
36960,22.29.24
36971,32.99.11
36972,32.99.11
36980,27.33.14
36990,22.29.29
36990,22.29.25
36990,22.29.26
37111,23.19.11
37111,38.11.51
37112,23.11.11
37113,23.11.12
37114,23.12.11
37115,23.12.12
37116,23.12.13
37117,23.19.12
37121,23.14.11
37129,23.14.12
37191,23.13.11
37192,23.19.21
37193,23.13.12
37193,23.13.13
37194,23.19.22
37195,23.19.23
37196,23.19.24
37197,23.19.25
37199,23.13.14
37199,23.19.26
37210,23.42.10
37221,23.41.11
37221,23.41.12
37222,23.41.13
37291,23.44.11
37291,23.44.12
37291,23.49.11
37292,23.43.10
37299,23.49.12
37310,23.20.11
37320,23.20.12
37330,23.20.13
37340,23.20.14
37350,23.32.11
37350,23.32.12
37360,23.32.13
37370,23.31.10
37410,23.52.20
37420,23.52.10
37430,23.51.11
37440,23.51.12
37450,23.52.30
37510,23.63.10
37510,23.64.10
37520,23.65.11
37530,23.62.10
37530,23.69.11
37540,23.61.11
37550,23.61.12
37560,23.69.19
37570,23.65.12
37610,23.70.11
37690,23.70.12
37910,23.91.11
37910,23.91.12
37920,23.99.11
37930,23.99.12
37940,23.99.13
37950,23.99.14
37960,23.99.15
37990,23.99.19
38111,31.00.11
38111,29.32.10
38111,30.30.50
38112,31.00.12
38119,31.00.13
38121,31.01.11
38122,31.01.12
38130,31.02.10
38140,31.01.13
38140,31.09.11
38140,31.09.12
38140,31.09.13
38140,31.09.14
38140,32.99.16
38150,31.03.11
38150,31.03.12
38160,31.00.20
38160,31.00.14
38210,03.00.51
38210,03.00.52
38220,32.12.11
38230,32.12.12
38240,32.12.13
38240,32.12.14
38250,32.11.10
38310,32.20.11
38320,32.20.12
38330,32.20.13
38340,32.20.14
38350,32.20.15
38360,32.20.16
38360,32.20.20
38410,32.30.11
38420,32.30.13
38430,32.30.14
38440,32.30.15
38450,32.30.16
38510,32.40.31
38520,32.40.11
38520,32.40.12
38530,32.40.13
38540,32.40.20
38550,32.40.32
38560,32.40.39
38570,32.40.41
38581,26.40.60
38582,58.29.29
38590,32.40.42
38600,28.99.32
38701,16.23.20
38702,25.11.10
38703,22.23.20
38704,23.61.20
38911,32.99.12
38911,32.99.13
38911,32.99.14
38911,32.99.15
38912,32.99.16
38921,32.99.21
38922,32.99.22
38922,16.29.14
38922,22.29.29
38923,32.99.23
38924,32.99.24
38930,22.23.15
38941,74.20.11
38942,74.20.12
38942,74.20.19
38950,59.11.22
38961,90.03.13
38962,91.02.20
38963,91.02.20
38971,96.02.20
38972,32.99.30
38991,32.99.51
38992,30.92.40
38993,32.91.11
38993,32.91.12
38993,32.91.19
38994,32.99.41
38994,32.99.52
38994,13.99.19
38994,22.29.29
38995,32.99.42
38996,32.99.53
38997,32.13.10
38998,20.51.20
38999,32.99.43
38999,32.99.54
38999,32.99.55
38999,32.99.59
39110,10.12.50
39110,10.11.60
39120,10.39.30
39120,10.61.40
39130,10.62.20
39140,10.81.20
39150,10.82.30
39160,11.05.20
39170,11.02.20
39180,12.00.20
39211,38.11.56
39211,38.32.35
39212,38.11.56
39212,38.32.35
39213,13.10.91
39213,38.32.35
39214,38.11.56
39214,38.32.35
39215,13.10.92
39215,38.32.35
39216,38.11.56
39216,38.32.35
39217,14.13.40
39217,38.32.35
39218,13.94.20
39218,38.32.35
39220,38.11.57
39220,38.32.39
39230,20.14.80
39240,38.11.52
39240,38.32.32
39250,38.11.54
39250,38.32.34
39260,38.11.53
39270,38.11.55
39270,38.32.33
39280,38.11.59
39280,38.32.39
39290,38.11.59
39290,38.32.31
39290,38.32.39
39290,38.21.40
39310,38.11.58
39320,38.11.58
39331,38.11.58
39331,38.32.21
39332,38.11.58
39332,38.32.21
39333,38.11.58
39333,38.32.21
39340,38.11.58
39340,38.32.22
39350,24.10.14
39361,38.32.23
39361,38.11.58
39362,38.32.24
39362,38.11.58
39363,38.32.25
39363,38.11.58
39364,38.32.29
39364,38.11.58
39365,38.11.58
39365,38.12.26
39366,38.11.58
39366,38.12.26
39367,38.11.58
39368,38.32.29
39370,38.11.41
39380,38.12.27
39380,38.12.29
39910,38.11.49
39910,38.11.31
39920,37.00.20
39931,38.12.22
39939,38.12.23
39940,38.21.30
39950,38.12.24
39950,38.12.25
39990,38.12.29
39990,38.11.39
41111,24.10.11
41112,24.10.12
41113,24.10.12
41114,24.10.12
41115,24.10.12
41116,24.10.13
41117,24.10.14
41121,24.10.21
41122,24.10.22
41122,24.10.23
41211,24.10.31
41212,24.10.32
41213,24.10.33
41213,24.10.35
41214,24.10.34
41214,24.10.36
41221,24.10.41
41222,24.32.10
41223,24.10.42
41223,24.10.43
41223,24.10.35
41224,24.32.10
41231,24.10.51
41231,24.10.31
41231,24.10.41
41231,24.32.10
41231,24.32.20
41232,24.10.42
41232,24.32.10
41233,24.10.53
41233,24.10.54
41234,24.10.55
41239,24.10.52
41239,24.32.10
41241,24.10.61
41242,24.10.62
41243,24.10.63
41243,24.10.65
41244,24.10.64
41244,24.31.30
41244,24.10.66
41251,24.10.71
41252,24.10.74
41253,24.10.75
41261,24.31.10
41262,24.33.11
41262,24.33.20
41262,24.31.10
41263,24.34.11
41264,24.31.20
41264,24.31.30
41265,24.10.66
41265,24.10.64
41266,24.33.12
41266,24.10.72
41266,24.31.20
41266,24.10.73
41267,24.34.12
41267,24.34.13
41271,24.10.66
41271,24.31.20
41272,24.10.66
41272,24.31.20
41273,24.10.67
41281,24.20.11
41282,24.20.12
41283,24.20.13
41284,24.20.14
41285,24.20.31
41285,24.20.21
41286,24.20.32
41286,24.20.22
41287,24.20.33
41287,24.20.23
41288,24.20.34
41289,24.20.35
41289,24.20.24
41291,24.51.20
41291,24.52.20
41292,24.51.30
41292,24.52.30
41293,24.20.40
41310,24.41.10
41320,24.41.20
41330,24.41.30
41340,24.41.40
41350,24.41.50
41411,24.44.11
41412,24.44.12
41413,24.44.13
41421,24.45.12
41422,24.45.11
41431,24.42.11
41432,24.42.12
41441,24.43.11
41442,24.43.12
41443,24.43.13
41511,24.44.21
41512,24.44.22
41513,24.44.23
41514,24.44.24
41515,24.44.25
41516,24.44.26
41521,24.45.21
41522,24.45.22
41523,24.45.23
41524,24.45.24
41531,24.42.21
41532,24.42.22
41533,24.42.23
41534,24.42.24
41535,24.42.25
41536,24.42.26
41542,24.43.21
41544,24.43.22
41545,24.43.23
41547,24.43.24
41601,24.45.30
41602,24.45.30
41603,24.45.30
41604,24.45.30
42110,25.11.21
42110,25.11.22
42120,25.12.10
42190,25.11.23
42190,24.33.30
42210,25.29.11
42220,25.29.12
42310,25.30.21
42320,25.30.11
42330,25.30.12
42341,25.30.22
42342,25.30.13
42911,25.99.11
42912,25.99.12
42913,25.71.11
42914,25.71.12
42915,25.71.13
42916,25.71.14
42921,25.73.10
42921,25.73.20
42921,25.73.30
42922,25.73.40
42922,25.73.60
42931,25.91.11
42931,25.91.12
42931,25.92.11
42931,25.92.12
42932,25.92.13
42941,25.93.11
42942,25.93.12
42943,25.93.13
42944,25.93.14
42944,25.94.11
42944,25.94.12
42944,25.94.13
42945,25.93.16
42946,25.93.12
42950,25.93.15
42991,25.93.17
42992,25.72.11
42992,25.72.12
42992,25.72.13
42992,25.72.14
42993,25.99.21
42994,25.99.22
42995,25.99.23
42996,25.99.24
42997,25.99.25
42997,25.93.18
42998,25.99.26
42999,25.99.29
43110,28.11.11
43110,28.11.12
43110,28.11.13
43121,29.10.11
43121,30.91.31
43122,29.10.12
43122,30.91.32
43123,29.10.13
43131,30.30.11
43132,30.30.12
43133,30.30.13
43134,30.30.14
43141,28.11.21
43142,28.11.22
43143,28.11.23
43151,28.11.41
43151,28.11.42
43152,30.30.15
43153,28.11.31
43154,28.11.32
43155,30.30.16
43156,28.11.33
43211,28.12.11
43211,28.12.16
43219,28.12.12
43219,28.12.16
43220,28.13.11
43220,28.13.12
43220,28.13.13
43220,28.13.14
43220,28.12.13
43220,28.12.15
43230,28.13.21
43230,28.13.22
43230,28.13.23
43230,28.13.24
43230,28.13.25
43230,28.13.26
43230,28.13.27
43230,28.13.28
43240,28.14.11
43240,28.14.12
43240,28.14.13
43240,28.12.14
43251,28.12.20
43252,28.13.31
43253,28.13.32
43254,28.14.20
43310,28.15.10
43320,28.15.21
43320,28.15.22
43320,28.15.23
43320,28.15.24
43320,28.15.25
43320,28.15.26
43331,28.15.31
43332,28.15.32
43332,28.15.39
43410,28.21.11
43420,28.21.12
43420,28.21.13
43430,28.21.14
43510,28.22.11
43510,28.22.12
43510,28.22.13
43520,28.22.14
43530,28.22.15
43540,28.22.16
43550,28.22.17
43560,28.22.18
43570,28.22.19
43580,28.22.20
43911,28.29.11
43911,28.25.11
43912,28.25.12
43913,28.25.13
43914,28.29.12
43914,28.25.14
43915,28.29.13
43921,28.29.21
43922,28.29.32
43922,28.29.39
43922,28.29.31
43923,28.29.22
43924,28.29.23
43931,28.29.41
43931,28.25.20
43931,32.50.13
43932,28.29.60
43933,28.29.42
43934,28.29.43
43935,28.29.50
43941,28.29.81
43941,28.25.30
43942,28.29.82
43943,28.29.83
43944,28.29.85
43949,28.29.84
44111,28.30.31
44112,28.30.32
44113,28.30.33
44114,28.30.34
44115,28.30.92
44119,28.30.39
44121,28.30.40
44122,28.30.59
44123,28.30.51
44124,28.30.52
44125,28.30.53
44126,28.30.54
44127,28.30.81
44128,28.93.20
44129,28.30.91
44129,28.30.59
44131,28.30.82
44132,28.93.12
44139,28.30.94
44139,28.93.31
44141,28.30.10
44142,28.92.50
44149,28.30.21
44149,28.30.22
44149,28.30.23
44150,28.30.60
44160,28.30.70
44191,28.93.14
44192,28.30.83
44193,28.30.84
44194,28.30.85
44198,28.30.86
44199,28.30.93
44211,28.41.11
44212,28.41.12
44213,28.41.21
44214,28.41.22
44215,28.41.22
44216,28.41.23
44216,28.41.24
44217,28.41.31
44217,28.41.32
44217,28.41.33
44218,28.41.34
44221,28.49.11
44222,28.49.12
44231,28.24.12
44232,28.24.11
44241,27.90.31
44242,28.29.70
44251,28.49.21
44251,28.49.22
44251,28.49.23
44251,28.41.40
44252,28.49.24
44253,28.24.22
44253,28.24.21
44255,27.90.32
44256,28.29.86
44310,28.91.11
44320,28.91.12
44411,28.92.11
44412,28.92.12
44421,28.92.21
44422,28.92.22
44423,28.92.23
44424,28.92.24
44425,28.92.25
44426,28.92.26
44427,28.92.27
44428,28.92.29
44429,28.92.28
44430,28.92.30
44440,28.92.40
44461,28.92.61
44462,28.92.62
44511,28.93.11
44513,28.93.13
44515,28.93.15
44516,28.93.17
44517,28.93.19
44518,28.93.16
44522,28.93.34
44522,28.93.32
44523,28.93.33
44611,28.94.11
44611,28.94.12
44612,28.94.13
44613,28.94.14
44614,28.94.15
44621,28.94.24
44622,28.94.22
44629,28.94.21
44629,28.94.14
44629,28.94.15
44630,28.94.30
44640,28.94.51
44640,28.94.52
44710,30.40.10
44720,25.40.11
44730,25.40.12
44740,25.40.13
44750,25.71.15
44760,25.40.14
44811,27.51.11
44812,27.51.12
44812,27.51.13
44813,27.51.14
44814,28.94.40
44815,27.51.15
44816,27.51.21
44816,27.51.22
44816,27.51.23
44816,27.51.24
44817,27.51.25
44817,27.51.26
44817,27.51.27
44817,27.51.28
44818,27.51.29
44821,27.52.11
44822,27.52.12
44823,25.21.11
44824,27.52.13
44825,25.21.12
44826,27.52.14
44831,27.51.30
44832,27.52.20
44833,25.21.13
44911,28.94.23
44912,28.99.31
44913,28.95.11
44914,28.99.11
44914,28.99.12
44914,28.99.13
44914,28.99.14
44914,28.94.15
44915,28.96.10
44916,25.73.50
44917,28.23.21
44917,28.99.14
44918,28.99.20
44918,28.41.11
44919,28.99.39
44919,27.51.21
44921,28.95.12
44922,28.99.40
44922,28.23.26
44923,28.99.51
44923,28.41.40
44929,28.96.20
44929,28.99.52
45110,28.23.11
45130,28.23.12
45141,28.23.13
45142,26.20.12
45150,28.23.22
45160,28.23.23
45170,28.23.24
45180,28.23.25
45180,26.20.40
45221,26.20.11
45222,26.20.11
45230,26.20.13
45240,26.20.14
45250,26.20.15
45261,26.20.16
45262,26.20.16
45263,26.20.16
45264,26.20.16
45265,26.20.16
45266,26.20.18
45269,26.20.16
45271,26.20.21
45272,26.20.21
45281,26.12.20
45289,26.20.30
45290,26.20.40
46111,27.11.10
46112,27.11.21
46112,27.11.22
46112,27.11.23
46112,27.11.24
46112,27.11.25
46112,27.11.26
46113,27.11.31
46113,27.11.32
46113,28.11.24
46121,27.11.41
46121,27.11.42
46121,27.11.43
46122,27.11.50
46131,27.11.61
46132,27.11.62
46211,27.12.10
46212,27.12.21
46212,27.12.22
46212,27.12.23
46212,27.12.24
46212,27.33.11
46212,27.33.12
46212,27.33.13
46213,27.12.31
46214,27.12.32
46215,27.33.13
46220,27.12.40
46310,27.32.11
46320,27.32.12
46330,29.31.10
46340,27.32.13
46350,27.32.14
46360,27.31.11
46410,27.20.11
46420,27.20.21
46420,27.20.22
46420,27.20.23
46430,27.20.12
46430,27.20.24
46510,27.40.11
46510,27.40.12
46510,27.40.13
46510,27.40.14
46510,27.40.15
46531,27.40.21
46531,27.40.22
46531,27.40.23
46531,27.40.24
46531,27.40.25
46532,27.40.32
46539,27.40.33
46539,27.40.39
46541,27.40.41
46542,27.40.42
46910,29.31.21
46910,29.31.22
46910,29.31.23
46910,27.40.39
46921,26.30.50
46929,27.90.20
46929,27.90.70
46931,25.99.29
46932,23.44.12
46939,27.90.11
46939,27.90.40
46940,27.90.12
46950,27.90.13
46960,27.90.33
46960,29.31.30
46960,26.30.60
46960,27.40.42
47110,27.90.51
47110,27.90.52
47110,27.90.53
47120,27.90.60
47130,26.12.10
47140,26.11.11
47140,26.11.12
47150,26.11.21
47150,26.11.22
47160,26.11.30
47171,27.90.81
47172,27.90.82
47173,26.11.40
47211,26.30.11
47212,26.30.12
47213,26.30.13
47214,26.40.33
47215,26.70.13
47221,26.30.21
47222,26.30.22
47223,26.40.44
47223,26.30.23
47311,26.40.11
47312,26.40.12
47313,26.40.20
47314,26.40.34
47315,26.20.17
47321,26.40.31
47321,26.40.32
47323,26.40.33
47330,26.40.41
47330,26.40.42
47330,26.40.43
47401,26.30.30
47401,26.30.40
47402,26.40.51
47403,26.40.52
47403,26.51.81
47403,26.30.40
47403,26.20.40
47530,26.80.11
47540,26.80.12
47550,26.20.22
47590,26.80.13
47610,59.20.33
47620,59.11.23
47691,58.11.20
47692,58.11.20
47692,58.12.10
47699,59.20.34
47811,58.29.11
47812,58.29.12
47813,58.29.13
47814,58.29.14
47821,58.29.21
47822,58.21.10
47829,58.29.29
47910,26.80.14
47920,26.12.30
48110,26.60.11
48121,26.60.12
48122,26.60.13
48130,32.50.11
48140,32.50.12
48150,32.50.13
48160,32.50.21
48160,32.99.59
48171,32.50.22
48171,32.50.23
48172,26.60.14
48180,32.50.30
48211,26.51.11
48212,26.51.12
48212,28.29.31
48219,26.51.12
48220,26.51.20
48231,26.51.31
48232,26.51.32
48233,26.51.33
48233,28.29.39
48241,26.51.41
48242,26.51.42
48243,26.51.43
48244,26.51.44
48249,26.51.45
48251,26.51.51
48252,26.51.52
48253,26.51.53
48261,26.51.61
48262,26.51.62
48263,26.51.63
48264,26.51.64
48266,26.51.65
48269,26.51.66
48269,26.51.70
48281,26.51.82
48281,28.29.83
48281,26.51.86
48282,26.51.83
48283,26.51.84
48284,26.51.85
48285,26.51.86
48311,26.70.21
48311,27.31.12
48311,32.50.41
48312,32.50.42
48313,32.50.43
48314,26.70.22
48315,26.70.23
48321,26.70.11
48322,26.70.12
48322,26.70.14
48322,26.70.15
48323,26.70.16
48324,26.70.17
48324,27.40.31
48330,26.70.18
48341,20.59.11
48342,20.59.12
48351,26.70.24
48352,32.50.44
48353,26.70.19
48354,26.70.25
48410,26.52.11
48410,26.52.12
48420,26.52.13
48420,26.52.14
48430,26.52.28
48440,26.52.21
48440,26.52.22
48440,26.52.23
48440,26.52.24
48440,26.52.25
48490,26.52.26
48490,32.12.14
48490,26.52.27
48490,32.13.10
49111,29.10.43
49112,29.10.30
49113,29.10.21
49113,29.10.22
49113,29.10.23
49113,29.10.24
49114,29.10.41
49114,29.10.42
49115,29.10.51
49116,29.10.52
49119,29.10.59
49121,29.10.44
49129,29.32.30
49129,29.32.20
49210,29.20.10
49221,29.20.21
49222,29.20.22
49229,29.20.23
49231,29.32.20
49232,29.20.30
49311,30.11.21
49312,30.11.22
49313,30.11.23
49314,30.11.24
49315,30.11.31
49316,30.11.32
49319,30.11.10
49319,30.11.33
49320,30.11.40
49390,30.11.50
49410,30.12.11
49490,30.12.12
49490,30.12.19
49511,30.20.11
49512,30.20.12
49519,30.20.13
49520,30.20.20
49531,30.20.31
49532,30.20.32
49533,30.20.33
49540,30.20.40
49540,25.99.29
49610,30.30.20
49621,30.30.31
49622,30.30.32
49623,30.30.33
49623,30.30.34
49630,30.30.40
49640,30.30.50
49911,30.91.11
49912,30.91.12
49913,30.91.13
49921,30.92.10
49922,30.92.20
49930,30.99.10
49941,30.91.20
49942,30.92.30
53111,41.00.10
53112,41.00.10
53121,41.00.20
53122,41.00.20
53129,41.00.20
53211,42.11.10
53212,42.12.10
53213,42.11.10
53221,42.13.10
53222,42.13.10
53231,42.21.13
53232,42.91.10
53233,42.91.10
53234,42.21.13
53241,42.21.11
53242,42.22.11
53251,42.21.12
53252,42.22.12
53253,42.21.13
53261,42.99.11
53262,42.22.13
53269,42.99.11
53270,42.99.12
53290,42.99.19
54111,41.00.30
54112,41.00.30
54121,41.00.40
54122,41.00.40
54129,41.00.40
54211,42.11.20
54212,42.12.20
54213,42.11.20
54221,42.13.20
54222,42.13.20
54231,42.21.23
54232,42.91.20
54233,42.91.20
54234,42.21.23
54241,42.21.21
54242,42.22.21
54251,42.21.22
54252,42.22.22
54253,42.21.23
54261,42.99.21
54262,42.22.23
54269,42.99.21
54270,42.99.22
54290,42.99.29
54310,43.11.10
54320,43.12.11
54320,43.13.10
54330,43.12.12
54341,42.21.24
54342,42.21.24
54400,43.99.70
54511,43.99.30
54512,43.99.30
54521,43.99.90
54522,43.91.11
54530,43.91.19
54530,43.99.10
54540,43.99.40
54550,43.99.50
54560,43.99.60
54570,43.99.20
54590,43.99.90
54611,43.21.10
54612,43.21.10
54613,43.21.10
54614,43.21.10
54619,43.21.10
54621,43.22.11
54622,43.22.11
54631,43.22.12
54632,43.22.12
54640,43.22.20
54650,43.29.11
54691,43.29.19
54699,43.29.19
54710,43.34.20
54720,43.31.10
54730,43.34.10
54740,43.33.10
54750,43.33.29
54760,43.39.11
54760,43.32.10
54770,43.29.12
54790,43.39.19
54790,43.33.21
61,46.90.10
611,46.39.11
611,46.39.12
61111,46.21.11
61111,46.21.12
61111,46.21.13
61111,46.21.14
61112,46.22.10
61113,46.21.20
61114,46.23.10
61115,46.24.10
61119,46.21.19
61121,46.31.11
61121,46.31.12
61122,46.33.11
61122,46.33.12
61122,46.33.13
61123,46.32.11
61123,46.32.12
61124,46.38.10
61125,46.36.12
61125,46.36.13
61126,46.34.12
61126,46.34.11
61127,46.37.10
61128,46.35.10
61129,46.36.11
61129,46.38.21
61129,46.38.29
61131,46.41.11
61131,46.41.12
61131,46.76.12
61132,46.41.13
61132,46.41.14
61133,46.42.11
61134,46.42.12
61141,46.47.11
61142,46.43.12
61142,46.43.13
61142,46.49.31
61142,46.52.12
61143,46.47.12
61144,46.43.11
61144,46.49.19
61145,46.44.11
61145,46.49.11
61146,46.49.12
61151,46.49.21
61151,46.49.22
61151,46.49.23
61152,46.43.14
61153,46.49.32
61154,46.48.10
61155,46.49.33
61156,46.49.34
61159,46.49.35
61159,46.49.36
61159,46.49.39
61161,46.73.15
61161,46.73.16
61162,46.73.13
61163,46.47.13
61163,46.73.17
61163,46.73.18
61164,46.73.14
61165,46.74.11
61165,46.74.13
61171,46.75.12
61172,46.75.11
61173,46.46.11
61174,46.46.12
61175,46.45.10
61176,46.44.12
61181,45.11.11
61181,45.11.12
61181,45.19.11
61181,45.19.12
61181,45.31.11
61181,45.31.12
61181,45.40.10
61182,46.69.11
61183,46.65.10
61183,46.66.10
61184,46.51.10
61185,46.52.11
61185,46.52.13
61186,46.61.11
61186,46.61.12
61187,46.63.10
61188,46.62.11
61188,46.62.12
61188,46.62.19
61188,46.64.10
61188,46.69.14
61189,46.69.12
61189,46.69.13
61189,46.69.15
61189,46.69.16
61189,46.69.19
61191,46.71.11
61191,46.71.12
61191,46.71.13
61191,35.23.10
61192,46.72.11
61192,46.72.12
61192,46.72.13
61192,46.72.14
61193,46.73.11
61193,46.73.12
61194,46.76.11
61195,46.77.10
61197,35.14.10
61198,36.00.30
61199,46.74.12
61199,46.76.19
61199,46.76.13
612,46.19.10
61211,46.11.19
61212,46.11.12
61213,46.11.19
61214,46.11.11
61215,46.11.19
61219,46.11.19
61221,46.17.11
61222,46.17.11
61223,46.17.11
61224,46.17.11
61225,46.17.11
61226,46.17.12
61227,46.17.11
61228,46.17.13
61229,46.17.11
61231,46.16.11
61232,46.16.11
61233,46.16.12
61234,46.16.12
61241,46.15.11
61242,46.15.12
61243,46.15.19
61244,46.15.19
61245,46.15.19
61246,46.15.19
61251,46.18.12
61252,46.18.12
61253,46.18.12
61254,46.18.12
61255,46.18.12
61256,46.16.13
61259,46.18.12
61261,46.13.12
61262,46.13.12
61263,46.13.12
61264,46.13.12
61265,46.15.13
61271,46.12.13
61272,46.12.13
61273,46.18.11
61274,46.18.11
61275,46.18.11
61276,46.18.11
61281,45.11.41
61281,45.19.41
61281,45.31.20
61281,45.19.49
61281,45.11.49
61282,46.14.12
61283,46.14.11
61284,46.14.11
61285,46.14.11
61286,46.14.19
61287,46.14.19
61288,46.14.19
61289,46.14.19
61291,46.12.11
61292,46.12.12
61293,46.13.11
61294,46.18.19
61295,46.18.19
61297,35.14.10
61298,46.18.19
61299,46.18.19
621,47.00.91
621,47.00.92
621,47.00.99
62111,47.00.87
62112,47.00.77
62114,47.00.79
62114,47.00.87
62115,47.00.87
62119,47.00.87
62121,47.00.11
62121,47.00.12
62122,47.00.18
62122,47.00.19
62122,47.00.22
62123,47.00.13
62123,47.00.14
62124,47.00.15
62125,47.00.16
62125,47.00.17
62126,47.00.25
62126,47.00.26
62127,47.00.21
62128,47.00.27
62129,47.00.23
62129,47.00.24
62131,47.00.51
62132,47.00.52
62133,47.00.71
62134,47.00.72
62141,47.00.55
62142,47.00.33
62142,47.00.58
62142,47.00.64
62143,47.00.56
62144,47.00.54
62145,47.00.59
62146,47.00.57
62151,47.00.61
62151,47.00.62
62151,47.00.63
62152,47.00.83
62153,47.00.67
62154,47.00.82
62155,47.00.65
62155,47.00.66
62156,47.00.73
62159,47.00.68
62159,47.00.69
62159,47.00.86
62161,47.00.43
62161,47.00.45
62161,47.00.49
62162,47.00.46
62163,47.00.53
62164,47.00.42
62165,47.00.41
62165,47.00.47
62172,47.00.78
62173,47.00.74
62174,47.00.75
62175,47.00.76
62176,47.00.84
62181,45.19.39
62181,45.32.29
62182,47.00.88
62183,47.00.88
62184,47.00.31
62185,47.00.32
62186,47.00.44
62187,47.00.88
62188,47.00.88
62189,47.00.88
62191,47.00.81
62191,47.00.85
62194,47.00.89
62199,47.00.89
622,47.00.91
622,47.00.92
622,47.00.99
62211,47.00.87
62212,47.00.77
62214,47.00.79
62214,47.00.87
62215,47.00.87
62219,47.00.87
62221,47.00.11
62221,47.00.12
62222,47.00.18
62222,47.00.19
62222,47.00.22
62223,47.00.13
62223,47.00.14
62224,47.00.15
62225,47.00.16
62225,47.00.17
62226,47.00.25
62226,47.00.26
62227,47.00.21
62228,47.00.27
62229,47.00.23
62229,47.00.24
62231,47.00.51
62232,47.00.52
62233,47.00.71
62234,47.00.72
62241,47.00.55
62242,47.00.33
62242,47.00.58
62242,47.00.64
62243,47.00.56
62244,47.00.54
62245,47.00.59
62246,47.00.57
62251,47.00.61
62251,47.00.62
62251,47.00.63
62252,47.00.83
62253,47.00.67
62254,47.00.82
62255,47.00.65
62255,47.00.66
62256,47.00.73
62259,47.00.68
62259,47.00.69
62259,47.00.86
62261,47.00.43
62261,47.00.45
62261,47.00.49
62262,47.00.46
62263,47.00.53
62264,47.00.42
62265,47.00.41
62265,47.00.47
62272,47.00.78
62273,47.00.74
62274,47.00.75
62275,47.00.76
62276,47.00.84
62281,45.11.21
62281,45.11.22
62281,45.11.23
62281,45.11.24
62281,45.19.21
62281,45.19.22
62281,45.32.11
62281,45.32.12
62281,45.40.20
62282,47.00.88
62283,47.00.88
62284,47.00.31
62285,47.00.32
62286,47.00.44
62287,47.00.88
62288,47.00.88
62289,47.00.88
62291,47.00.81
62291,47.00.85
62294,47.00.89
62299,47.00.89
623,47.00.91
623,47.00.92
623,47.00.99
62311,47.00.87
62312,47.00.77
62314,47.00.79
62314,47.00.87
62315,47.00.87
62319,47.00.87
62321,47.00.11
62321,47.00.12
62322,47.00.18
62322,47.00.19
62322,47.00.22
62323,47.00.13
62323,47.00.14
62324,47.00.15
62325,47.00.16
62325,47.00.17
62326,47.00.25
62326,47.00.26
62327,47.00.21
62328,47.00.27
62329,47.00.23
62329,47.00.24
62331,47.00.51
62332,47.00.52
62333,47.00.71
62334,47.00.72
62341,47.00.55
62342,47.00.33
62342,47.00.58
62342,47.00.64
62343,47.00.56
62344,47.00.54
62345,47.00.59
62346,47.00.57
62351,47.00.61
62351,47.00.62
62351,47.00.63
62352,47.00.83
62353,47.00.67
62354,47.00.82
62355,47.00.65
62355,47.00.66
62356,47.00.73
62359,47.00.68
62359,47.00.69
62359,47.00.86
62361,47.00.43
62361,47.00.45
62361,47.00.49
62362,47.00.46
62363,47.00.53
62364,47.00.42
62365,47.00.41
62365,47.00.47
62372,47.00.78
62373,47.00.74
62374,47.00.75
62375,47.00.76
62376,47.00.84
62381,45.19.39
62381,45.11.31
62381,45.19.31
62381,45.32.21
62381,45.40.30
62381,45.11.39
62381,45.32.22
62382,47.00.88
62383,47.00.88
62384,47.00.31
62385,47.00.32
62386,47.00.44
62387,47.00.88
62388,47.00.88
62389,47.00.88
62391,47.00.81
62391,47.00.85
62394,47.00.89
62399,47.00.89
624,47.00.91
624,47.00.92
624,47.00.99
62411,47.00.87
62412,47.00.77
62414,47.00.79
62414,47.00.87
62415,47.00.87
62419,47.00.87
62421,47.00.11
62421,47.00.12
62422,47.00.18
62422,47.00.19
62422,47.00.22
62423,47.00.13
62423,47.00.14
62424,47.00.15
62425,47.00.16
62425,47.00.17
62426,47.00.25
62426,47.00.26
62427,47.00.21
62428,47.00.27
62429,47.00.23
62429,47.00.24
62431,47.00.51
62432,47.00.52
62433,47.00.71
62434,47.00.72
62441,47.00.55
62442,47.00.33
62442,47.00.58
62442,47.00.64
62443,47.00.56
62444,47.00.54
62445,47.00.59
62446,47.00.57
62451,47.00.61
62451,47.00.62
62451,47.00.63
62452,47.00.83
62453,47.00.67
62454,47.00.82
62455,47.00.65
62455,47.00.66
62456,47.00.73
62459,47.00.68
62459,47.00.69
62459,47.00.86
62461,47.00.43
62461,47.00.45
62461,47.00.49
62462,47.00.46
62463,47.00.53
62464,47.00.42
62465,47.00.41
62465,47.00.47
62472,47.00.78
62473,47.00.74
62474,47.00.75
62475,47.00.76
62476,47.00.84
62481,45.32.29
62482,47.00.88
62483,47.00.88
62484,47.00.31
62485,47.00.32
62486,47.00.44
62487,47.00.88
62488,47.00.88
62489,47.00.88
62491,47.00.81
62491,47.00.85
62494,47.00.89
62497,35.14.10
62498,36.00.30
62499,47.00.89
625,47.00.91
625,47.00.92
625,47.00.99
62511,47.00.87
62512,47.00.77
62514,47.00.79
62514,47.00.87
62515,47.00.87
62519,47.00.87
62521,47.00.11
62521,47.00.12
62522,47.00.18
62522,47.00.19
62522,47.00.22
62523,47.00.13
62523,47.00.14
62524,47.00.15
62525,47.00.16
62525,47.00.17
62526,47.00.25
62526,47.00.26
62527,47.00.21
62528,47.00.27
62529,47.00.23
62529,47.00.24
62531,47.00.51
62532,47.00.52
62533,47.00.71
62534,47.00.72
62541,47.00.55
62542,47.00.33
62542,47.00.58
62542,47.00.64
62543,47.00.56
62544,47.00.54
62545,47.00.59
62546,47.00.57
62551,47.00.61
62551,47.00.62
62551,47.00.63
62552,47.00.83
62553,47.00.67
62554,47.00.82
62555,47.00.65
62555,47.00.66
62556,47.00.73
62559,47.00.68
62559,47.00.69
62559,47.00.86
62561,47.00.43
62561,47.00.45
62561,47.00.49
62562,47.00.46
62563,47.00.53
62564,47.00.42
62565,47.00.41
62565,47.00.47
62572,47.00.78
62573,47.00.74
62574,47.00.75
62575,47.00.76
62576,47.00.84
62581,45.40.40
62582,47.00.88
62583,47.00.88
62584,47.00.31
62585,47.00.32
62586,47.00.44
62587,47.00.88
62588,47.00.88
62589,47.00.88
62591,47.00.81
62591,47.00.85
62594,47.00.89
62597,35.14.10
62598,36.00.30
62599,47.00.89
63111,55.10.10
63112,55.20.19
63113,55.20.12
63114,55.20.11
63120,55.30.11
63130,55.30.12
63210,55.90.11
63220,55.90.12
63290,55.90.13
63290,55.90.19
63310,56.10.11
63310,56.10.12
63320,56.10.13
63391,56.21.11
63391,56.21.19
63392,56.29.11
63393,56.29.19
63393,56.29.20
63399,56.10.19
63400,56.30.10
64111,49.31.10
64112,49.31.21
64113,49.31.22
64114,49.39.13
64115,49.32.11
64116,49.32.12
64117,49.39.35
64118,49.39.33
64119,49.39.20
64119,49.39.39
64121,50.30.11
64122,50.30.12
64129,50.30.19
64131,49.10.11
64132,49.39.32
64133,50.30.13
64134,51.10.15
64210,49.10.19
64221,49.39.11
64222,49.39.12
64223,49.39.34
64231,50.10.11
64232,50.10.12
64239,50.10.19
64241,51.10.11
64242,51.10.12
64243,51.10.13
64244,51.10.14
64250,51.22.11
65111,49.41.11
65112,49.41.12
65112,49.41.13
65113,49.41.14
65114,49.41.17
65115,49.42.11
65115,49.42.19
65116,49.41.18
65117,49.41.15
65118,49.41.16
65119,49.41.19
65121,49.20.11
65122,49.20.12
65122,49.20.13
65123,49.20.14
65124,49.20.15
65125,49.20.16
65126,49.20.19
65129,49.20.19
65131,49.50.11
65131,49.50.12
65139,49.50.19
65211,50.20.11
65212,50.20.12
65212,50.20.13
65213,50.20.14
65219,50.20.15
65219,50.20.19
65219,50.20.22
65221,50.40.11
65222,50.40.12
65222,50.40.13
65229,50.40.14
65229,50.40.19
65229,50.40.22
65311,51.21.12
65319,51.21.11
65319,51.21.13
65319,51.21.14
65320,51.22.12
66011,49.39.31
66012,49.41.20
66021,50.10.20
66022,50.20.21
66023,50.30.20
66024,50.40.21
66031,51.10.20
66032,51.21.20
67110,52.24.12
67110,52.24.11
67190,52.24.19
67190,52.24.13
67210,52.10.11
67220,52.10.12
67290,52.10.13
67290,52.10.19
67310,52.21.11
67390,52.21.19
67410,52.21.21
67420,52.21.22
67420,52.21.23
67430,52.21.24
67440,52.21.25
67490,52.21.29
67490,52.21.30
67511,52.22.11
67512,52.22.12
67521,52.22.13
67522,52.22.14
67531,52.22.15
67532,52.22.16
67590,52.22.19
67610,52.23.11
67620,52.23.12
67630,52.23.19
67640,52.23.20
67910,52.29.11
67910,52.29.12
67910,52.29.19
67990,52.29.20
68111,53.10.11
68111,53.10.12
68112,53.10.13
68113,53.10.14
68119,53.10.19
68120,53.20.11
68130,53.20.12
68130,53.20.19
69111,35.12.10
69112,35.13.10
69120,35.22.10
69210,36.00.20
69220,35.30.12
69220,35.30.22
69230,36.00.20
71110,64.11.10
71121,64.19.11
71122,64.19.12
71131,64.19.23
71131,64.92.13
71132,64.19.24
71132,64.92.14
71133,64.19.22
71133,64.92.12
71134,64.19.26
71134,64.92.16
71135,64.19.21
71135,64.19.25
71135,64.92.11
71135,64.92.15
71139,64.19.29
71139,64.92.19
71140,64.91.10
71190,64.19.30
71190,64.99.19
71200,64.99.11
71311,65.11.10
71312,65.30.11
71313,65.30.12
71321,65.12.11
71322,65.12.12
71331,65.12.21
71331,65.12.29
71332,65.12.31
71332,65.12.32
71332,65.12.33
71332,65.12.34
71332,65.12.35
71333,65.12.36
71334,65.12.41
71334,65.12.49
71335,65.12.50
71336,65.12.61
71336,65.12.62
71337,65.12.71
71339,65.12.72
71339,65.12.73
71339,65.12.90
71410,65.20.11
71420,65.20.12
71420,65.20.13
71431,65.20.21
71431,65.20.22
71432,65.20.23
71433,65.20.24
71434,65.20.25
71435,65.20.31
71436,65.20.32
71439,65.20.41
71439,65.20.42
71439,65.20.60
71439,65.20.50
71511,66.19.21
71512,66.19.22
71519,66.19.29
71521,66.12.11
71522,66.12.12
71523,66.19.10
71530,66.30.11
71541,66.19.31
71542,66.19.32
71551,66.11.11
71552,66.11.12
71559,66.11.19
71591,66.19.91
71592,66.12.13
71593,66.19.92
71599,66.19.99
71610,66.22.10
71620,66.21.10
71630,66.29.11
71640,66.30.12
71690,66.29.19
71701,64.20.10
71702,64.30.10
72111,68.20.11
72112,68.20.12
72121,68.10.11
72122,68.10.14
72123,68.10.12
72130,68.10.13
72130,68.10.15
72211,68.32.11
72212,68.32.13
72213,68.32.12
72221,68.31.11
72222,68.31.14
72223,68.31.12
72230,68.31.13
72230,68.31.15
72240,68.31.16
73111,77.11.10
73112,77.12.11
73113,77.39.11
73114,77.12.19
73114,77.39.13
73115,77.34.10
73116,77.35.10
73117,77.39.12
73121,77.31.10
73122,77.32.10
73123,77.33.11
73124,77.33.12
73125,77.39.14
73129,77.39.19
73210,77.29.11
73220,77.22.10
73230,77.29.12
73240,77.21.10
73250,77.29.14
73260,77.29.15
73270,77.29.16
73290,77.29.13
73290,77.29.19
73311,58.29.50
73311,58.21.40
73312,58.12.30
73320,59.20.40
73320,58.11.60
73320,58.14.40
73320,58.19.30
73320,59.13.11
73330,77.40.11
73340,77.40.12
73350,77.40.13
73390,77.40.19
81111,72.19.13
81112,72.19.14
81112,72.19.16
81119,72.19.11
81119,72.19.15
81119,72.19.19
81119,72.19.12
81121,72.11.11
81121,72.11.12
81121,72.11.13
81129,72.19.21
81129,72.19.29
81130,72.19.30
81140,72.19.40
81211,72.20.12
81212,72.20.11
81213,72.20.13
81219,72.20.19
81221,72.20.21
81229,72.20.29
81300,72
81400,72.11.20
81400,72.19.50
81400,72.20.30
82110,69.10.11
82120,69.10.12
82120,69.10.13
82120,69.10.14
82130,69.10.15
82130,69.10.16
82191,69.10.17
82199,69.10.19
82199,69.10.18
82210,69.20.10
82221,69.20.21
82221,69.20.22
82221,69.20.29
82222,69.20.23
82223,69.20.24
82310,69.20.31
82320,69.20.32
82400,69.20.40
83111,70.22.11
83112,70.22.12
83113,70.22.14
83114,70.22.13
83115,70.22.15
83116,70.22.16
83117,70.22.17
83118,70.10.10
83121,70.21.10
83129,70.22.30
83131,62.02.10
83131,62.02.20
83132,62.02.30
83132,62.09.20
83141,62.01.11
83142,62.01.12
83143,62.01.29
83143,62.01.21
83151,63.11.12
83152,63.11.13
83159,63.11.19
83161,62.03.11
83162,62.03.12
83190,70.22.20
83211,71.11.24
83212,71.11.21
83213,71.11.22
83214,71.11.23
83221,71.11.31
83222,71.11.32
83223,71.11.33
83231,71.11.42
83232,71.11.41
83310,71.12.11
83321,71.12.12
83322,71.12.17
83323,71.12.14
83324,71.12.13
83325,71.12.18
83326,71.12.15
83327,71.12.16
83329,71.12.19
83330,71.12.20
83411,71.12.31
83412,71.12.32
83413,71.12.33
83421,71.12.34
83422,71.12.35
83430,74.90.14
83441,71.20.11
83442,71.20.12
83443,71.20.13
83444,71.20.14
83449,71.20.19
83510,75.00.11
83520,75.00.12
83590,75.00.19
83611,73.11.11
83611,73.11.13
83612,73.11.12
83619,73.11.19
83620,73.12.20
83620,73.12.11
83620,73.12.12
83620,73.12.13
83620,73.12.19
83620,73.12.14
83631,58.11.41
83631,58.13.31
83631,58.14.31
83632,60.10.30
83632,60.20.40
83633,63.11.30
83639,59.11.30
83639,58.11.42
83639,58.13.32
83639,58.14.32
83700,73.20.11
83700,73.20.20
83700,73.20.12
83700,73.20.13
83700,73.20.14
83700,73.20.19
83811,74.20.21
83812,74.20.22
83813,74.20.23
83814,74.20.24
83814,74.20.29
83815,74.20.32
83819,74.20.39
83820,74.20.31
83911,74.10.11
83912,74.10.12
83919,74.10.19
83920,74.10.20
83931,74.90.13
83939,74.90.19
83940,63.99.20
83950,74.30.11
83950,74.30.12
83960,70.22.40
83990,74.90.20
83990,74.90.11
83990,74.90.12
84110,61.10.20
84110,61.20.20
84121,61.10.11
84122,61.10.12
84131,61.20.11
84132,61.20.12
84140,61.10.13
84140,61.20.13
84150,61.10.30
84150,61.20.30
84190,61.30.10
84190,61.90.10
84210,61.10.41
84221,61.10.42
84221,61.20.41
84222,61.10.43
84222,61.20.42
84290,61.10.49
84290,61.20.49
84311,58.11.30
84312,58.13.20
84312,58.14.20
84313,58.12.20
84321,59.20.35
84322,63.11.22
84331,59.11.24
84332,63.11.21
84341,58.29.31
84342,58.29.32
84342,58.21.20
84391,58.21.30
84392,58.29.40
84393,58.19.21
84394,63.12.10
84399,58.19.29
84410,63.91.11
84420,63.91.12
84510,91.01.11
84520,91.01.12
84611,60.10.12
84612,60.20.20
84621,60.10.20
84622,60.20.32
84622,60.20.31
84631,60.20.13
84631,60.10.11
84631,60.20.11
84631,60.20.12
84631,60.20.14
84632,61.20.50
84632,61.10.51
84632,61.30.20
84633,61.20.50
84633,61.30.20
84633,61.10.52
84634,61.20.50
84634,61.30.20
84634,61.10.53
85111,78.10.11
85112,78.10.12
85121,78.20.11
85121,78.20.12
85121,78.20.13
85121,78.20.14
85121,78.20.15
85121,78.20.16
85121,78.20.19
85121,78.30.11
85121,78.30.12
85121,78.30.13
85121,78.30.14
85121,78.30.15
85121,78.30.16
85121,78.30.19
85122,78.20.11
85122,78.20.12
85122,78.20.13
85122,78.20.14
85122,78.20.15
85122,78.20.16
85122,78.20.19
85122,78.30.11
85122,78.30.12
85122,78.30.13
85122,78.30.14
85122,78.30.15
85122,78.30.16
85122,78.30.19
85123,78.20.11
85123,78.20.12
85123,78.20.13
85123,78.20.14
85123,78.20.15
85123,78.20.16
85123,78.20.19
85123,78.30.11
85123,78.30.12
85123,78.30.13
85123,78.30.14
85123,78.30.15
85123,78.30.16
85123,78.30.19
85124,78.20.11
85124,78.20.12
85124,78.20.13
85124,78.20.14
85124,78.20.15
85124,78.20.16
85124,78.20.19
85124,78.30.11
85124,78.30.12
85124,78.30.13
85124,78.30.14
85124,78.30.15
85124,78.30.16
85124,78.30.19
85125,78.20.11
85125,78.20.12
85125,78.20.13
85125,78.20.14
85125,78.20.15
85125,78.20.16
85125,78.20.19
85125,78.30.11
85125,78.30.12
85125,78.30.13
85125,78.30.14
85125,78.30.15
85125,78.30.16
85125,78.30.19
85210,80.30.10
85220,74.90.15
85230,80.20.10
85240,80.10.11
85250,80.10.12
85290,80.10.19
85310,81.29.11
85320,81.22.11
85330,81.21.10
85340,81.22.12
85340,81.22.13
85340,81.29.19
85400,82.92.10
85511,79.11.11
85512,79.11.12
85513,79.11.13
85514,79.11.14
85519,79.11.19
85521,79.11.21
85522,79.90.31
85523,79.11.22
85524,79.11.23
85531,79.90.32
85539,79.90.39
85540,79.12.12
85540,79.12.11
85550,79.90.20
85561,79.90.11
85562,79.90.12
85910,82.91.11
85920,82.91.12
85931,82.20.10
85939,82.99.12
85940,82.11.10
85951,82.19.11
85952,82.19.12
85953,82.19.12
85954,82.19.13
85961,82.30.11
85962,82.30.12
85970,81.30.10
85991,63.99.10
85999,81.10.10
85999,82.99.11
85999,82.99.19
86111,01.63.10
86112,01.64.10
86119,01.61.10
86121,01.62.10
86129,96.09.11
86130,01.70.10
86140,02.10.20
86140,02.40.10
86150,03.00.71
86150,03.00.72
86211,09.10.11
86211,09.10.12
86211,09.10.13
86219,09.90.11
86219,09.90.19
86311,35.12.10
86312,35.13.10
86320,35.22.10
86330,36.00.20
86340,35.30.12
86340,35.30.22
86350,36.00.20
87110,33.11.11
87110,33.11.12
87110,33.11.13
87110,33.11.14
87110,33.11.19
87120,33.12.16
87130,95.11.10
87141,45.20.11
87141,45.20.12
87141,45.20.13
87141,45.20.14
87141,45.20.30
87142,45.40.50
87143,45.20.21
87143,45.20.22
87143,45.20.23
87149,30.30.60
87149,33.15.10
87149,33.16.10
87149,33.17.11
87149,33.17.19
87151,95.22.10
87152,33.14.11
87152,33.14.19
87153,95.12.10
87154,33.13.11
87154,33.13.12
87154,33.13.13
87154,33.13.19
87155,95.21.10
87156,33.12.11
87156,33.12.12
87156,33.12.13
87156,33.12.14
87156,33.12.15
87156,33.12.17
87156,33.12.18
87156,33.12.19
87156,33.12.21
87156,33.12.22
87156,33.12.23
87156,33.12.24
87156,33.12.25
87156,33.12.26
87156,33.12.27
87156,33.12.28
87156,33.12.29
87157,43.29.19
87159,33.19.10
87210,95.23.10
87220,95.25.12
87220,95.25.11
87230,95.29.11
87240,95.24.10
87290,95.29.12
87290,95.29.13
87290,95.29.14
87290,95.29.19
87310,33.20.12
87310,33.20.11
87320,33.20.29
87320,33.20.31
87320,33.20.32
87320,33.20.33
87320,33.20.34
87320,33.20.35
87320,33.20.36
87320,33.20.37
87320,33.20.38
87320,33.20.39
87320,33.20.60
87331,33.20.39
87332,62.09.10
87333,33.20.21
87340,33.20.42
87350,33.20.41
87360,33.20.50
87390,33.20.70
88110,10.11.99
88110,10.12.99
88110,10.13.91
88110,10.13.99
88120,10.20.91
88120,10.20.99
88130,10.31.91
88130,10.31.99
88130,10.32.99
88130,10.39.91
88130,10.39.99
88140,10.41.99
88140,10.42.99
88150,10.51.99
88150,10.52.99
88161,10.61.99
88162,10.62.99
88163,10.71.99
88163,10.72.99
88164,10.81.99
88165,10.82.99
88166,10.73.99
88167,10.85.99
88169,10.83.99
88169,10.84.99
88169,10.86.99
88169,10.89.99
88170,10.91.99
88170,10.92.99
88181,11.01.99
88182,11.02.99
88182,11.03.99
88182,11.04.99
88183,11.05.99
88183,11.06.99
88184,11.07.99
88190,12.00.99
88211,13.10.93
88211,13.10.99
88212,13.20.99
88213,13.30.11
88213,13.30.12
88213,13.30.13
88213,13.30.14
88213,13.30.19
88214,13.91.99
88215,13.92.99
88216,13.93.99
88217,13.94.99
88219,13.95.99
88219,13.96.99
88219,13.99.99
88221,14.11.99
88221,14.12.99
88221,14.13.99
88221,14.14.99
88221,14.19.99
88222,14.20.99
88223,14.31.99
88223,14.39.99
88231,15.11.99
88232,15.12.99
88233,15.20.99
88311,16.10.91
88311,16.10.99
88312,16.21.91
88312,16.21.99
88313,16.22.99
88313,16.23.99
88314,16.24.99
88319,16.29.91
88319,16.29.99
88321,17.11.99
88321,17.12.99
88322,17.21.99
88329,17.22.99
88329,17.23.99
88329,17.24.99
88329,17.29.99
88411,19.10.99
88412,19.20.99
88421,20.11.99
88421,20.12.99
88421,20.13.99
88421,20.14.99
88422,20.15.99
88423,20.16.99
88423,20.17.99
88424,20.20.99
88425,20.30.99
88426,20.41.99
88426,20.42.99
88427,20.51.99
88427,20.52.99
88427,20.53.99
88427,20.59.99
88429,20.60.99
88430,21.10.99
88430,21.20.99
88511,22.11.99
88512,22.19.99
88520,22.21.99
88520,22.22.99
88520,22.23.99
88520,22.29.91
88520,22.29.99
88531,23.11.99
88531,23.12.99
88531,23.13.91
88531,23.13.92
88531,23.13.99
88531,23.14.99
88531,23.19.91
88531,23.19.99
88532,23.20.99
88533,23.31.99
88533,23.32.99
88534,23.41.99
88534,23.42.99
88534,23.43.99
88534,23.44.99
88534,23.49.99
88535,23.51.99
88535,23.52.99
88536,23.61.99
88536,23.62.99
88536,23.63.99
88536,23.64.99
88536,23.65.99
88536,23.69.99
88537,23.70.99
88539,23.91.99
88539,23.99.99
88601,24.10.99
88601,24.20.99
88601,24.31.99
88601,24.32.99
88601,24.33.99
88601,24.34.99
88602,24.41.99
88602,24.42.99
88602,24.43.99
88602,24.44.99
88602,24.45.99
88602,24.46.99
88711,25.11.99
88711,25.12.99
88712,25.21.99
88712,25.29.99
88713,25.30.99
88720,25.40.99
88731,25.61.11
88731,25.61.12
88731,25.61.21
88731,25.61.22
88732,25.62.10
88732,25.62.20
88733,25.71.99
88733,25.72.99
88733,25.73.99
88739,25.91.99
88739,25.92.99
88739,25.93.99
88739,25.94.99
88739,25.99.99
88741,26.11.91
88741,26.11.99
88741,26.12.91
88741,26.12.99
88742,26.20.91
88742,26.20.99
88743,26.30.99
88744,26.40.99
88745,26.51.99
88746,26.52.99
88747,26.60.91
88747,26.60.99
88748,26.70.99
88749,26.80.99
88751,27.11.99
88751,27.12.99
88752,27.20.99
88753,27.31.99
88754,27.32.99
88755,27.33.99
88756,27.40.99
88757,27.51.99
88757,27.52.99
88759,27.90.99
88761,28.11.99
88762,28.12.99
88763,28.13.99
88763,28.14.99
88764,28.15.99
88765,28.21.99
88766,28.22.99
88767,28.23.91
88767,28.23.99
88768,28.24.99
88769,28.25.99
88769,28.29.99
88771,28.30.99
88772,28.41.99
88772,28.49.99
88773,28.91.99
88774,28.92.99
88775,28.93.99
88776,28.94.99
88779,28.95.99
88779,28.96.99
88779,28.99.99
88811,29.10.99
88812,29.20.40
88812,29.20.50
88812,29.20.99
88813,29.31.99
88813,29.32.91
88813,29.32.92
88813,29.32.99
88821,30.11.91
88821,30.11.92
88821,30.11.99
88822,30.12.99
88823,30.20.91
88823,30.20.99
88824,30.30.99
88825,30.40.99
88826,30.91.99
88827,30.92.99
88829,30.99.99
88901,31.00.91
88901,31.00.99
88901,31.01.99
88901,31.02.99
88901,31.03.99
88901,31.09.91
88901,31.09.99
88902,32.11.99
88902,32.12.99
88903,32.13.99
88904,32.20.99
88905,32.30.99
88906,32.40.99
88907,32.50.99
88909,32.91.99
88909,32.99.60
88909,32.99.99
89110,58.11.50
89121,18.11.10
89121,18.12.11
89121,18.12.12
89121,18.12.13
89121,18.12.14
89121,18.12.15
89121,18.12.16
89121,18.12.19
89122,18.13.10
89122,18.13.30
89122,18.14.10
89123,18.20.10
89123,18.20.20
89123,18.20.30
89200,22.29.99
89310,24.51.11
89310,24.51.12
89310,24.51.13
89310,24.51.99
89310,24.52.10
89320,24.53.10
89320,24.54.10
89330,25.50.11
89330,25.50.12
89330,25.50.13
89330,25.50.20
89410,38.32.11
89420,38.32.12
91111,84.11.11
91112,84.11.12
91113,84.11.13
91114,84.11.14
91119,84.11.19
91121,84.12.11
91122,84.12.12
91123,84.12.13
91124,84.12.14
91131,84.13.11
91132,84.13.12
91133,84.13.13
91134,84.13.14
91135,84.13.15
91136,84.13.16
91137,84.13.17
91138,84.13.18
91191,84.11.21
91199,84.11.29
91210,84.21.11
91220,84.21.12
91230,84.21.13
91240,84.22.11
91250,84.22.12
91260,84.24.11
91260,84.25.11
91260,84.25.19
91270,84.23.11
91280,84.23.12
91290,84.24.19
91310,84.30.11
91320,84.30.12
91330,84.30.13
91340,84.30.14
92100,85.10.10
92200,85.20.11
92200,85.20.12
92310,85.31.11
92310,85.31.12
92320,85.32.11
92320,85.32.12
92330,85.31.13
92330,85.31.14
92340,85.32.13
92340,85.32.14
92410,85.41.11
92410,85.41.12
92420,85.41.13
92420,85.41.14
92510,85.42.11
92510,85.42.12
92520,85.42.15
92520,85.42.13
92520,85.42.14
92520,85.42.16
92911,85.52.11
92911,85.52.12
92911,85.52.19
92911,85.52.13
92912,85.51.10
92919,85.53.11
92919,85.53.12
92919,85.59.11
92919,85.59.12
92919,85.59.13
92919,85.59.19
92920,85.60.10
93111,86.10.11
93112,86.10.12
93113,86.10.14
93119,86.10.15
93119,86.10.13
93119,86.10.19
93121,86.21.10
93122,86.22.11
93122,86.22.19
93123,86.23.11
93123,86.23.19
93191,86.90.11
93192,86.90.12
93193,86.90.13
93194,86.90.14
93195,86.90.15
93196,86.90.17
93197,86.90.16
93199,86.90.18
93199,86.90.19
93210,87.10.10
93221,87.30.11
93222,87.30.12
93223,87.30.13
93301,87.20.11
93302,87.90.11
93303,87.20.12
93304,87.90.12
93304,87.90.13
93411,88.10.13
93412,88.99.13
93491,88.10.12
93491,88.10.11
93492,88.91.12
93493,88.10.15
93493,88.10.14
93510,88.91.13
93510,88.91.11
93520,88.99.11
93530,88.99.12
93590,88.99.19
94110,37.00.11
94120,37.00.12
94211,38.12.11
94212,38.12.12
94219,38.12.13
94221,38.11.11
94229,38.11.19
94231,38.11.21
94239,38.11.29
94311,38.12.30
94312,38.31.11
94312,38.31.12
94313,38.11.61
94319,38.21.10
94319,38.11.69
94321,38.22.11
94321,38.22.19
94322,38.22.21
94322,38.22.29
94331,38.21.21
94332,38.21.22
94333,38.21.23
94339,38.21.29
94411,39.00.13
94412,39.00.12
94413,39.00.11
94420,39.00.21
94430,39.00.14
94490,39.00.22
94510,81.29.12
94590,81.29.13
94900,39.00.23
95110,94.11.10
95120,94.12.10
95200,94.20.10
95910,94.91.10
95920,94.92.10
95991,94.99.11
95992,94.99.12
95993,94.99.13
95994,94.99.14
95995,94.99.15
95996,94.99.20
95997,94.99.16
95998,94.99.17
95999,94.99.19
96111,59.20.11
96112,59.20.12
96113,59.20.13
96121,59.11.11
96121,59.11.12
96121,59.11.13
96122,59.20.21
96123,59.11.21
96123,59.20.22
96131,59.12.11
96132,59.12.12
96133,59.12.13
96134,59.12.14
96135,59.12.15
96136,59.12.16
96137,59.12.17
96139,59.12.19
96140,59.13.12
96150,59.14.10
96210,90.02.12
96220,90.02.11
96230,90.04.10
96290,90.02.19
96310,90.01.10
96320,90.03.11
96330,90.03.12
96411,91.02.10
96412,91.03.10
96421,91.04.11
96422,91.04.12
96511,93.19.11
96512,93.12.10
96520,93.11.10
96590,93.19.19
96610,93.19.12
96620,93.19.13
96910,93.21.10
96921,92.00.14
96921,92.00.21
96929,92.00.19
96929,92.00.11
96929,92.00.12
96929,92.00.13
96929,92.00.29
96930,93.29.22
96990,93.29.11
96990,93.29.19
96990,93.29.29
96990,93.29.21
97110,96.01.11
97120,96.01.12
97130,96.01.19
97140,96.01.13
97150,96.01.14
97210,96.02.11
97210,96.02.12
97220,96.02.13
97230,93.13.10
97230,96.04.10
97290,96.02.19
97310,96.03.11
97320,96.03.12
97910,96.09.12
97990,96.09.13
97990,96.09.19
98000,97.00.10
99000,99.00.10
