HS 2007,CPA 2008
101.1,01.43.10
101.9,01.43.10
102.1,01.41.10
102.1,01.42.11
102.9,01.41.10
102.9,01.42.11
102.9,01.42.12
103.1,01.46.10
103.91,01.46.10
103.92,01.46.10
104.1,01.45.11
104.2,01.45.12
105.11,01.47.11
105.12,01.47.12
105.19,01.47.13
105.19,01.47.14
105.94,01.47.11
105.99,01.47.12
105.99,01.47.13
105.99,01.47.14
106.11,01.49.19
106.12,03.00.69
106.19,01.49.11
106.19,01.49.19
106.2,01.49.13
106.31,01.49.12
106.32,01.49.12
106.39,01.49.12
106.9,01.49.19
201.1,10.11.11
201.2,10.11.11
201.3,10.11.11
202.1,10.11.31
202.2,10.11.31
202.3,10.11.31
203.11,10.11.12
203.12,10.11.12
203.19,10.11.12
203.21,10.11.32
203.22,10.11.32
203.29,10.11.32
204.1,10.11.13
204.21,10.11.13
204.22,10.11.13
204.23,10.11.13
204.3,10.11.33
204.41,10.11.33
204.42,10.11.33
204.43,10.11.33
204.5,10.11.14
204.5,10.11.34
205,10.11.15
205,10.11.35
206.1,10.11.20
206.21,10.11.39
206.22,10.11.39
206.29,10.11.39
206.3,10.11.20
206.41,10.11.39
206.49,10.11.39
206.8,10.11.20
206.9,10.11.39
207.11,10.12.10
207.12,10.12.20
207.13,10.12.10
207.13,10.12.40
207.14,10.12.20
207.14,10.12.40
207.24,10.12.10
207.25,10.12.20
207.26,10.12.10
207.26,10.12.40
207.27,10.12.20
207.27,10.12.40
207.32,10.12.10
207.33,10.12.20
207.34,10.12.10
207.35,10.12.10
207.35,10.12.40
207.36,10.12.20
207.36,10.12.40
208.1,10.11.39
208.3,10.11.39
208.4,10.11.39
208.5,10.11.39
208.9,10.11.39
209,10.11.50
209,10.12.30
210.11,10.13.11
210.12,10.13.11
210.19,10.13.11
210.2,10.13.12
210.91,10.13.13
210.92,10.13.13
210.93,10.13.13
210.99,10.13.13
301.1,03.00.11
302.7,10.20.12
303.11,10.20.13
303.19,10.20.13
303.21,10.20.13
303.22,10.20.13
303.29,10.20.13
303.31,10.20.13
303.32,10.20.13
303.33,10.20.13
303.39,10.20.13
303.41,10.20.13
303.42,10.20.13
303.43,10.20.13
303.44,10.20.13
303.45,10.20.13
303.46,10.20.13
303.49,10.20.13
303.51,10.20.13
303.52,10.20.13
303.61,10.20.13
303.62,10.20.13
303.71,10.20.13
303.72,10.20.13
303.73,10.20.13
303.74,10.20.13
303.75,10.20.13
303.76,10.20.13
303.77,10.20.13
303.78,10.20.13
303.79,10.20.13
303.8,10.20.16
304.11,10.20.11
304.12,10.20.11
304.19,10.20.11
304.21,10.20.14
304.22,10.20.14
304.29,10.20.14
304.91,10.20.15
304.92,10.20.15
304.99,10.20.15
305.1,10.20.22
305.2,10.20.22
305.3,10.20.21
305.41,10.20.24
305.42,10.20.24
305.49,10.20.24
305.51,10.20.23
305.59,10.20.23
305.61,10.20.23
305.62,10.20.23
305.63,10.20.23
305.69,10.20.23
306.11,10.20.31
306.12,10.20.31
306.13,10.20.31
306.14,10.20.31
306.19,10.20.31
307.29,10.20.32
307.39,10.20.32
307.49,10.20.32
307.59,10.20.32
307.6,01.49.23
307.99,10.20.33
401.1,10.51.11
401.2,10.51.11
401.3,10.51.12
402.1,10.51.21
402.21,10.51.22
402.29,10.51.22
402.91,10.51.51
402.99,10.51.51
403.1,10.51.52
403.9,10.51.52
404.1,10.51.55
404.9,10.51.56
405.1,10.51.30
405.2,10.51.30
405.9,10.51.30
406.1,10.51.40
406.2,10.51.40
406.3,10.51.40
406.4,10.51.40
406.9,10.51.40
407,01.47.21
407,01.47.23
407,01.49.24
408.11,10.89.12
408.19,10.89.12
408.91,10.89.12
408.99,10.89.12
409,01.49.21
410,01.49.24
501,96.02.20
502.1,10.11.60
502.9,10.11.60
504,10.11.60
505.1,10.12.50
505.9,10.12.50
506.1,10.11.60
506.9,10.11.60
507.1,10.11.60
507.9,10.11.60
508,03.00.61
510,10.11.60
511.1,01.42.20
511.91,10.20.42
511.99,10.11.60
601.1,01.30.10
601.2,01.30.10
602.1,01.30.10
602.2,01.30.10
602.3,01.30.10
602.4,01.30.10
602.9,01.30.10
602.9,02.10.11
603.11,01.19.21
603.12,01.19.21
603.13,01.19.21
603.14,01.19.21
603.19,01.19.21
603.9,01.19.21
604.1,02.30.30
604.91,01.29.20
604.91,02.30.30
604.99,02.30.30
701.1,01.13.51
701.9,01.13.51
702,01.13.34
703.1,01.13.43
703.2,01.13.42
703.9,01.13.44
704.1,01.13.13
704.2,01.13.12
704.9,01.13.12
705.11,01.13.14
705.19,01.13.14
705.21,01.13.15
705.29,01.13.15
706.1,01.13.41
706.9,01.13.49
707,01.13.32
708.1,01.11.62
708.2,01.11.61
708.9,01.11.69
709.2,01.13.11
709.3,01.13.33
709.4,01.13.90
709.51,01.13.80
709.59,01.13.80
709.6,01.13.31
709.7,01.13.16
709.9,01.13.17
709.9,01.13.19
709.9,01.13.39
709.9,01.26.11
709.9,01.26.12
709.9,01.28.19
710.1,10.31.11
710.21,10.39.11
710.22,10.39.11
710.29,10.39.11
710.3,10.39.11
710.4,10.39.11
710.8,10.39.11
710.9,10.39.11
711.2,10.39.12
711.4,10.39.12
711.51,10.39.12
711.59,10.39.12
711.9,10.39.12
712.2,10.39.13
712.31,10.39.13
712.32,10.39.13
712.33,10.39.13
712.39,10.39.13
712.9,10.31.12
712.9,10.39.13
713.1,01.11.75
713.2,01.11.73
713.31,01.11.71
713.32,01.11.71
713.33,01.11.71
713.39,01.11.71
713.4,01.11.74
713.5,01.11.72
713.9,01.11.79
714.1,01.13.53
714.2,01.13.52
714.9,01.13.59
801.11,01.26.20
801.19,01.26.20
801.21,01.25.39
801.22,01.25.39
801.31,01.25.39
801.32,01.25.39
802.11,01.25.31
802.12,01.25.31
802.21,01.25.33
802.22,01.25.33
802.31,01.25.35
802.32,01.25.35
802.4,01.25.32
802.5,01.25.34
802.6,01.25.39
802.9,01.25.39
803,01.22.12
803,10.39.25
804.1,01.22.13
804.2,01.22.14
804.2,10.39.25
804.3,01.22.19
804.4,01.22.11
804.5,01.22.19
805.1,01.23.13
805.2,01.23.14
805.4,01.23.11
805.5,01.23.12
805.9,01.23.19
806.1,01.21.11
806.1,01.21.12
806.2,10.39.25
807.11,01.13.21
807.19,01.13.29
807.2,01.22.19
808.1,01.24.10
808.2,01.24.21
808.2,01.24.22
809.1,01.24.23
809.2,01.24.24
809.3,01.24.25
809.3,01.24.26
809.4,01.24.27
809.4,01.24.28
810.1,01.25.13
810.2,01.25.12
810.4,01.25.19
810.5,01.25.11
810.6,01.22.19
810.9,01.24.29
810.9,01.25.19
810.9,01.25.90
811.1,10.39.21
811.2,10.39.21
811.9,10.39.21
812.1,10.39.24
812.9,10.39.24
813.1,10.39.25
813.2,10.39.25
813.3,10.39.25
813.4,10.39.25
813.5,10.39.25
814,10.39.24
901.11,01.27.11
901.12,10.83.11
901.21,10.83.11
901.22,10.83.11
901.9,10.83.12
902.1,10.83.13
902.2,01.27.12
902.3,10.83.13
902.4,01.27.12
903,01.27.13
904.11,01.28.11
904.12,10.84.21
904.2,01.28.12
904.2,10.84.22
905,01.28.18
906.11,01.28.15
906.19,01.28.15
906.2,10.84.23
907,01.28.16
908.1,01.28.13
908.2,01.28.13
908.3,01.28.13
909.1,01.28.14
909.2,01.28.14
909.3,01.28.14
909.4,01.28.14
909.5,01.28.14
910.1,01.28.17
910.2,01.28.19
910.2,10.84.23
910.3,01.28.19
910.91,01.28.19
910.91,10.84.23
910.99,01.28.19
910.99,10.84.23
1001.1,01.11.11
1001.9,01.11.12
1002,01.11.32
1003,01.11.31
1004,01.11.33
1005.1,01.11.20
1005.9,01.11.20
1006.1,01.12.10
1006.2,10.61.11
1006.3,10.61.12
1006.4,10.61.12
1007,01.11.41
1008.1,01.11.49
1008.2,01.11.42
1008.3,01.11.49
1008.9,01.11.49
1101,10.61.21
1102.1,10.61.22
1102.2,10.61.22
1102.9,10.61.22
1103.11,10.61.31
1103.13,10.61.32
1103.19,10.61.32
1103.2,10.61.32
1104.12,10.61.33
1104.19,10.61.33
1104.22,10.61.33
1104.23,10.61.33
1104.29,10.61.33
1104.3,10.61.33
1105.1,10.31.13
1105.2,10.31.13
1106.1,10.61.23
1106.2,10.61.23
1106.3,10.61.23
1107.1,11.06.10
1107.2,11.06.10
1108.11,10.62.11
1108.12,10.62.11
1108.13,10.62.11
1108.14,10.62.11
1108.19,10.62.11
1108.2,10.62.11
1109,10.62.11
1201,01.11.81
1202.1,01.11.82
1202.2,01.11.83
1203,01.26.90
1204,01.11.91
1205.1,01.11.93
1205.9,01.11.93
1206,01.11.95
1207.2,01.11.84
1207.4,01.11.94
1207.5,01.11.92
1207.91,01.11.99
1207.99,01.11.99
1208.1,10.41.42
1208.9,10.41.42
1209.1,01.13.72
1209.21,01.19.31
1209.22,01.19.31
1209.23,01.19.31
1209.24,01.19.31
1209.25,01.19.31
1209.29,01.19.31
1209.3,01.19.22
1209.91,01.13.60
1209.99,01.25.20
1209.99,02.10.12
1210.1,01.28.20
1210.2,01.28.20
1211.2,01.28.30
1211.3,01.28.30
1211.4,01.28.30
1211.9,01.28.30
1212.91,01.13.71
1212.99,01.14.10
1212.99,01.19.39
1212.99,01.25.20
1212.99,01.25.90
1213,01.11.50
1214.1,10.91.20
1214.9,01.19.10
1301.2,02.30.12
1301.9,02.30.12
1302.11,10.89.15
1302.12,10.89.15
1302.13,10.89.15
1302.19,10.89.15
1302.2,10.89.15
1302.31,10.89.15
1302.32,10.89.15
1302.39,10.89.15
1401.1,01.29.30
1401.2,01.29.30
1401.9,01.29.30
1404.2,10.41.30
1404.9,01.29.30
1501,10.11.50
1501,10.12.30
1502,10.11.50
1503,10.41.11
1504.1,10.41.12
1504.2,10.41.12
1504.3,10.41.12
1505,13.10.10
1506,10.41.19
1507.1,10.41.21
1507.9,10.41.51
1508.1,10.41.22
1508.9,10.41.52
1509.1,10.41.23
1509.9,10.41.53
1510,10.41.23
1510,10.41.53
1511.1,10.41.27
1511.9,10.41.57
1512.11,10.41.24
1512.19,10.41.54
1512.21,10.41.25
1512.29,10.41.55
1513.11,10.41.28
1513.19,10.41.58
1513.21,10.41.29
1513.29,10.41.59
1514.11,10.41.26
1514.19,10.41.56
1514.91,10.41.26
1514.99,10.41.56
1515.11,10.41.29
1515.19,10.41.59
1515.21,10.62.14
1515.29,10.62.14
1515.3,10.41.59
1515.5,10.41.29
1515.5,10.41.59
1515.9,10.41.29
1515.9,10.41.59
1516.1,10.41.60
1516.2,10.41.60
1517.1,10.42.10
1517.9,10.42.10
1518,20.59.20
1520,20.41.10
1521.1,10.41.71
1521.9,01.49.26
1522,10.41.72
1601,10.13.14
1602.1,10.86.10
1602.2,10.13.15
1602.31,10.13.15
1602.32,10.13.15
1602.39,10.13.15
1602.41,10.13.15
1602.42,10.13.15
1602.49,10.13.15
1602.5,10.13.15
1602.9,10.13.15
1603,10.89.14
1604.11,10.20.25
1604.12,10.20.25
1604.13,10.20.25
1604.14,10.20.25
1604.15,10.20.25
1604.16,10.20.25
1604.19,10.20.25
1604.2,10.20.25
1604.3,10.20.26
1605.1,10.20.34
1605.2,10.20.34
1605.3,10.20.34
1605.4,10.20.34
1605.9,10.20.34
1701.11,10.81.11
1701.12,10.81.11
1701.91,10.81.13
1701.99,10.81.12
1702.11,10.51.54
1702.19,10.51.54
1702.2,10.81.13
1702.3,10.62.13
1702.4,10.62.13
1702.5,10.62.13
1702.6,10.62.13
1702.9,10.62.13
1702.9,10.89.19
1703.1,10.81.14
1703.9,10.81.14
1704.1,10.82.23
1704.9,10.82.23
1801,01.27.14
1802,10.82.30
1803.1,10.82.11
1803.2,10.82.11
1804,10.82.12
1805,10.82.13
1806.1,10.82.14
1806.2,10.82.21
1806.31,10.82.22
1806.32,10.82.22
1806.9,10.82.22
1901.1,10.86.10
1901.2,10.61.24
1901.9,10.89.19
1902.11,10.73.11
1902.19,10.73.11
1902.2,10.85.14
1902.3,10.85.14
1902.4,10.73.12
1903,10.62.12
1904.1,10.61.33
1904.2,10.61.33
1904.3,10.61.33
1904.9,10.61.33
1905.1,10.72.11
1905.2,10.72.12
1905.31,10.72.12
1905.32,10.72.12
1905.4,10.72.11
1905.9,10.71.11
1905.9,10.71.12
1905.9,10.72.19
2001.1,10.39.18
2001.9,10.39.18
2002.1,10.39.17
2002.9,10.39.17
2003.1,10.39.17
2003.2,10.39.17
2003.9,10.39.17
2004.1,10.31.11
2004.9,10.39.17
2005.1,10.86.10
2005.2,10.31.14
2005.4,10.39.16
2005.51,10.39.15
2005.59,10.39.15
2005.6,10.39.17
2005.7,10.39.17
2005.8,10.39.17
2005.91,10.39.17
2005.99,10.39.17
2006,10.82.24
2007.1,10.86.10
2007.91,10.39.22
2007.99,10.39.22
2008.11,10.39.23
2008.19,10.39.23
2008.2,10.39.25
2008.3,10.39.25
2008.4,10.39.25
2008.5,10.39.25
2008.6,10.39.25
2008.7,10.39.25
2008.8,10.39.25
2008.91,10.39.25
2008.92,10.39.25
2008.99,10.39.25
2009.11,10.32.12
2009.12,10.32.12
2009.19,10.32.12
2009.21,10.32.13
2009.29,10.32.13
2009.31,10.32.19
2009.39,10.32.19
2009.41,10.32.14
2009.49,10.32.14
2009.5,10.32.11
2009.61,10.32.15
2009.69,10.32.15
2009.71,10.32.16
2009.79,10.32.16
2009.8,10.32.19
2009.9,10.32.17
2101.11,10.83.12
2101.12,10.83.12
2101.2,10.83.14
2101.3,10.83.12
2102.1,10.89.13
2102.2,10.89.13
2102.3,10.89.13
2103.1,10.84.12
2103.2,10.84.12
2103.3,10.84.12
2103.9,10.84.12
2104.1,10.89.11
2104.2,10.86.10
2105,10.52.10
2106.1,10.89.19
2106.9,10.85.19
2106.9,10.89.19
2201.1,11.07.11
2201.9,11.07.11
2202.1,11.07.19
2202.9,11.07.19
2203,11.05.10
2204.1,11.02.11
2204.21,11.02.12
2204.29,11.02.12
2204.3,11.02.12
2205.1,11.04.10
2205.9,11.04.10
2206,11.03.10
2207.1,20.14.74
2207.2,20.14.75
2208.2,11.01.10
2208.3,11.01.10
2208.4,11.01.10
2208.5,11.01.10
2208.6,11.01.10
2208.7,11.01.10
2208.9,11.01.10
2209,10.84.11
2301.1,10.13.16
2301.2,10.20.41
2302.1,10.61.40
2302.3,10.61.40
2302.4,10.61.40
2302.5,10.61.40
2303.1,10.62.20
2303.2,10.81.20
2303.3,11.05.20
2304,10.41.41
2305,10.41.41
2306.1,10.41.41
2306.2,10.41.41
2306.3,10.41.41
2306.41,10.41.41
2306.49,10.41.41
2306.5,10.41.41
2306.6,10.41.41
2306.9,10.41.41
2307,11.02.20
2308,10.39.30
2309.1,10.92.10
2309.9,10.91.10
2401.1,01.15.10
2401.2,01.15.10
2401.3,12.00.20
2402.1,12.00.11
2402.2,12.00.11
2402.9,12.00.11
2403.1,12.00.19
2403.91,12.00.19
2403.99,12.00.19
2501,08.93.10
2501,10.84.30
2502,08.91.12
2503,08.91.12
2503,20.13.66
2504.1,08.99.29
2504.9,08.99.29
2505.1,08.12.11
2505.9,08.12.11
2506.1,08.99.29
2506.2,08.11.12
2507,08.12.21
2508.1,08.12.22
2508.3,08.12.22
2508.4,08.12.22
2508.5,08.12.22
2508.6,08.12.22
2508.7,08.12.22
2509,08.11.30
2510.1,08.91.11
2510.2,08.91.11
2511.1,08.91.19
2511.2,08.91.19
2512,08.99.29
2513.1,08.99.22
2513.2,08.99.22
2514,08.11.40
2515.11,08.11.11
2515.12,08.11.11
2515.2,08.11.11
2516.11,08.11.12
2516.12,08.11.12
2516.2,08.11.12
2516.9,08.11.12
2517.1,08.12.12
2517.2,08.12.13
2517.3,23.99.13
2517.41,08.12.12
2517.49,08.12.12
2518.1,08.11.30
2518.2,23.52.30
2518.3,23.52.30
2519.1,08.99.29
2519.9,08.99.29
2520.1,08.11.20
2520.2,23.52.20
2521,08.11.20
2522.1,23.52.10
2522.2,23.52.10
2522.3,23.52.10
2523.1,23.51.11
2523.21,23.51.12
2523.29,23.51.12
2523.3,23.51.12
2523.9,23.51.12
2524.1,08.99.29
2524.9,08.99.29
2525.1,08.99.29
2525.2,08.99.29
2525.3,08.99.29
2526.1,08.99.29
2526.2,08.99.29
2528.1,08.91.19
2528.9,08.91.19
2529.1,08.99.29
2529.21,08.91.19
2529.22,08.91.19
2529.3,08.99.29
2530.1,08.99.29
2530.2,08.91.19
2530.9,08.91.19
2601.11,07.10.10
2601.12,07.10.10
2601.2,20.13.67
2602,07.29.19
2603,07.29.11
2604,07.29.12
2605,07.29.19
2606,07.29.13
2607,07.29.15
2608,07.29.15
2609,07.29.15
2610,07.29.19
2611,07.29.19
2612.1,07.21.10
2612.2,07.21.10
2613.1,07.29.19
2613.9,07.29.19
2614,07.29.19
2615.1,07.29.19
2615.9,07.29.19
2616.1,07.29.14
2616.9,07.29.14
2617.1,07.29.19
2617.9,07.29.19
2618,38.11.58
2619,38.11.58
2620.11,38.11.58
2620.19,38.11.58
2620.21,38.11.58
2620.29,38.11.58
2620.3,38.11.58
2620.4,38.11.58
2620.6,38.11.58
2620.91,38.11.58
2620.99,38.11.58
2621.1,38.21.40
2621.9,08.99.29
2701.11,05.10.10
2701.12,05.10.10
2701.19,05.10.10
2701.2,19.20.11
2702.1,05.20.10
2702.2,19.20.12
2703,08.92.10
2704,19.10.10
2705,35.21.10
2706,19.10.20
2707.1,20.14.73
2707.2,20.14.73
2707.3,20.14.73
2707.4,20.14.73
2707.5,20.14.73
2707.91,20.14.73
2707.99,20.14.73
2708.1,19.10.30
2708.2,19.10.30
2709,06.10.10
2710.11,19.20.21
2710.11,19.20.22
2710.11,19.20.23
2710.19,19.20.24
2710.19,19.20.25
2710.19,19.20.26
2710.19,19.20.27
2710.19,19.20.28
2710.19,19.20.29
2710.91,38.12.25
2710.99,38.12.25
2711.11,06.20.10
2711.12,19.20.31
2711.13,19.20.31
2711.14,19.20.32
2711.19,19.20.32
2711.21,06.20.10
2711.29,19.20.32
2712.1,19.20.41
2712.2,19.20.41
2712.9,19.20.41
2713.11,19.20.42
2713.12,19.20.42
2713.2,19.20.42
2713.9,19.20.42
2714.1,06.10.20
2714.9,08.99.10
2715,23.99.13
2716,35.11.10
2801.1,20.13.21
2801.2,20.13.21
2801.3,20.13.21
2802,20.13.21
2803,20.13.21
2804.1,20.11.11
2804.21,20.11.11
2804.29,20.11.11
2804.3,20.11.11
2804.4,20.11.11
2804.5,20.13.21
2804.61,20.13.21
2804.69,20.13.21
2804.7,20.13.21
2804.8,20.13.21
2804.9,20.13.21
2805.11,20.13.23
2805.12,20.13.23
2805.19,20.13.23
2805.3,20.13.23
2805.4,20.13.23
2806.1,20.13.24
2806.2,20.13.24
2807,20.13.24
2808,20.15.10
2809.1,20.13.24
2809.2,20.13.24
2810,20.13.24
2811.11,20.13.24
2811.19,20.13.24
2811.21,20.11.12
2811.22,20.13.24
2811.29,20.11.12
2811.29,20.13.24
2812.1,20.13.22
2812.9,20.13.22
2813.1,20.13.22
2813.9,20.13.22
2814.1,20.15.10
2814.2,20.15.10
2815.11,20.13.25
2815.12,20.13.25
2815.2,20.13.25
2815.3,20.13.25
2816.1,20.13.25
2816.4,20.13.25
2817,20.12.11
2818.1,23.99.15
2818.2,24.42.12
2818.3,20.13.25
2819.1,20.12.12
2819.9,20.12.12
2820.1,20.12.12
2820.9,20.12.12
2821.1,20.12.19
2821.2,20.12.19
2822,20.12.19
2823,20.12.11
2824.1,20.12.12
2824.9,20.12.12
2825.1,20.13.25
2825.2,20.12.19
2825.3,20.12.19
2825.4,20.12.19
2825.5,20.12.12
2825.6,20.12.19
2825.7,20.12.19
2825.8,20.12.19
2825.9,20.12.19
2826.12,20.13.31
2826.19,20.13.31
2826.3,20.13.31
2826.9,20.13.31
2827.1,20.15.20
2827.2,20.13.31
2827.31,20.13.31
2827.32,20.13.31
2827.35,20.13.31
2827.39,20.13.31
2827.41,20.13.31
2827.49,20.13.31
2827.51,20.13.31
2827.59,20.13.31
2827.6,20.13.31
2828.1,20.13.32
2828.9,20.13.32
2829.11,20.13.32
2829.19,20.13.32
2829.9,20.13.32
2830.1,20.13.41
2830.9,20.13.41
2831.1,20.13.41
2831.9,20.13.41
2832.1,20.13.41
2832.2,20.13.41
2832.3,20.13.41
2833.11,20.13.41
2833.19,20.13.41
2833.21,20.13.41
2833.22,20.13.41
2833.24,20.13.41
2833.25,20.13.41
2833.27,20.13.41
2833.29,20.13.41
2833.3,20.13.41
2833.4,20.13.41
2834.1,20.15.20
2834.21,20.15.76
2834.29,20.13.42
2835.1,20.13.42
2835.22,20.13.42
2835.24,20.13.42
2835.25,20.13.42
2835.26,20.13.42
2835.29,20.13.42
2835.31,20.13.42
2835.39,20.13.42
2836.2,20.13.43
2836.3,20.13.43
2836.4,20.13.43
2836.5,20.13.43
2836.6,20.13.43
2836.91,20.13.43
2836.92,20.13.43
2836.99,20.13.43
2837.11,20.13.62
2837.19,20.13.62
2837.2,20.13.62
2839.11,20.13.62
2839.19,20.13.62
2839.9,20.13.62
2840.11,20.13.62
2840.19,20.13.62
2840.2,20.13.62
2840.3,20.13.62
2841.3,20.13.51
2841.5,20.13.51
2841.61,20.13.51
2841.69,20.13.51
2841.7,20.13.51
2841.8,20.13.51
2841.9,20.13.51
2842.1,20.13.62
2842.9,20.13.62
2843.1,20.13.51
2843.21,20.13.51
2843.29,20.13.51
2843.3,20.13.51
2843.9,20.13.51
2844.1,24.46.10
2844.2,20.13.11
2844.3,20.13.12
2844.4,20.13.13
2844.5,38.12.21
2845.1,20.13.61
2845.9,20.13.61
2846.1,20.13.65
2846.9,20.13.65
2847,20.13.63
2848,20.13.64
2849.1,20.13.64
2849.2,20.13.64
2849.9,20.13.64
2850,20.13.64
2852,20.13.52
2853,20.11.13
2853,20.13.52
2901.1,20.14.11
2901.21,20.14.11
2901.22,20.14.11
2901.23,20.14.11
2901.24,20.14.11
2901.29,20.14.11
2902.11,20.14.12
2902.19,20.14.12
2902.2,20.14.12
2902.3,20.14.12
2902.41,20.14.12
2902.42,20.14.12
2902.43,20.14.12
2902.44,20.14.12
2902.5,20.14.12
2902.6,20.14.12
2902.7,20.14.12
2902.9,20.14.12
2903.11,20.14.13
2903.12,20.14.13
2903.13,20.14.13
2903.14,20.14.13
2903.15,20.14.13
2903.19,20.14.13
2903.21,20.14.13
2903.22,20.14.13
2903.23,20.14.13
2903.29,20.14.13
2903.31,20.14.19
2903.39,20.14.19
2903.41,20.14.19
2903.42,20.14.19
2903.43,20.14.19
2903.44,20.14.19
2903.45,20.14.19
2903.46,20.14.19
2903.47,20.14.19
2903.49,20.14.19
2903.51,20.14.19
2903.52,20.14.19
2903.59,20.14.19
2903.61,20.14.19
2903.62,20.14.19
2903.69,20.14.19
2904.1,20.14.14
2904.2,20.14.14
2904.9,20.14.14
2905.11,20.14.22
2905.12,20.14.22
2905.13,20.14.22
2905.14,20.14.22
2905.16,20.14.22
2905.17,20.14.22
2905.19,20.14.22
2905.22,20.14.22
2905.29,20.14.22
2905.31,20.14.23
2905.32,20.14.23
2905.39,20.14.23
2905.41,20.14.23
2905.42,20.14.23
2905.43,20.14.23
2905.44,20.14.23
2905.45,20.14.23
2905.49,20.14.23
2905.51,20.14.23
2905.59,20.14.23
2906.11,20.14.23
2906.12,20.14.23
2906.13,20.14.23
2906.19,20.14.23
2906.21,20.14.23
2906.29,20.14.23
2907.11,20.14.24
2907.12,20.14.24
2907.13,20.14.24
2907.15,20.14.24
2907.19,20.14.24
2907.21,20.14.24
2907.22,20.14.24
2907.23,20.14.24
2907.29,20.14.24
2908.11,20.14.24
2908.91,20.14.24
2908.99,20.14.24
2909.11,20.14.63
2909.19,20.14.63
2909.2,20.14.63
2909.3,20.14.63
2909.41,20.14.63
2909.43,20.14.63
2909.44,20.14.63
2909.49,20.14.63
2909.5,20.14.63
2909.6,20.14.63
2910.1,20.14.63
2910.2,20.14.63
2910.3,20.14.63
2910.4,20.14.63
2910.9,20.14.63
2911,20.14.63
2912.11,20.14.61
2912.12,20.14.61
2912.19,20.14.61
2912.21,20.14.61
2912.29,20.14.61
2912.3,20.14.61
2912.41,20.14.61
2912.42,20.14.61
2912.49,20.14.61
2912.5,20.14.61
2912.6,20.14.61
2913,20.14.61
2914.11,20.14.62
2914.12,20.14.62
2914.13,20.14.62
2914.19,20.14.62
2914.21,20.14.62
2914.22,20.14.62
2914.23,20.14.62
2914.29,20.14.62
2914.31,20.14.62
2914.39,20.14.62
2914.4,20.14.62
2914.5,20.14.62
2914.61,20.14.62
2914.69,20.14.62
2914.7,20.14.62
2915.11,20.14.32
2915.12,20.14.32
2915.13,20.14.32
2915.21,20.14.32
2915.24,20.14.32
2915.29,20.14.32
2915.31,20.14.32
2915.32,20.14.32
2915.33,20.14.32
2915.36,20.14.32
2915.39,20.14.32
2915.4,20.14.32
2915.5,20.14.32
2915.6,20.14.32
2915.7,20.14.32
2915.9,20.14.32
2916.11,20.14.33
2916.12,20.14.33
2916.13,20.14.33
2916.14,20.14.33
2916.15,20.14.33
2916.19,20.14.33
2916.2,20.14.33
2916.31,20.14.33
2916.32,20.14.33
2916.34,20.14.33
2916.35,20.14.33
2916.39,20.14.33
2917.11,20.14.33
2917.12,20.14.33
2917.13,20.14.33
2917.14,20.14.33
2917.19,20.14.33
2917.2,20.14.33
2917.32,20.14.34
2917.33,20.14.34
2917.34,20.14.34
2917.35,20.14.34
2917.36,20.14.34
2917.37,20.14.34
2917.39,20.14.34
2918.11,20.14.34
2918.12,20.14.34
2918.13,20.14.34
2918.14,20.14.34
2918.15,20.14.34
2918.16,20.14.34
2918.18,20.14.34
2918.19,20.14.34
2918.21,21.10.10
2918.22,21.10.10
2918.23,21.10.10
2918.29,20.14.34
2918.3,20.14.34
2918.91,20.14.34
2918.99,20.14.34
2919.1,20.14.53
2919.9,20.14.53
2920.11,20.14.53
2920.19,20.14.53
2920.9,20.14.53
2921.11,20.14.41
2921.19,20.14.41
2921.21,20.14.41
2921.22,20.14.41
2921.29,20.14.41
2921.3,20.14.41
2921.41,20.14.41
2921.42,20.14.41
2921.43,20.14.41
2921.44,20.14.41
2921.45,20.14.41
2921.46,20.14.41
2921.49,20.14.41
2921.51,20.14.41
2921.59,20.14.41
2922.11,20.14.42
2922.12,20.14.42
2922.13,20.14.42
2922.14,20.14.42
2922.19,20.14.42
2922.21,20.14.42
2922.29,20.14.42
2922.31,20.14.42
2922.39,20.14.42
2922.41,21.10.20
2922.42,21.10.20
2922.43,20.14.42
2922.44,20.14.42
2922.49,20.14.42
2922.5,20.14.42
2923.1,21.10.20
2923.2,21.10.20
2923.9,21.10.20
2924.11,21.10.20
2924.12,21.10.20
2924.19,21.10.20
2924.21,20.14.43
2924.23,21.10.20
2924.24,21.10.20
2924.29,21.10.20
2925.11,20.14.43
2925.12,20.14.43
2925.19,20.14.43
2925.21,20.14.43
2925.29,20.14.43
2926.1,20.14.43
2926.2,20.14.43
2926.3,20.14.43
2926.9,20.14.43
2927,20.14.44
2928,20.14.44
2929.1,20.14.44
2929.9,20.14.44
2930.2,20.14.51
2930.3,20.14.51
2930.4,20.14.51
2930.5,20.14.51
2930.9,20.14.51
2931,20.14.51
2932.11,20.14.52
2932.12,20.14.52
2932.13,20.14.52
2932.19,20.14.52
2932.21,20.14.52
2932.29,21.10.31
2932.91,20.14.52
2932.92,20.14.52
2932.93,20.14.52
2932.94,20.14.52
2932.95,20.14.52
2932.99,20.14.52
2933.11,21.10.31
2933.19,21.10.31
2933.21,21.10.31
2933.29,20.14.52
2933.31,20.14.52
2933.32,20.14.52
2933.33,20.14.52
2933.39,20.14.52
2933.41,20.14.52
2933.49,20.14.52
2933.52,21.10.31
2933.53,21.10.31
2933.54,21.10.31
2933.55,21.10.31
2933.59,21.10.31
2933.61,20.14.52
2933.69,21.10.31
2933.71,20.14.52
2933.72,20.14.52
2933.79,20.14.52
2933.91,20.14.52
2933.99,20.14.52
2934.1,20.14.52
2934.2,20.14.52
2934.3,21.10.31
2934.91,20.14.52
2934.99,20.14.52
2935,21.10.32
2936.21,21.10.51
2936.22,21.10.51
2936.23,21.10.51
2936.24,21.10.51
2936.25,21.10.51
2936.26,21.10.51
2936.27,21.10.51
2936.28,21.10.51
2936.29,21.10.51
2936.9,21.10.51
2937.11,21.10.52
2937.12,21.10.52
2937.19,21.10.52
2937.21,21.10.52
2937.22,21.10.52
2937.23,21.10.52
2937.29,21.10.52
2937.31,21.10.52
2937.39,21.10.52
2937.4,21.10.52
2937.5,21.10.52
2937.9,21.10.52
2938.1,21.10.53
2938.9,21.10.53
2939.11,21.10.53
2939.19,21.10.53
2939.2,21.10.53
2939.3,21.10.53
2939.41,21.10.53
2939.42,21.10.53
2939.43,21.10.53
2939.49,21.10.53
2939.51,21.10.53
2939.59,21.10.53
2939.61,21.10.53
2939.62,21.10.53
2939.63,21.10.53
2939.69,21.10.53
2939.91,21.10.53
2939.99,21.10.53
2940,21.10.40
2941.1,21.10.54
2941.2,21.10.54
2941.3,21.10.54
2941.4,21.10.54
2941.5,21.10.54
2941.9,21.10.54
2942,20.14.64
3001.2,21.10.60
3001.9,21.10.60
3002.1,21.20.21
3002.2,21.20.21
3002.3,21.20.21
3002.9,21.10.60
3003.1,21.20.11
3003.2,21.20.11
3003.31,21.20.12
3003.39,21.20.12
3003.4,21.20.13
3003.9,21.20.13
3004.1,21.20.11
3004.2,21.20.11
3004.31,21.20.12
3004.32,21.20.12
3004.39,21.20.12
3004.4,21.20.13
3004.5,21.20.13
3004.9,21.20.13
3005.1,21.20.24
3005.9,21.20.24
3006.1,21.20.24
3006.1,32.50.50
3006.2,21.20.23
3006.3,21.20.23
3006.4,32.50.50
3006.5,21.20.24
3006.6,21.20.22
3006.7,32.50.50
3006.91,22.29.29
3006.92,38.12.22
3101,20.15.80
3102.1,20.15.31
3102.21,20.15.32
3102.29,20.15.39
3102.3,20.15.33
3102.4,20.15.35
3102.5,20.15.60
3102.6,20.15.34
3102.8,20.15.39
3102.9,20.15.39
3103.1,20.15.41
3103.9,20.15.49
3104.2,20.15.51
3104.3,20.15.52
3104.9,20.15.59
3105.1,20.15.79
3105.2,20.15.71
3105.3,20.15.72
3105.4,20.15.73
3105.51,20.15.74
3105.59,20.15.74
3105.6,20.15.75
3105.9,20.15.79
3201.1,20.12.22
3201.2,20.12.22
3201.9,20.12.22
3202.1,20.12.23
3202.9,20.12.23
3203,20.12.22
3204.11,20.12.21
3204.12,20.12.21
3204.13,20.12.21
3204.14,20.12.21
3204.15,20.12.21
3204.16,20.12.21
3204.17,20.12.21
3204.19,20.12.21
3204.2,20.12.21
3204.9,20.12.21
3205,20.12.21
3206.11,20.12.24
3206.19,20.12.24
3206.2,20.12.24
3206.41,20.12.24
3206.42,20.12.24
3206.49,20.12.24
3206.5,20.12.24
3207.1,20.30.21
3207.2,20.30.21
3207.3,20.30.21
3207.4,20.30.21
3208.1,20.30.12
3208.2,20.30.12
3208.9,20.30.12
3209.1,20.30.11
3209.9,20.30.11
3210,20.30.22
3211,20.30.22
3212.1,20.30.22
3212.9,20.30.22
3213.1,20.30.23
3213.9,20.30.23
3214.1,20.30.22
3214.9,20.30.22
3215.11,20.30.24
3215.19,20.30.24
3215.9,20.59.30
3301.12,20.53.10
3301.13,20.53.10
3301.19,20.53.10
3301.24,20.53.10
3301.25,20.53.10
3301.29,20.53.10
3301.3,20.53.10
3301.9,20.53.10
3302.1,20.53.10
3302.9,20.53.10
3303,20.42.11
3304.1,20.42.12
3304.2,20.42.12
3304.3,20.42.13
3304.91,20.42.14
3304.99,20.42.15
3305.1,20.42.16
3305.2,20.42.16
3305.3,20.42.16
3305.9,20.42.17
3306.1,20.42.18
3306.2,20.42.18
3306.9,20.42.18
3307.1,20.42.19
3307.2,20.42.19
3307.3,20.42.19
3307.41,20.41.41
3307.49,20.41.41
3307.9,20.42.19
3401.11,20.42.19
3401.19,20.41.31
3401.2,20.41.31
3401.3,20.42.19
3402.11,20.41.20
3402.12,20.41.20
3402.13,20.41.20
3402.19,20.41.20
3402.2,20.41.32
3402.9,20.41.32
3403.11,20.59.41
3403.19,20.59.41
3403.91,20.59.41
3403.99,20.59.41
3404.2,20.41.42
3404.9,20.41.42
3405.1,20.41.43
3405.2,20.41.43
3405.3,20.41.43
3405.4,20.41.44
3405.9,20.41.43
3406,32.99.54
3407,20.59.52
3501.1,10.51.53
3501.9,20.52.10
3501.9,20.59.60
3502.11,10.89.12
3502.19,10.89.12
3502.2,20.59.60
3502.9,20.59.60
3503,20.52.10
3503,20.59.60
3504,20.59.51
3505.1,10.62.11
3505.2,20.52.10
3506.1,20.52.10
3506.91,20.52.10
3506.99,20.52.10
3507.1,20.14.64
3507.9,20.14.64
3601,20.51.11
3602,20.51.11
3603,20.51.12
3604.1,20.51.13
3604.9,20.51.14
3605,20.51.20
3606.1,32.99.43
3606.9,32.99.42
3701.1,20.59.11
3701.2,20.59.11
3701.3,20.59.11
3701.91,20.59.11
3701.99,20.59.11
3702.1,20.59.11
3702.31,20.59.11
3702.32,20.59.11
3702.39,20.59.11
3702.41,20.59.11
3702.42,20.59.11
3702.43,20.59.11
3702.44,20.59.11
3702.51,20.59.11
3702.52,20.59.11
3702.53,20.59.11
3702.54,20.59.11
3702.55,20.59.11
3702.56,20.59.11
3702.91,20.59.11
3702.93,20.59.11
3702.94,20.59.11
3702.95,20.59.11
3703.1,20.59.11
3703.2,20.59.11
3703.9,20.59.11
3704,74.20.11
3705.1,74.20.12
3706.1,59.11.22
3706.9,59.11.22
3707.1,20.59.12
3707.9,20.59.12
3801.1,23.99.14
3801.2,23.99.14
3801.3,23.99.14
3801.9,23.99.14
3802.1,20.59.54
3802.9,20.14.71
3803,20.14.71
3804,20.14.80
3805.1,20.14.71
3806.1,20.14.71
3806.2,20.14.71
3806.3,20.14.71
3806.9,20.14.71
3807,20.14.71
3808.5,20.20.19
3808.91,20.20.11
3808.92,20.20.15
3808.93,20.20.12
3808.93,20.20.13
3808.94,20.20.14
3808.99,20.20.19
3809.1,20.59.55
3809.91,20.59.55
3809.92,20.59.55
3809.93,20.59.55
3810.1,20.59.56
3810.9,20.59.56
3811.11,20.59.42
3811.19,20.59.42
3811.21,20.59.42
3811.29,20.59.42
3811.9,20.59.42
3812.1,20.59.56
3812.2,20.59.56
3812.3,20.59.56
3813,20.59.52
3814,20.30.22
3815.11,20.59.56
3815.12,20.59.56
3815.19,20.59.56
3815.9,20.59.56
3816,23.20.13
3817,20.59.56
3818,20.59.53
3819,20.59.43
3820,20.59.43
3821,20.59.52
3822,20.59.52
3823.11,20.14.31
3823.12,20.14.31
3823.13,20.14.31
3823.19,20.14.31
3823.7,20.14.21
3824.1,20.59.57
3824.3,20.59.57
3824.4,20.59.57
3824.5,23.63.10
3824.5,23.64.10
3824.6,20.59.57
3824.71,20.59.59
3824.72,20.59.59
3824.73,20.59.59
3824.74,20.59.59
3824.75,20.59.59
3824.76,20.59.59
3824.77,20.59.59
3824.78,20.59.59
3824.79,20.59.59
3824.81,20.59.59
3824.82,20.59.59
3824.83,20.59.59
3824.9,20.59.57
3824.9,20.59.59
3825.1,38.11.31
3825.2,37.00.20
3825.3,38.12.23
3825.41,38.21.30
3825.49,38.21.30
3825.5,38.12.24
3825.61,38.12.24
3825.69,38.12.24
3825.9,38.12.29
3901.1,20.16.10
3901.2,20.16.10
3901.3,20.16.10
3901.9,20.16.10
3902.1,20.16.51
3902.2,20.16.51
3902.3,20.16.51
3902.9,20.16.51
3903.11,20.16.20
3903.19,20.16.20
3903.2,20.16.20
3903.3,20.16.20
3903.9,20.16.20
3904.1,20.16.30
3904.21,20.16.30
3904.22,20.16.30
3904.3,20.16.30
3904.4,20.16.30
3904.5,20.16.30
3904.61,20.16.30
3904.69,20.16.30
3904.9,20.16.30
3905.12,20.16.52
3905.19,20.16.52
3905.21,20.16.52
3905.29,20.16.52
3905.3,20.16.52
3905.91,20.16.52
3905.99,20.16.52
3906.1,20.16.53
3906.9,20.16.53
3907.1,20.16.40
3907.2,20.16.40
3907.3,20.16.40
3907.4,20.16.40
3907.5,20.16.40
3907.6,20.16.40
3907.7,20.16.40
3907.91,20.16.40
3907.99,20.16.40
3908.1,20.16.54
3908.9,20.16.54
3909.1,20.16.55
3909.2,20.16.55
3909.3,20.16.56
3909.4,20.16.56
3909.5,20.16.56
3910,20.16.57
3911.1,20.16.59
3911.9,20.16.59
3912.11,20.16.59
3912.12,20.16.59
3912.2,20.16.59
3912.31,20.16.59
3912.39,20.16.59
3912.9,20.16.59
3913.1,20.16.59
3913.9,20.16.59
3914,20.16.59
3915.1,38.11.55
3915.2,38.11.55
3915.3,38.11.55
3915.9,38.11.55
3916.1,22.21.10
3916.2,22.21.10
3916.9,22.21.10
3917.1,22.21.21
3917.21,22.21.21
3917.22,22.21.21
3917.23,22.21.21
3917.29,22.21.21
3917.31,22.21.29
3917.32,22.21.29
3917.33,22.21.29
3917.39,22.21.29
3917.4,22.21.29
3918.1,22.23.11
3918.9,22.23.11
3919.1,22.29.21
3919.9,22.29.22
3920.1,22.21.30
3920.2,22.21.30
3920.3,22.21.30
3920.43,22.21.30
3920.49,22.21.30
3920.51,22.21.30
3920.59,22.21.30
3920.61,22.21.30
3920.62,22.21.30
3920.63,22.21.30
3920.69,22.21.30
3920.71,22.21.30
3920.73,22.21.30
3920.79,22.21.30
3920.91,22.21.30
3920.92,22.21.30
3920.93,22.21.30
3920.94,22.21.30
3920.99,22.21.30
3921.11,22.21.41
3921.12,22.21.41
3921.13,22.21.41
3921.14,22.21.41
3921.19,22.21.41
3921.9,22.21.42
3922.1,22.23.12
3922.2,22.23.12
3922.9,22.23.12
3923.1,22.22.13
3923.21,22.22.11
3923.29,22.22.12
3923.3,22.22.14
3923.4,22.22.19
3923.5,22.22.19
3923.9,22.22.19
3924.1,22.29.23
3924.9,22.29.23
3925.1,22.23.13
3925.2,22.23.14
3925.3,22.23.14
3925.9,22.23.19
3925.9,27.33.14
3926.1,22.29.25
3926.2,22.29.10
3926.3,22.29.26
3926.4,22.29.26
3926.9,22.29.26
3926.9,22.29.29
4001.1,01.29.10
4001.21,01.29.10
4001.22,01.29.10
4001.29,01.29.10
4001.3,02.30.11
4002.11,20.17.10
4002.19,20.17.10
4002.2,20.17.10
4002.31,20.17.10
4002.39,20.17.10
4002.41,20.17.10
4002.49,20.17.10
4002.51,20.17.10
4002.59,20.17.10
4002.6,20.17.10
4002.7,20.17.10
4002.8,20.17.10
4002.91,20.17.10
4002.99,20.17.10
4003,22.19.10
4004,38.11.54
4005.1,22.19.20
4005.2,22.19.20
4005.91,22.19.20
4005.99,22.19.20
4006.1,22.11.16
4006.9,22.19.20
4007,22.19.20
4008.11,22.19.20
4008.19,22.19.20
4008.21,22.19.20
4008.29,22.19.20
4009.11,22.19.30
4009.12,22.19.30
4009.21,22.19.30
4009.22,22.19.30
4009.31,22.19.30
4009.32,22.19.30
4009.41,22.19.30
4009.42,22.19.30
4010.11,22.19.40
4010.12,22.19.40
4010.19,22.19.40
4010.31,22.19.40
4010.32,22.19.40
4010.33,22.19.40
4010.34,22.19.40
4010.35,22.19.40
4010.36,22.19.40
4010.39,22.19.40
4011.1,22.11.11
4011.2,22.11.13
4011.3,22.11.13
4011.4,22.11.12
4011.5,22.11.12
4011.61,22.11.14
4011.62,22.11.14
4011.63,22.11.14
4011.69,22.11.14
4011.92,22.11.14
4011.93,22.11.14
4011.94,22.11.14
4011.99,22.11.14
4012.11,22.11.20
4012.12,22.11.20
4012.13,22.11.20
4012.19,22.11.20
4012.2,38.11.53
4012.9,22.11.15
4013.1,22.11.15
4013.2,22.11.15
4013.9,22.11.15
4014.1,22.19.71
4014.9,22.19.71
4015.11,22.19.60
4015.19,22.19.60
4015.9,22.19.60
4016.1,22.19.73
4016.91,22.19.72
4016.92,22.19.73
4016.93,22.19.73
4016.94,22.19.73
4016.95,22.19.73
4016.99,22.19.73
4017,22.19.73
4101.2,10.11.42
4101.5,10.11.42
4101.9,10.11.43
4102.1,10.11.44
4102.21,10.11.44
4102.29,10.11.44
4103.2,01.49.39
4103.3,01.49.39
4103.9,01.49.39
4103.9,10.11.45
4104.11,15.11.31
4104.11,15.11.32
4104.11,15.11.33
4104.19,15.11.31
4104.19,15.11.32
4104.19,15.11.33
4104.41,15.11.31
4104.41,15.11.32
4104.41,15.11.33
4104.49,15.11.31
4104.49,15.11.32
4104.49,15.11.33
4105.1,15.11.41
4105.3,15.11.41
4106.21,15.11.42
4106.22,15.11.42
4106.31,15.11.43
4106.32,15.11.43
4106.4,15.11.51
4106.91,15.11.51
4106.92,15.11.51
4107.11,15.11.31
4107.11,15.11.33
4107.12,15.11.31
4107.12,15.11.33
4107.19,15.11.31
4107.19,15.11.33
4107.91,15.11.32
4107.92,15.11.32
4107.92,15.11.33
4107.99,15.11.32
4107.99,15.11.33
4112,15.11.41
4113.1,15.11.42
4113.2,15.11.43
4113.3,15.11.51
4113.9,15.11.51
4114.1,15.11.21
4114.2,15.11.22
4115.1,15.11.52
4115.2,38.11.57
4201,15.12.11
4202.11,15.12.12
4202.12,15.12.12
4202.19,15.12.12
4202.21,15.12.12
4202.22,15.12.12
4202.29,15.12.12
4202.31,15.12.12
4202.32,15.12.12
4202.39,15.12.12
4202.91,15.12.12
4202.92,15.12.12
4202.99,15.12.12
4203.1,14.11.10
4203.21,32.30.15
4203.29,14.19.31
4203.29,32.99.11
4203.3,14.19.31
4203.4,14.19.31
4205,15.12.19
4206,32.99.59
4301.1,01.49.31
4301.3,01.49.32
4301.6,01.49.31
4301.8,01.49.31
4301.9,01.49.31
4302.11,15.11.10
4302.19,15.11.10
4302.2,15.11.10
4302.3,15.11.10
4303.1,14.20.10
4303.9,14.20.10
4304,13.91.19
4401.1,02.20.14
4401.21,16.10.23
4401.22,16.10.23
4401.3,38.11.59
4402.1,20.14.72
4402.9,20.14.72
4403.1,16.10.31
4403.2,02.20.11
4403.41,02.20.13
4403.49,02.20.13
4403.91,02.20.12
4403.92,02.20.12
4403.99,02.20.12
4404.1,16.10.39
4404.2,16.10.39
4405,16.10.22
4406.1,16.10.10
4406.9,16.10.32
4407.1,16.10.10
4407.21,16.10.10
4407.22,16.10.10
4407.25,16.10.10
4407.26,16.10.10
4407.27,16.10.10
4407.28,16.10.10
4407.29,16.10.10
4407.91,16.10.10
4407.92,16.10.10
4407.93,16.10.10
4407.94,16.10.10
4407.95,16.10.10
4407.99,16.10.10
4408.1,16.21.21
4408.31,16.21.21
4408.39,16.21.21
4408.9,16.21.21
4409.1,16.10.21
4409.21,16.10.21
4409.29,16.10.21
4410.11,16.21.13
4410.12,16.21.13
4410.19,16.21.13
4410.9,16.21.13
4411.12,16.21.14
4411.13,16.21.14
4411.14,16.21.14
4411.92,16.21.14
4411.93,16.21.14
4411.94,16.21.14
4412.1,16.21.11
4412.31,16.21.12
4412.32,16.21.12
4412.39,16.21.12
4412.94,16.21.12
4412.99,16.21.12
4413,16.21.22
4414,16.29.14
4415.1,16.24.13
4415.2,16.24.11
4416,16.24.12
4417,16.29.11
4418.1,16.23.11
4418.2,16.23.11
4418.4,16.23.12
4418.5,16.23.12
4418.6,16.23.19
4418.71,16.22.10
4418.72,16.22.10
4418.79,16.22.10
4418.9,16.23.19
4419,16.29.12
4420.1,16.29.13
4420.9,16.29.13
4421.1,16.29.14
4421.9,16.29.14
4501.1,02.30.20
4501.9,16.29.21
4502,16.29.21
4503.1,16.29.22
4503.9,16.29.22
4504.1,16.29.23
4504.9,16.29.24
4601.21,16.29.25
4601.22,16.29.25
4601.29,16.29.25
4601.92,16.29.25
4601.93,16.29.25
4601.94,16.29.25
4601.99,16.29.25
4602.11,16.29.25
4602.12,16.29.25
4602.19,16.29.25
4602.9,16.29.25
4701,17.11.14
4702,17.11.11
4703.11,17.11.12
4703.19,17.11.12
4703.21,17.11.12
4703.29,17.11.12
4704.11,17.11.13
4704.19,17.11.13
4704.21,17.11.13
4704.29,17.11.13
4705,17.11.14
4706.1,17.11.14
4706.2,17.11.14
4706.3,17.11.14
4706.91,17.11.14
4706.92,17.11.14
4706.93,17.11.14
4707.1,38.11.52
4707.2,38.11.52
4707.3,38.11.52
4707.9,38.11.52
4801,17.12.11
4802.1,17.12.12
4802.2,17.12.13
4802.4,17.12.13
4802.54,17.12.14
4802.55,17.12.14
4802.56,17.12.14
4802.57,17.12.14
4802.58,17.12.14
4802.61,17.12.14
4802.62,17.12.14
4802.69,17.12.14
4803,17.12.20
4804.11,17.12.31
4804.19,17.12.32
4804.21,17.12.41
4804.29,17.12.41
4804.31,17.12.41
4804.39,17.12.41
4804.41,17.12.59
4804.42,17.12.51
4804.42,17.12.59
4804.49,17.12.51
4804.49,17.12.59
4804.51,17.12.51
4804.51,17.12.59
4804.52,17.12.51
4804.52,17.12.59
4804.59,17.12.51
4804.59,17.12.59
4805.11,17.12.33
4805.12,17.12.34
4805.19,17.12.34
4805.24,17.12.35
4805.25,17.12.35
4805.3,17.12.42
4805.4,17.12.43
4805.5,17.12.43
4805.91,17.12.42
4805.92,17.12.42
4805.93,17.12.42
4806.1,17.12.60
4806.2,17.12.60
4806.3,17.12.60
4806.4,17.12.60
4807,17.12.71
4808.1,17.21.11
4808.2,17.12.41
4808.3,17.12.72
4808.9,17.12.72
4809.2,17.12.76
4809.9,17.12.76
4810.13,17.12.73
4810.14,17.12.73
4810.19,17.12.73
4810.22,17.12.73
4810.29,17.12.73
4810.31,17.12.74
4810.32,17.12.75
4810.39,17.12.78
4810.92,17.12.78
4810.92,17.12.79
4810.99,17.12.79
4811.1,17.12.77
4811.41,17.12.77
4811.49,17.12.77
4811.51,17.12.77
4811.59,17.12.77
4811.6,17.12.77
4811.9,17.12.77
4812,17.29.12
4813.1,17.29.19
4813.2,17.29.19
4813.9,17.12.44
4814.1,17.24.11
4814.2,17.24.11
4814.9,17.24.11
4816.2,17.23.11
4816.9,17.23.11
4817.1,17.23.12
4817.2,17.23.12
4817.3,17.23.12
4818.1,17.22.11
4818.2,17.22.11
4818.3,17.22.11
4818.4,17.22.12
4818.5,17.22.12
4818.9,17.22.12
4819.1,17.21.13
4819.2,17.21.14
4819.3,17.21.12
4819.4,17.21.12
4819.5,17.21.15
4819.6,17.21.15
4820.1,17.23.13
4820.2,17.23.13
4820.3,17.23.13
4820.4,17.23.13
4820.5,17.23.13
4820.9,17.23.13
4821.1,17.29.11
4821.9,17.29.11
4822.1,17.29.19
4822.9,17.29.19
4823.2,17.29.19
4823.4,17.29.19
4823.61,17.22.13
4823.69,17.22.13
4823.7,17.29.19
4823.9,17.23.14
4823.9,17.29.19
4901.1,58.11.19
4901.91,58.11.14
4901.99,58.11.19
4902.1,58.13.10
4902.9,58.14.11
4903,58.11.13
4904,59.20.31
4905.1,32.99.59
4905.91,58.11.15
4905.99,58.11.16
4906,71.11.10
4907,58.19.14
4908.1,58.19.13
4908.9,58.19.13
4909,58.19.11
4910,58.19.13
4911.1,58.19.15
4911.91,58.19.12
4911.99,58.19.19
5001,01.49.25
5002,13.10.21
5003,38.11.56
5004,13.10.40
5005,13.10.40
5006,13.10.40
5007.1,13.20.11
5007.2,13.20.11
5007.9,13.20.11
5101.11,01.45.30
5101.19,10.11.41
5101.21,13.10.22
5101.29,13.10.22
5101.3,13.10.22
5102.11,01.49.28
5102.19,01.49.28
5102.2,01.49.28
5103.1,13.10.23
5103.2,38.11.56
5103.3,38.11.56
5104,13.10.91
5105.1,13.10.24
5105.21,13.10.24
5105.29,13.10.24
5105.31,13.10.24
5105.39,13.10.24
5105.4,13.10.24
5106.1,13.10.50
5106.2,13.10.50
5107.1,13.10.50
5107.2,13.10.50
5108.1,13.10.50
5108.2,13.10.50
5109.1,13.10.50
5109.9,13.10.50
5110,13.10.50
5111.11,13.20.12
5111.19,13.20.12
5111.2,13.20.12
5111.3,13.20.12
5111.9,13.20.12
5112.11,13.20.12
5112.19,13.20.12
5112.2,13.20.12
5112.3,13.20.12
5112.9,13.20.12
5113,13.20.12
5201,01.16.11
5202.1,38.11.56
5202.91,13.10.92
5202.99,13.10.92
5203,13.10.25
5204.11,13.10.62
5204.19,13.10.62
5204.2,13.10.62
5205.11,13.10.61
5205.12,13.10.61
5205.13,13.10.61
5205.14,13.10.61
5205.15,13.10.61
5205.21,13.10.61
5205.22,13.10.61
5205.23,13.10.61
5205.24,13.10.61
5205.26,13.10.61
5205.27,13.10.61
5205.28,13.10.61
5205.31,13.10.61
5205.32,13.10.61
5205.33,13.10.61
5205.34,13.10.61
5205.35,13.10.61
5205.41,13.10.61
5205.42,13.10.61
5205.43,13.10.61
5205.44,13.10.61
5205.46,13.10.61
5205.47,13.10.61
5205.48,13.10.61
5206.11,13.10.61
5206.12,13.10.61
5206.13,13.10.61
5206.14,13.10.61
5206.15,13.10.61
5206.21,13.10.61
5206.22,13.10.61
5206.23,13.10.61
5206.24,13.10.61
5206.25,13.10.61
5206.31,13.10.61
5206.32,13.10.61
5206.33,13.10.61
5206.34,13.10.61
5206.35,13.10.61
5206.41,13.10.61
5206.42,13.10.61
5206.43,13.10.61
5206.44,13.10.61
5206.45,13.10.61
5207.1,13.10.61
5207.9,13.10.61
5208.11,13.20.20
5208.12,13.20.20
5208.13,13.20.20
5208.19,13.20.20
5208.21,13.20.20
5208.22,13.20.20
5208.23,13.20.20
5208.29,13.20.20
5208.31,13.20.20
5208.32,13.20.20
5208.33,13.20.20
5208.39,13.20.20
5208.41,13.20.20
5208.42,13.20.20
5208.43,13.20.20
5208.49,13.20.20
5208.51,13.20.20
5208.52,13.20.20
5208.59,13.20.20
5209.11,13.20.20
5209.12,13.20.20
5209.19,13.20.20
5209.21,13.20.20
5209.22,13.20.20
5209.29,13.20.20
5209.31,13.20.20
5209.32,13.20.20
5209.39,13.20.20
5209.41,13.20.20
5209.42,13.20.20
5209.43,13.20.20
5209.49,13.20.20
5209.51,13.20.20
5209.52,13.20.20
5209.59,13.20.20
5210.11,13.20.20
5210.19,13.20.20
5210.21,13.20.20
5210.29,13.20.20
5210.31,13.20.20
5210.32,13.20.20
5210.39,13.20.20
5210.41,13.20.20
5210.49,13.20.20
5210.51,13.20.20
5210.59,13.20.20
5211.11,13.20.20
5211.12,13.20.20
5211.19,13.20.20
5211.2,13.20.20
5211.31,13.20.20
5211.32,13.20.20
5211.39,13.20.20
5211.41,13.20.20
5211.42,13.20.20
5211.43,13.20.20
5211.49,13.20.20
5211.51,13.20.20
5211.52,13.20.20
5211.59,13.20.20
5212.11,13.20.20
5212.12,13.20.20
5212.13,13.20.20
5212.14,13.20.20
5212.15,13.20.20
5212.21,13.20.20
5212.22,13.20.20
5212.23,13.20.20
5212.24,13.20.20
5212.25,13.20.20
5301.1,01.16.19
5301.21,13.10.29
5301.29,13.10.29
5301.3,13.10.29
5302.1,01.16.19
5302.9,13.10.29
5303.1,01.16.12
5303.9,13.10.26
5306.1,13.10.71
5306.2,13.10.71
5307.1,13.10.72
5307.2,13.10.72
5308.1,13.10.72
5308.2,13.10.72
5308.9,13.10.72
5309.11,13.20.13
5309.19,13.20.13
5309.21,13.20.13
5309.29,13.20.13
5310.1,13.20.14
5310.9,13.20.14
5311,13.20.19
5401.1,13.10.85
5401.2,13.10.85
5402.19,20.60.12
5402.2,20.60.12
5402.31,20.60.13
5402.32,20.60.13
5402.33,20.60.13
5402.34,20.60.13
5402.39,20.60.13
5402.44,20.60.13
5402.45,20.60.13
5402.46,20.60.13
5402.47,20.60.13
5402.48,20.60.13
5402.49,20.60.13
5402.51,20.60.13
5402.52,20.60.13
5402.59,20.60.13
5402.61,13.10.81
5402.62,13.10.81
5402.69,13.10.81
5403.1,20.60.22
5403.31,20.60.23
5403.32,20.60.23
5403.33,20.60.23
5403.39,20.60.23
5403.41,13.10.81
5403.42,13.10.81
5403.49,13.10.81
5404.11,20.60.14
5404.12,20.60.14
5404.19,20.60.14
5404.9,20.60.14
5405,20.60.24
5406,13.10.81
5407.1,13.20.31
5407.2,13.20.31
5407.3,13.20.31
5407.41,13.20.31
5407.42,13.20.31
5407.43,13.20.31
5407.44,13.20.31
5407.51,13.20.31
5407.52,13.20.31
5407.53,13.20.31
5407.54,13.20.31
5407.61,13.20.31
5407.69,13.20.31
5407.71,13.20.31
5407.72,13.20.31
5407.73,13.20.31
5407.74,13.20.31
5407.81,13.20.31
5407.82,13.20.31
5407.83,13.20.31
5407.84,13.20.31
5407.91,13.20.31
5407.92,13.20.31
5407.93,13.20.31
5407.94,13.20.31
5408.1,13.20.31
5408.21,13.20.31
5408.22,13.20.31
5408.23,13.20.31
5408.24,13.20.31
5408.31,13.20.31
5408.32,13.20.31
5408.33,13.20.31
5408.34,13.20.31
5501.1,20.60.11
5501.2,20.60.11
5501.3,20.60.11
5501.4,20.60.11
5501.9,20.60.11
5502,20.60.21
5503.11,20.60.11
5503.19,20.60.11
5503.4,20.60.11
5503.9,20.60.11
5504.1,20.60.21
5504.9,20.60.21
5505.1,38.11.56
5505.2,38.11.56
5506.1,13.10.31
5506.2,13.10.31
5506.3,13.10.31
5506.9,13.10.31
5507,13.10.32
5508.1,13.10.85
5508.2,13.10.85
5509.11,13.10.82
5509.12,13.10.82
5509.21,13.10.82
5509.22,13.10.82
5509.31,13.10.82
5509.32,13.10.82
5509.41,13.10.82
5509.42,13.10.82
5509.51,13.10.83
5509.52,13.10.83
5509.53,13.10.83
5509.59,13.10.83
5509.61,13.10.83
5509.62,13.10.83
5509.69,13.10.83
5509.91,13.10.83
5509.92,13.10.83
5509.99,13.10.83
5510.11,13.10.84
5510.12,13.10.84
5510.2,13.10.84
5510.3,13.10.84
5510.9,13.10.84
5511.1,13.10.82
5511.2,13.10.83
5511.3,13.10.84
5512.11,13.20.32
5512.19,13.20.32
5512.21,13.20.32
5512.29,13.20.32
5512.91,13.20.32
5512.99,13.20.32
5513.11,13.20.32
5513.12,13.20.32
5513.13,13.20.32
5513.19,13.20.32
5513.21,13.20.32
5513.29,13.20.32
5513.31,13.20.32
5513.39,13.20.32
5513.41,13.20.32
5513.49,13.20.32
5514.11,13.20.32
5514.12,13.20.32
5514.19,13.20.32
5514.21,13.20.32
5514.22,13.20.32
5514.23,13.20.32
5514.29,13.20.32
5514.3,13.20.32
5514.41,13.20.32
5514.42,13.20.32
5514.43,13.20.32
5514.49,13.20.32
5515.11,13.20.32
5515.12,13.20.32
5515.13,13.20.32
5515.19,13.20.32
5515.21,13.20.32
5515.22,13.20.32
5515.29,13.20.32
5515.91,13.20.32
5515.99,13.20.32
5516.11,13.20.33
5516.12,13.20.33
5516.13,13.20.33
5516.14,13.20.33
5516.21,13.20.33
5516.22,13.20.33
5516.23,13.20.33
5516.24,13.20.33
5516.31,13.20.33
5516.32,13.20.33
5516.33,13.20.33
5516.34,13.20.33
5516.41,13.20.33
5516.42,13.20.33
5516.43,13.20.33
5516.44,13.20.33
5516.91,13.20.33
5516.92,13.20.33
5516.93,13.20.33
5516.94,13.20.33
5601.1,17.22.12
5601.21,17.22.12
5601.22,17.22.12
5601.29,17.22.12
5601.3,13.99.14
5602.1,13.99.13
5602.21,13.99.13
5602.29,13.99.13
5602.9,13.99.13
5603.11,13.95.10
5603.12,13.95.10
5603.13,13.95.10
5603.14,13.95.10
5603.91,13.95.10
5603.92,13.95.10
5603.93,13.95.10
5603.94,13.95.10
5604.1,13.96.13
5604.9,13.96.13
5605,13.96.11
5606,13.99.15
5607.21,13.94.11
5607.29,13.94.11
5607.41,13.94.11
5607.49,13.94.11
5607.5,13.94.11
5607.9,13.94.11
5608.11,13.94.12
5608.19,13.94.12
5608.9,13.94.12
5609,13.94.12
5701.1,13.93.11
5701.9,13.93.11
5702.1,13.93.12
5702.2,13.93.12
5702.31,13.93.12
5702.32,13.93.12
5702.39,13.93.12
5702.41,13.93.12
5702.42,13.93.12
5702.49,13.93.12
5702.5,13.93.12
5702.91,13.93.12
5702.92,13.93.12
5702.99,13.93.12
5703.1,13.93.13
5703.2,13.93.13
5703.3,13.93.13
5703.9,13.93.13
5704.1,13.93.19
5704.9,13.93.19
5705,13.93.19
5801.1,13.20.41
5801.21,13.20.41
5801.22,13.20.41
5801.23,13.20.41
5801.24,13.20.41
5801.25,13.20.41
5801.26,13.20.41
5801.31,13.20.41
5801.32,13.20.41
5801.33,13.20.41
5801.34,13.20.41
5801.35,13.20.41
5801.36,13.20.41
5801.9,13.20.41
5802.11,13.20.42
5802.19,13.20.42
5802.2,13.20.43
5802.3,13.20.45
5803,13.20.44
5804.1,13.99.11
5804.21,13.99.11
5804.29,13.99.11
5804.3,13.99.11
5805,13.92.16
5806.1,13.96.17
5806.2,13.96.17
5806.31,13.96.17
5806.32,13.96.17
5806.39,13.96.17
5806.4,13.96.17
5807.1,13.96.17
5807.9,13.96.17
5808.1,13.96.17
5808.9,13.96.17
5809,13.96.12
5810.1,13.99.12
5810.91,13.99.12
5810.92,13.99.12
5810.99,13.99.12
5811,13.99.16
5901.1,13.96.14
5901.9,13.96.14
5902.1,13.96.15
5902.2,13.96.15
5902.9,13.96.15
5903.1,13.96.14
5903.2,13.96.14
5903.9,13.96.14
5904.1,22.23.15
5904.9,22.23.15
5905,17.24.12
5906.1,22.19.50
5906.91,22.19.50
5906.99,22.19.50
5907,13.96.14
5908,13.96.16
5909,13.96.16
5910,13.96.16
5911.1,13.96.16
5911.2,13.96.16
5911.31,13.96.16
5911.32,13.96.16
5911.4,13.96.16
5911.9,13.96.16
6001.1,13.91.11
6001.21,13.91.11
6001.22,13.91.11
6001.29,13.91.11
6001.91,13.91.11
6001.92,13.91.11
6001.99,13.91.11
6002.4,13.91.19
6002.9,13.91.19
6003.1,13.91.19
6003.2,13.91.19
6003.3,13.91.19
6003.4,13.91.19
6003.9,13.91.19
6004.1,13.91.19
6005.21,13.91.19
6005.22,13.91.19
6005.23,13.91.19
6005.24,13.91.19
6005.31,13.91.19
6005.32,13.91.19
6005.33,13.91.19
6005.34,13.91.19
6005.41,13.91.19
6005.42,13.91.19
6005.43,13.91.19
6005.44,13.91.19
6005.9,13.91.19
6006.1,13.91.19
6006.21,13.91.19
6006.22,13.91.19
6006.23,13.91.19
6006.24,13.91.19
6006.31,13.91.19
6006.32,13.91.19
6006.33,13.91.19
6006.34,13.91.19
6006.41,13.91.19
6006.42,13.91.19
6006.43,13.91.19
6006.44,13.91.19
6006.9,13.91.19
6101.2,14.13.11
6101.3,14.13.11
6101.9,14.13.11
6102.1,14.13.13
6102.2,14.13.13
6102.3,14.13.13
6102.9,14.13.13
6103.1,14.13.12
6103.22,14.13.12
6103.23,14.13.12
6103.29,14.13.12
6103.31,14.13.12
6103.32,14.13.12
6103.33,14.13.12
6103.39,14.13.12
6103.41,14.13.12
6103.42,14.13.12
6103.43,14.13.12
6103.49,14.13.12
6104.13,14.13.14
6104.19,14.13.14
6104.22,14.13.14
6104.23,14.13.14
6104.29,14.13.14
6104.31,14.13.14
6104.32,14.13.14
6104.33,14.13.14
6104.39,14.13.14
6104.41,14.13.14
6104.42,14.13.14
6104.43,14.13.14
6104.44,14.13.14
6104.49,14.13.14
6104.51,14.13.14
6104.52,14.13.14
6104.53,14.13.14
6104.59,14.13.14
6104.61,14.13.14
6104.62,14.13.14
6104.63,14.13.14
6104.69,14.13.14
6105.1,14.14.11
6105.2,14.14.11
6105.9,14.14.11
6106.1,14.14.13
6106.2,14.14.13
6106.9,14.14.13
6107.11,14.14.12
6107.12,14.14.12
6107.19,14.14.12
6107.21,14.14.12
6107.22,14.14.12
6107.29,14.14.12
6107.91,14.14.12
6107.99,14.14.12
6108.11,14.14.14
6108.19,14.14.14
6108.21,14.14.14
6108.22,14.14.14
6108.29,14.14.14
6108.31,14.14.14
6108.32,14.14.14
6108.39,14.14.14
6108.91,14.14.14
6108.92,14.14.14
6108.99,14.14.14
6109.1,14.14.30
6109.9,14.14.30
6110.11,14.39.10
6110.12,14.39.10
6110.19,14.39.10
6110.2,14.39.10
6110.3,14.39.10
6110.9,14.39.10
6111.2,14.19.11
6111.3,14.19.11
6111.9,14.19.11
6112.11,14.19.12
6112.12,14.19.12
6112.19,14.19.12
6112.2,14.19.12
6112.31,14.19.12
6112.39,14.19.12
6112.41,14.19.12
6112.49,14.19.12
6113,14.19.32
6114.2,14.19.12
6114.3,14.19.12
6114.9,14.19.12
6115.1,14.31.10
6115.21,14.31.10
6115.22,14.31.10
6115.29,14.31.10
6115.3,14.31.10
6115.94,14.31.10
6115.95,14.31.10
6115.96,14.31.10
6115.99,14.31.10
6116.1,14.19.13
6116.91,14.19.13
6116.92,14.19.13
6116.93,14.19.13
6116.99,14.19.13
6117.1,14.19.19
6117.8,14.19.19
6117.9,14.19.19
6201.11,14.13.21
6201.12,14.13.21
6201.13,14.13.21
6201.19,14.13.21
6201.91,14.13.21
6201.92,14.13.21
6201.93,14.13.21
6201.99,14.13.21
6202.11,14.13.31
6202.12,14.13.31
6202.13,14.13.31
6202.19,14.13.31
6202.91,14.13.31
6202.92,14.13.31
6202.93,14.13.31
6202.99,14.13.31
6203.11,14.13.22
6203.12,14.13.22
6203.19,14.13.22
6203.22,14.12.11
6203.22,14.13.22
6203.23,14.12.11
6203.23,14.13.22
6203.29,14.12.11
6203.29,14.13.22
6203.31,14.13.23
6203.32,14.12.11
6203.32,14.13.23
6203.33,14.12.11
6203.33,14.13.23
6203.39,14.12.11
6203.39,14.13.23
6203.41,14.13.24
6203.42,14.12.12
6203.42,14.13.24
6203.43,14.12.12
6203.43,14.13.24
6203.49,14.12.12
6203.49,14.13.24
6204.11,14.13.32
6204.12,14.13.32
6204.13,14.13.32
6204.19,14.13.32
6204.21,14.13.32
6204.22,14.12.21
6204.22,14.13.32
6204.23,14.12.21
6204.23,14.13.32
6204.29,14.12.21
6204.29,14.13.32
6204.31,14.13.33
6204.32,14.12.21
6204.32,14.13.33
6204.33,14.12.21
6204.33,14.13.33
6204.39,14.12.21
6204.39,14.13.33
6204.41,14.13.34
6204.42,14.13.34
6204.43,14.13.34
6204.44,14.13.34
6204.49,14.13.34
6204.51,14.13.34
6204.52,14.13.34
6204.53,14.13.34
6204.59,14.13.34
6204.61,14.13.35
6204.62,14.12.22
6204.62,14.13.35
6204.63,14.12.22
6204.63,14.13.35
6204.69,14.12.22
6204.69,14.13.35
6205.2,14.14.21
6205.3,14.14.21
6205.9,14.14.21
6206.1,14.14.23
6206.2,14.14.23
6206.3,14.14.23
6206.4,14.14.23
6206.9,14.14.23
6207.11,14.14.22
6207.19,14.14.22
6207.21,14.14.22
6207.22,14.14.22
6207.29,14.14.22
6207.91,14.14.22
6208.11,14.14.24
6208.19,14.14.24
6208.21,14.14.24
6208.22,14.14.24
6208.29,14.14.24
6208.91,14.14.24
6209.2,14.19.21
6209.3,14.19.21
6209.9,14.19.21
6210.1,14.19.32
6210.2,14.19.32
6210.3,14.19.32
6210.4,14.19.32
6210.5,14.19.32
6211.11,14.19.22
6211.12,14.19.22
6211.2,14.19.22
6211.32,14.12.30
6211.32,14.19.22
6211.33,14.12.30
6211.33,14.19.22
6211.39,14.19.22
6211.41,14.19.22
6211.42,14.12.30
6211.42,14.19.22
6211.43,14.12.30
6211.43,14.19.22
6211.49,14.19.22
6212.1,14.14.25
6212.2,14.14.25
6212.3,14.14.25
6212.9,14.14.25
6213.2,14.19.23
6213.9,14.19.23
6214.1,14.19.23
6214.2,14.19.23
6214.3,14.19.23
6214.4,14.19.23
6214.9,14.19.23
6215.1,14.19.23
6215.2,14.19.23
6215.9,14.19.23
6216,14.19.23
6217.1,14.19.23
6217.9,14.19.23
6301.1,27.51.14
6301.2,13.92.11
6301.3,13.92.11
6301.4,13.92.11
6301.9,13.92.11
6302.1,13.92.12
6302.21,13.92.12
6302.22,13.92.12
6302.29,13.92.12
6302.31,13.92.12
6302.32,13.92.12
6302.39,13.92.12
6302.4,13.92.13
6302.51,13.92.13
6302.53,13.92.13
6302.59,13.92.13
6302.6,13.92.14
6302.91,13.92.14
6302.93,13.92.14
6302.99,13.92.14
6303.12,13.92.15
6303.19,13.92.15
6303.91,13.92.15
6303.92,13.92.15
6303.99,13.92.15
6304.11,13.92.16
6304.19,13.92.16
6304.91,13.92.16
6304.92,13.92.16
6304.93,13.92.16
6304.99,13.92.16
6305.1,13.92.21
6305.2,13.92.21
6305.32,13.92.21
6305.33,13.92.21
6305.39,13.92.21
6305.9,13.92.21
6306.12,13.92.22
6306.19,13.92.22
6306.22,13.92.22
6306.29,13.92.22
6306.3,13.92.22
6306.4,13.92.22
6306.91,13.92.22
6306.99,13.92.22
6307.1,13.92.29
6307.2,13.92.29
6307.9,13.92.29
6308,13.92.16
6309,14.13.40
6310.1,13.94.20
6310.9,13.94.20
6401.1,15.20.31
6401.92,15.20.11
6401.99,15.20.11
6402.12,32.30.12
6402.19,15.20.29
6402.2,15.20.12
6402.91,15.20.31
6402.99,15.20.12
6402.99,15.20.31
6403.12,32.30.12
6403.19,15.20.29
6403.2,15.20.32
6403.4,15.20.31
6403.51,15.20.13
6403.59,15.20.13
6403.91,15.20.13
6403.99,15.20.13
6404.11,15.20.21
6404.19,15.20.14
6404.2,15.20.14
6405.1,15.20.13
6405.2,15.20.14
6405.9,15.20.32
6406.1,15.20.40
6406.2,22.19.73
6406.2,22.29.29
6406.91,16.29.14
6406.99,15.20.40
6501,14.19.41
6502,14.19.41
6504,14.19.42
6505.1,14.19.42
6505.9,14.19.42
6506.1,32.99.11
6506.91,32.99.11
6506.99,14.19.42
6506.99,14.19.43
6507,14.19.43
6601.1,32.99.21
6601.91,32.99.21
6601.99,32.99.21
6602,32.99.21
6603.9,16.29.14
6603.9,32.99.22
6701,10.12.50
6702.1,32.99.55
6702.9,32.99.55
6703,32.99.30
6704.11,32.99.30
6704.19,32.99.30
6704.2,32.99.30
6704.9,32.99.30
6801,23.70.12
6802.1,23.70.12
6802.21,23.70.11
6802.23,23.70.12
6802.29,23.70.12
6802.91,23.70.11
6802.92,23.70.12
6802.93,23.70.12
6802.99,23.70.12
6803,23.70.12
6804.1,23.91.11
6804.21,23.91.11
6804.22,23.91.11
6804.23,23.91.11
6804.3,23.91.11
6805.1,23.91.12
6805.2,23.91.12
6805.3,23.91.12
6806.1,23.99.19
6806.2,23.99.19
6806.9,23.99.19
6807.1,23.99.12
6807.9,23.99.12
6808,23.65.11
6809.11,23.62.10
6809.19,23.62.10
6809.9,23.69.11
6810.11,23.61.11
6810.19,23.61.11
6810.91,23.61.12
6810.99,23.69.19
6811.4,23.65.12
6811.81,23.65.12
6811.82,23.65.12
6811.83,23.65.12
6811.89,23.65.12
6812.8,23.99.11
6812.91,23.99.11
6812.92,23.99.11
6812.93,23.99.11
6812.99,23.99.11
6813.2,23.99.11
6813.81,23.99.11
6813.89,23.99.11
6814.1,23.99.19
6814.9,23.99.19
6815.1,23.99.19
6815.2,23.99.19
6815.91,23.20.14
6815.99,23.99.19
6901,23.20.11
6902.1,23.20.12
6902.2,23.20.12
6902.9,23.20.12
6903.1,23.20.14
6903.2,23.20.14
6903.9,23.20.14
6904.1,23.32.11
6904.9,23.32.11
6905.1,23.32.12
6905.9,23.32.12
6906,23.32.13
6907.1,23.31.10
6907.9,23.31.10
6908.1,23.31.10
6908.9,23.31.10
6909.11,23.44.11
6909.12,23.44.12
6909.19,23.44.12
6909.9,23.49.11
6910.1,23.42.10
6910.9,23.42.10
6911.1,23.41.11
6911.9,23.41.11
6912,23.41.12
6913.1,23.41.13
6913.9,23.41.13
6914.1,23.49.12
6914.9,23.49.12
7001,23.19.11
7001,38.11.51
7002.1,23.19.11
7002.2,23.19.11
7002.31,23.19.11
7002.32,23.19.11
7002.39,23.19.11
7003.12,23.11.11
7003.19,23.11.11
7003.2,23.11.11
7003.3,23.11.11
7004.2,23.11.11
7004.9,23.11.11
7005.1,23.11.12
7005.21,23.11.12
7005.29,23.11.12
7005.3,23.11.12
7006,23.12.11
7007.11,23.12.12
7007.19,23.12.12
7007.21,23.12.12
7007.29,23.12.12
7008,23.12.13
7009.1,23.12.13
7009.91,23.12.13
7009.92,23.12.13
7010.1,23.19.23
7010.2,23.13.11
7010.9,23.13.11
7011.1,23.19.21
7011.2,23.19.21
7011.9,23.19.21
7013.1,23.13.13
7013.22,23.13.12
7013.28,23.13.12
7013.33,23.13.12
7013.37,23.13.12
7013.41,23.13.13
7013.42,23.13.13
7013.49,23.13.13
7013.91,23.13.13
7013.99,23.13.13
7014,23.19.26
7015.1,23.19.22
7015.9,23.19.22
7016.1,23.19.26
7016.9,23.19.12
7017.1,23.19.23
7017.2,23.19.23
7017.9,23.19.23
7018.1,23.19.26
7018.2,23.19.26
7018.9,23.19.26
7019.11,23.14.11
7019.12,23.14.11
7019.19,23.14.11
7019.31,23.14.12
7019.32,23.14.12
7019.39,23.14.12
7019.4,13.20.46
7019.51,13.20.46
7019.52,13.20.46
7019.59,13.20.46
7019.9,23.14.12
7020,23.13.14
7020,23.19.26
7101.1,03.00.51
7101.21,03.00.52
7101.22,32.12.11
7102.1,08.99.21
7102.21,08.99.22
7102.29,32.12.12
7102.31,08.99.21
7102.39,32.12.11
7103.1,08.99.21
7103.91,32.12.11
7103.99,32.12.11
7104.1,20.13.68
7104.2,20.13.68
7104.9,32.12.11
7105.1,32.12.12
7105.9,32.12.12
7106.1,24.41.10
7106.91,24.41.10
7106.92,24.41.10
7107,24.41.50
7108.11,24.41.20
7108.12,24.41.20
7108.13,24.41.20
7108.2,24.41.20
7109,24.41.40
7110.11,24.41.30
7110.19,24.41.30
7110.21,24.41.30
7110.29,24.41.30
7110.31,24.41.30
7110.39,24.41.30
7110.41,24.41.30
7110.49,24.41.30
7111,24.41.50
7112.3,38.11.58
7112.91,38.11.58
7112.92,38.11.58
7112.99,38.11.58
7113.11,32.12.13
7113.19,32.12.13
7113.2,32.12.13
7114.11,32.12.13
7114.19,32.12.13
7114.2,32.12.13
7115.1,24.41.30
7115.9,32.12.14
7116.1,32.12.14
7116.2,32.12.14
7117.11,32.13.10
7117.19,32.13.10
7117.9,32.13.10
7118.1,32.11.10
7118.9,32.11.10
7201.1,24.10.11
7201.2,24.10.11
7201.5,24.10.11
7202.11,24.10.12
7202.19,24.10.12
7202.21,24.10.12
7202.29,24.10.12
7202.3,24.10.12
7202.41,24.10.12
7202.49,24.10.12
7202.5,24.10.12
7202.6,24.10.12
7202.7,24.10.12
7202.8,24.10.12
7202.91,24.10.12
7202.92,24.10.12
7202.93,24.10.12
7202.99,24.10.12
7203.1,24.10.13
7203.9,24.10.13
7204.1,38.11.58
7204.21,38.11.58
7204.29,38.11.58
7204.3,38.11.58
7204.41,38.11.58
7204.49,38.11.58
7204.5,24.10.14
7205.1,24.10.14
7205.21,24.10.14
7205.29,24.10.14
7206.1,24.10.21
7206.9,24.10.21
7207.11,24.10.21
7207.12,24.10.21
7207.19,24.10.21
7207.2,24.10.21
7208.1,24.10.31
7208.25,24.10.31
7208.26,24.10.31
7208.27,24.10.31
7208.36,24.10.31
7208.37,24.10.31
7208.38,24.10.31
7208.39,24.10.31
7208.4,24.10.31
7208.51,24.10.31
7208.52,24.10.31
7208.53,24.10.31
7208.54,24.10.31
7208.9,24.10.31
7209.15,24.10.41
7209.16,24.10.41
7209.17,24.10.41
7209.18,24.10.41
7209.25,24.10.41
7209.26,24.10.41
7209.27,24.10.41
7209.28,24.10.41
7209.9,24.10.41
7210.11,24.10.51
7210.12,24.10.51
7210.2,24.10.51
7210.3,24.10.51
7210.41,24.10.51
7210.49,24.10.51
7210.5,24.10.51
7210.61,24.10.51
7210.69,24.10.51
7210.7,24.10.51
7210.9,24.10.51
7211.13,24.10.32
7211.14,24.10.32
7211.19,24.10.32
7211.23,24.32.10
7211.29,24.32.10
7211.9,24.32.10
7212.1,24.10.51
7212.1,24.32.20
7212.2,24.32.20
7212.3,24.32.20
7212.4,24.32.20
7212.5,24.32.20
7212.6,24.32.20
7213.1,24.10.61
7213.2,24.10.61
7213.91,24.10.61
7213.99,24.10.61
7214.1,24.10.62
7214.2,24.10.62
7214.3,24.10.62
7214.91,24.10.62
7214.99,24.10.62
7215.1,24.31.10
7215.5,24.31.10
7215.9,24.31.10
7216.1,24.10.71
7216.21,24.10.71
7216.22,24.10.71
7216.31,24.10.71
7216.32,24.10.71
7216.33,24.10.71
7216.4,24.10.71
7216.5,24.10.71
7216.61,24.33.11
7216.69,24.31.10
7216.91,24.33.11
7216.91,24.33.20
7216.99,24.33.11
7217.1,24.34.11
7217.2,24.34.11
7217.3,24.34.11
7217.9,24.34.11
7218.1,24.10.22
7218.91,24.10.22
7218.99,24.10.22
7219.11,24.10.33
7219.12,24.10.33
7219.13,24.10.33
7219.14,24.10.33
7219.21,24.10.33
7219.22,24.10.33
7219.23,24.10.33
7219.24,24.10.33
7219.31,24.10.42
7219.32,24.10.42
7219.33,24.10.42
7219.34,24.10.42
7219.35,24.10.42
7219.9,24.10.42
7220.11,24.10.34
7220.12,24.10.34
7220.2,24.32.10
7220.9,24.32.10
7221,24.10.63
7222.11,24.10.64
7222.19,24.10.64
7222.2,24.31.30
7222.3,24.10.64
7222.4,24.10.72
7222.4,24.33.12
7223,24.34.12
7224.1,24.10.23
7224.9,24.10.23
7225.11,24.10.53
7225.19,24.10.53
7225.3,24.10.35
7225.4,24.10.35
7225.5,24.10.35
7225.5,24.10.43
7225.91,24.10.52
7225.92,24.10.52
7225.99,24.10.35
7226.11,24.10.54
7226.19,24.10.54
7226.2,24.10.55
7226.91,24.10.36
7226.92,24.32.10
7226.99,24.32.10
7227.1,24.10.65
7227.2,24.10.65
7227.9,24.10.65
7228.1,24.10.66
7228.1,24.31.20
7228.2,24.10.66
7228.2,24.31.20
7228.3,24.10.66
7228.4,24.10.66
7228.5,24.31.20
7228.6,24.10.66
7228.7,24.10.73
7228.7,24.31.20
7228.8,24.10.67
7229.2,24.34.13
7229.9,24.34.13
7301.1,24.10.74
7301.2,24.10.74
7302.1,24.10.75
7302.3,24.10.75
7302.4,24.10.75
7302.9,24.10.75
7303,24.51.20
7304.11,24.20.11
7304.19,24.20.11
7304.22,24.20.12
7304.24,24.20.12
7304.29,24.20.12
7304.31,24.20.13
7304.39,24.20.13
7304.41,24.20.13
7304.49,24.20.13
7304.51,24.20.13
7304.59,24.20.13
7304.9,24.20.14
7305.11,24.20.21
7305.12,24.20.21
7305.19,24.20.21
7305.2,24.20.22
7305.31,24.20.23
7305.39,24.20.23
7305.9,24.20.24
7306.11,24.20.31
7306.19,24.20.31
7306.21,24.20.32
7306.29,24.20.32
7306.3,24.20.33
7306.4,24.20.33
7306.5,24.20.33
7306.61,24.20.34
7306.69,24.20.34
7306.9,24.20.35
7307.11,24.51.30
7307.19,24.51.30
7307.19,24.52.30
7307.21,24.20.40
7307.22,24.20.40
7307.23,24.20.40
7307.29,24.20.40
7307.91,24.20.40
7307.92,24.20.40
7307.93,24.20.40
7307.99,24.20.40
7308.1,25.11.21
7308.2,25.11.22
7308.3,25.12.10
7308.4,25.11.23
7308.9,24.33.30
7308.9,25.11.23
7309,25.29.11
7310.1,25.91.11
7310.21,25.92.11
7310.29,25.91.12
7311,25.29.12
7312.1,25.93.11
7312.9,25.93.11
7313,25.93.12
7314.12,25.93.13
7314.14,25.93.13
7314.19,25.93.13
7314.2,25.93.13
7314.31,25.93.13
7314.39,25.93.13
7314.41,25.93.13
7314.42,25.93.13
7314.49,25.93.13
7314.5,25.93.13
7315.11,28.15.21
7315.12,28.15.21
7315.19,28.15.32
7315.2,25.93.17
7315.81,25.93.17
7315.82,25.93.17
7315.89,25.93.17
7315.9,25.93.17
7316,25.99.29
7317,25.93.14
7318.11,25.94.11
7318.12,25.94.11
7318.13,25.94.11
7318.14,25.94.11
7318.15,25.94.11
7318.16,25.94.11
7318.19,25.94.11
7318.21,25.94.12
7318.22,25.94.12
7318.23,25.94.12
7318.24,25.94.12
7318.29,25.94.12
7319.2,25.93.18
7319.3,25.93.18
7319.9,25.93.18
7320.1,25.93.16
7320.2,25.93.16
7320.9,25.93.16
7321.11,27.52.11
7321.12,27.52.11
7321.19,27.52.11
7321.81,27.52.12
7321.82,27.52.12
7321.89,27.52.12
7321.9,27.52.20
7322.11,25.21.11
7322.19,25.21.11
7322.9,27.52.13
7323.1,25.99.12
7323.91,25.99.12
7323.92,25.99.12
7323.93,25.99.12
7323.94,25.99.12
7323.99,25.99.12
7324.1,25.99.11
7324.21,25.99.11
7324.29,25.99.11
7324.9,25.99.11
7325.1,25.99.29
7325.91,25.99.29
7325.99,25.99.29
7326.11,25.99.29
7326.19,25.99.29
7326.2,25.99.29
7326.9,25.99.29
7401,24.44.11
7402,24.44.12
7403.11,24.44.13
7403.12,24.44.13
7403.13,24.44.13
7403.19,24.44.13
7403.21,24.44.13
7403.22,24.44.13
7403.29,24.44.13
7404,38.11.58
7405,24.44.13
7406.1,24.44.21
7406.2,24.44.21
7407.1,24.44.22
7407.21,24.44.22
7407.29,24.44.22
7408.11,24.44.23
7408.19,24.44.23
7408.21,24.44.23
7408.22,24.44.23
7408.29,24.44.23
7409.11,24.44.24
7409.19,24.44.24
7409.21,24.44.24
7409.29,24.44.24
7409.31,24.44.24
7409.39,24.44.24
7409.4,24.44.24
7409.9,24.44.24
7410.11,24.44.25
7410.12,24.44.25
7410.21,24.44.25
7410.22,24.44.25
7411.1,24.44.26
7411.21,24.44.26
7411.22,24.44.26
7411.29,24.44.26
7412.1,24.44.26
7412.2,24.44.26
7413,25.93.12
7415.1,25.93.14
7415.21,25.94.13
7415.29,25.94.13
7415.33,25.94.13
7415.39,25.94.13
7418.11,25.99.12
7418.19,25.99.12
7418.19,27.52.11
7418.2,25.99.11
7419.1,25.93.17
7419.91,25.99.29
7419.99,25.93.13
7419.99,25.93.16
7419.99,25.99.29
7501.1,24.45.12
7501.2,24.45.12
7502.1,24.45.11
7502.2,24.45.11
7503,38.11.58
7504,24.45.21
7505.11,24.45.22
7505.12,24.45.22
7505.21,24.45.22
7505.22,24.45.22
7506.1,24.45.23
7506.2,24.45.23
7507.11,24.45.24
7507.12,24.45.24
7507.2,24.45.24
7508.1,25.99.29
7508.9,25.99.29
7601.1,24.42.11
7601.2,24.42.11
7602,38.11.58
7603.1,24.42.21
7603.2,24.42.21
7604.1,24.42.22
7604.21,24.42.22
7604.29,24.42.22
7605.11,24.42.23
7605.19,24.42.23
7605.21,24.42.23
7605.29,24.42.23
7606.11,24.42.24
7606.12,24.42.24
7606.91,24.42.24
7606.92,24.42.24
7607.11,24.42.25
7607.19,24.42.25
7607.2,24.42.25
7608.1,24.42.26
7608.2,24.42.26
7609,24.42.26
7610.1,25.12.10
7610.9,25.11.23
7611,25.29.11
7612.1,25.92.12
7612.9,25.92.12
7613,25.29.12
7614.1,25.93.12
7614.9,25.93.12
7615.11,25.99.12
7615.19,25.99.12
7615.2,25.99.11
7616.1,25.93.14
7616.91,25.99.29
7616.99,25.99.29
7801.1,24.43.11
7801.91,24.43.11
7801.99,24.43.11
7802,38.11.58
7804.11,24.43.21
7804.19,24.43.21
7804.2,24.43.21
7806,25.99.29
7901.11,24.43.12
7901.12,24.43.12
7901.2,24.43.12
7902,38.11.58
7903.1,24.43.22
7903.9,24.43.22
7904,24.43.23
7905,24.43.23
7907,25.99.29
8001.1,24.43.13
8001.2,24.43.13
8002,38.11.58
8003,24.43.24
8007,25.99.29
8101.1,24.45.30
8101.94,24.45.30
8101.96,24.45.30
8101.97,38.11.58
8101.99,24.45.30
8102.1,24.45.30
8102.94,24.45.30
8102.95,24.45.30
8102.96,24.45.30
8102.97,38.11.58
8102.99,24.45.30
8103.2,24.45.30
8103.3,38.11.58
8103.9,24.45.30
8104.11,24.45.30
8104.19,24.45.30
8104.2,38.11.58
8104.3,24.45.30
8104.9,24.45.30
8105.2,24.45.30
8105.3,38.11.58
8105.9,24.45.30
8106,24.45.30
8107.2,24.45.30
8107.3,38.11.58
8107.9,24.45.30
8108.2,24.45.30
8108.3,38.11.58
8108.9,24.45.30
8109.2,24.45.30
8109.3,38.11.58
8109.9,24.45.30
8110.1,24.45.30
8110.2,38.32.29
8110.9,24.45.30
8111,24.45.30
8112.12,24.45.30
8112.13,38.11.58
8112.19,24.45.30
8112.21,24.45.30
8112.22,38.32.29
8112.29,24.45.30
8112.51,24.45.30
8112.52,38.11.58
8112.59,24.45.30
8112.92,24.45.30
8112.99,24.45.30
8113,24.45.30
8201.1,25.73.10
8201.2,25.73.10
8201.3,25.73.10
8201.4,25.73.10
8201.5,25.73.10
8201.6,25.73.10
8201.9,25.73.10
8202.1,25.73.20
8202.2,25.73.20
8202.31,25.73.20
8202.39,25.73.20
8202.4,25.73.20
8202.91,25.73.20
8202.99,25.73.20
8203.1,25.73.30
8203.2,25.73.30
8203.3,25.73.30
8203.4,25.73.30
8204.11,25.73.30
8204.12,25.73.30
8204.2,25.73.30
8205.1,25.73.30
8205.2,25.73.30
8205.3,25.73.30
8205.4,25.73.30
8205.51,25.73.30
8205.59,25.73.30
8205.6,25.73.30
8205.7,25.73.30
8205.8,25.73.30
8205.9,25.73.30
8206,25.73.30
8207.13,25.73.60
8207.19,25.73.60
8207.2,25.73.60
8207.3,25.73.60
8207.4,25.73.40
8207.5,25.73.40
8207.6,25.73.40
8207.7,25.73.40
8207.8,25.73.40
8207.9,25.73.40
8208.1,25.73.60
8208.2,25.73.60
8208.3,25.73.60
8208.4,25.73.60
8208.9,25.73.60
8209,25.73.60
8210,25.99.12
8211.1,25.71.11
8211.91,25.71.11
8211.92,25.71.11
8211.93,25.71.11
8211.94,25.71.11
8211.95,25.71.11
8212.1,25.71.12
8212.2,25.71.12
8212.9,25.71.12
8213,25.71.11
8214.1,25.71.13
8214.2,25.71.13
8214.9,25.71.13
8215.1,25.71.14
8215.2,25.71.14
8215.91,25.71.14
8215.99,25.71.14
8301.1,25.72.11
8301.2,25.72.11
8301.3,25.72.11
8301.4,25.72.12
8301.5,25.72.13
8301.6,25.72.13
8301.7,25.72.13
8302.1,25.72.14
8302.2,25.72.14
8302.3,25.72.14
8302.41,25.72.14
8302.42,25.72.14
8302.49,25.72.14
8302.5,25.72.14
8302.6,25.72.14
8303,25.99.21
8304,25.99.22
8305.1,25.99.23
8305.2,25.99.23
8305.9,25.99.23
8306.1,25.99.29
8306.21,25.99.24
8306.29,25.99.24
8306.3,25.99.24
8307.1,25.99.29
8307.9,25.99.29
8308.1,25.99.25
8308.2,25.99.25
8308.9,25.99.25
8309.1,25.92.13
8309.9,25.92.13
8310,25.99.29
8311.1,25.93.15
8311.2,25.93.15
8311.3,25.93.15
8311.9,25.93.15
8401.1,25.30.21
8401.2,28.99.39
8401.3,20.13.14
8401.4,25.30.22
8402.11,25.30.11
8402.12,25.30.11
8402.19,25.30.11
8402.2,25.30.11
8402.9,25.30.13
8403.1,25.21.12
8403.9,25.21.13
8404.1,25.30.12
8404.2,25.30.12
8404.9,25.30.13
8405.1,28.29.11
8405.9,28.29.81
8406.1,28.11.21
8406.81,28.11.21
8406.82,28.11.21
8406.9,28.11.31
8407.1,30.30.11
8407.21,28.11.11
8407.29,28.11.12
8407.31,29.10.11
8407.32,29.10.11
8407.33,29.10.11
8407.34,29.10.12
8407.9,28.11.12
8408.1,28.11.13
8408.2,29.10.13
8408.9,28.11.13
8409.1,30.30.15
8409.91,28.11.41
8409.99,28.11.42
8410.11,28.11.22
8410.12,28.11.22
8410.13,28.11.22
8410.9,28.11.32
8411.11,30.30.12
8411.12,30.30.12
8411.21,30.30.12
8411.22,30.30.12
8411.81,28.11.23
8411.82,28.11.23
8411.91,30.30.16
8411.99,28.11.33
8412.1,30.30.13
8412.21,28.12.11
8412.21,28.12.16
8412.29,28.12.12
8412.29,28.12.16
8412.31,28.12.11
8412.39,28.12.12
8412.8,28.12.12
8412.9,28.12.20
8413.11,28.13.11
8413.19,28.13.11
8413.2,28.13.11
8413.3,28.13.11
8413.4,28.13.11
8413.5,28.12.13
8413.5,28.12.15
8413.5,28.13.12
8413.6,28.12.13
8413.6,28.12.15
8413.6,28.13.13
8413.7,28.13.14
8413.81,28.13.14
8413.82,28.13.14
8413.91,28.13.31
8413.92,28.13.31
8414.1,28.13.21
8414.2,28.13.22
8414.3,28.13.23
8414.4,28.13.24
8414.51,27.51.15
8414.59,28.25.20
8414.6,27.51.15
8414.8,28.13.25
8414.8,28.13.26
8414.8,28.13.27
8414.8,28.13.28
8414.9,28.13.32
8415.1,28.25.12
8415.2,28.25.12
8415.81,28.25.12
8415.82,28.25.12
8415.83,28.25.12
8415.9,28.25.30
8416.1,28.21.11
8416.2,28.21.11
8416.3,28.21.11
8416.9,28.21.14
8417.1,28.21.12
8417.2,28.93.15
8417.8,28.21.12
8417.9,28.21.14
8418.1,27.51.11
8418.21,27.51.11
8418.29,27.51.11
8418.3,27.51.11
8418.4,27.51.11
8418.5,28.25.13
8418.61,28.25.13
8418.69,28.25.13
8418.91,28.25.30
8418.99,28.25.30
8419.11,27.52.14
8419.19,27.52.14
8419.2,32.50.12
8419.31,28.93.16
8419.32,28.99.31
8419.39,28.99.31
8419.4,28.29.11
8419.5,28.25.11
8419.6,28.25.11
8419.81,28.93.15
8419.89,28.29.60
8419.9,28.25.30
8420.1,28.29.42
8420.91,28.29.83
8420.99,28.29.83
8421.11,28.93.11
8421.12,28.94.23
8421.19,28.29.41
8421.19,32.50.13
8421.21,28.29.12
8421.22,28.29.12
8421.23,28.29.13
8421.29,28.29.12
8421.31,28.29.13
8421.39,28.25.14
8421.91,28.29.82
8421.99,28.29.82
8422.11,27.51.12
8422.19,28.29.50
8422.2,28.29.21
8422.3,28.29.21
8422.4,28.29.21
8422.9,28.29.85
8423.1,28.29.32
8423.2,28.29.31
8423.3,28.29.31
8423.81,28.29.39
8423.82,28.29.39
8423.89,28.29.39
8423.9,28.29.83
8424.1,28.29.22
8424.2,28.29.22
8424.3,28.29.22
8424.81,28.30.60
8424.89,28.29.22
8424.9,28.29.83
8425.11,28.22.11
8425.19,28.22.11
8425.31,28.22.12
8425.39,28.22.12
8425.41,28.22.13
8425.42,28.22.13
8425.49,28.22.13
8426.11,28.22.14
8426.12,28.22.14
8426.19,28.22.14
8426.2,28.22.14
8426.3,28.22.14
8426.41,28.22.14
8426.49,28.22.14
8426.91,28.22.14
8426.99,28.22.14
8427.1,28.22.15
8427.2,28.22.15
8427.9,28.22.15
8428.1,28.22.16
8428.2,28.22.17
8428.31,28.92.11
8428.32,28.22.17
8428.33,28.22.17
8428.39,28.22.17
8428.4,28.22.16
8428.6,28.22.18
8428.9,28.22.18
8429.11,28.92.21
8429.19,28.92.21
8429.2,28.92.22
8429.3,28.92.23
8429.4,28.92.24
8429.51,28.92.25
8429.52,28.92.26
8429.59,28.92.27
8430.1,28.92.30
8430.2,28.92.30
8430.31,28.92.12
8430.39,28.92.12
8430.41,28.92.12
8430.49,28.92.12
8430.5,28.92.27
8430.61,28.92.30
8430.69,28.92.30
8431.1,28.22.19
8431.2,28.22.19
8431.31,28.22.19
8431.39,28.22.19
8431.41,28.22.20
8431.42,28.92.28
8431.43,28.92.61
8431.49,28.92.61
8432.1,28.30.31
8432.21,28.30.32
8432.29,28.30.32
8432.3,28.30.33
8432.4,28.30.34
8432.8,28.30.39
8432.9,28.30.92
8433.11,28.30.40
8433.19,28.30.40
8433.2,28.30.51
8433.3,28.30.52
8433.4,28.30.53
8433.51,28.30.59
8433.52,28.30.59
8433.53,28.30.54
8433.59,28.30.59
8433.6,28.30.81
8433.9,28.30.91
8434.1,28.30.82
8434.2,28.93.12
8434.9,28.30.94
8435.1,28.93.14
8435.9,28.93.31
8436.1,28.30.83
8436.21,28.30.84
8436.29,28.30.85
8436.8,28.30.86
8436.91,28.30.93
8436.99,28.30.93
8437.1,28.93.20
8437.8,28.93.13
8437.9,28.93.34
8438.1,28.93.17
8438.2,28.93.17
8438.3,28.93.17
8438.4,28.93.17
8438.5,28.93.17
8438.6,28.93.17
8438.8,28.93.17
8438.9,28.93.32
8439.1,28.95.11
8439.2,28.95.11
8439.3,28.95.11
8439.91,28.95.12
8439.99,28.95.12
8440.1,28.99.11
8440.9,28.99.40
8441.1,28.95.11
8441.2,28.95.11
8441.3,28.95.11
8441.4,28.95.11
8441.8,28.95.11
8441.9,28.95.12
8442.3,28.99.12
8442.4,28.99.40
8442.5,18.13.20
8443.11,28.99.13
8443.12,28.23.22
8443.13,28.99.13
8443.14,28.99.14
8443.15,28.99.14
8443.16,28.99.14
8443.17,28.99.14
8443.19,28.94.15
8443.19,28.99.14
8443.31,26.20.18
8443.32,26.20.16
8443.39,28.23.21
8443.39,28.99.14
8443.91,28.99.40
8443.99,28.23.26
8444,28.94.11
8445.11,28.94.11
8445.12,28.94.11
8445.13,28.94.11
8445.19,28.94.11
8445.2,28.94.12
8445.3,28.94.12
8445.4,28.94.12
8445.9,28.94.12
8446.1,28.94.13
8446.21,28.94.13
8446.29,28.94.13
8446.3,28.94.13
8447.11,28.94.14
8447.12,28.94.14
8447.2,28.94.14
8447.9,28.94.14
8448.11,28.94.15
8448.19,28.94.15
8448.2,28.94.51
8448.31,28.94.51
8448.32,28.94.51
8448.33,28.94.51
8448.39,28.94.51
8448.42,28.94.51
8448.49,28.94.51
8448.51,28.94.51
8448.59,28.94.51
8449,28.94.21
8450.11,27.51.13
8450.12,27.51.13
8450.19,27.51.13
8450.2,28.94.22
8450.9,28.94.52
8451.1,28.94.22
8451.21,27.51.13
8451.29,28.94.22
8451.3,28.94.21
8451.4,28.94.21
8451.5,28.94.21
8451.8,28.94.21
8451.9,28.94.52
8452.1,28.94.40
8452.21,28.94.24
8452.29,28.94.24
8452.3,28.94.52
8452.4,28.94.52
8452.9,28.94.52
8453.1,28.94.30
8453.2,28.94.30
8453.8,28.94.30
8453.9,28.94.52
8454.1,28.91.11
8454.2,28.91.11
8454.3,28.91.11
8454.9,28.91.12
8455.1,28.91.11
8455.21,28.91.11
8455.22,28.91.11
8455.3,28.91.12
8455.9,28.91.12
8456.1,28.41.11
8456.2,28.41.11
8456.3,28.41.11
8456.9,28.41.11
8457.1,28.41.12
8457.2,28.41.12
8457.3,28.41.12
8458.11,28.41.21
8458.19,28.41.21
8458.91,28.41.21
8458.99,28.41.21
8459.1,28.41.22
8459.21,28.41.22
8459.29,28.41.22
8459.31,28.41.22
8459.39,28.41.22
8459.4,28.41.22
8459.51,28.41.22
8459.59,28.41.22
8459.61,28.41.22
8459.69,28.41.22
8459.7,28.41.22
8460.11,28.41.23
8460.19,28.41.23
8460.21,28.41.23
8460.29,28.41.23
8460.31,28.41.23
8460.39,28.41.23
8460.4,28.41.23
8460.9,28.41.23
8461.2,28.41.24
8461.3,28.41.24
8461.4,28.41.24
8461.5,28.41.24
8461.9,28.41.24
8462.1,28.41.33
8462.21,28.41.31
8462.29,28.41.31
8462.31,28.41.32
8462.39,28.41.32
8462.41,28.41.32
8462.49,28.41.32
8462.91,28.41.33
8462.99,28.41.33
8463.1,28.41.34
8463.2,28.41.34
8463.3,28.41.34
8463.9,28.41.34
8464.1,28.49.11
8464.2,28.49.11
8464.9,28.49.11
8465.1,28.49.12
8465.91,28.49.12
8465.92,28.49.12
8465.93,28.49.12
8465.94,28.49.12
8465.95,28.49.12
8465.96,28.49.12
8465.99,28.49.12
8466.1,28.49.21
8466.2,28.49.22
8466.3,28.49.23
8466.91,28.49.24
8466.92,28.49.24
8466.93,28.41.40
8466.94,28.41.40
8467.11,28.24.12
8467.19,28.24.12
8467.21,28.24.11
8467.22,28.24.11
8467.29,28.24.11
8467.81,28.24.12
8467.89,28.24.12
8467.91,28.24.21
8467.92,28.24.22
8467.99,28.24.21
8468.1,28.29.70
8468.2,28.29.70
8468.8,28.29.70
8468.9,28.29.86
8469,28.23.11
8470.1,28.23.12
8470.21,28.23.12
8470.29,28.23.12
8470.3,28.23.13
8470.9,28.23.13
8471.3,26.20.11
8471.41,26.20.13
8471.49,26.20.14
8471.5,26.20.15
8471.6,26.20.16
8471.7,26.20.21
8471.9,26.20.30
8472.1,28.23.23
8472.3,28.23.23
8472.9,26.20.12
8472.9,28.23.23
8473.1,28.23.24
8473.21,28.23.24
8473.29,28.23.24
8473.3,26.20.40
8473.4,28.23.25
8473.5,26.20.40
8474.1,28.92.40
8474.2,28.92.40
8474.31,28.92.40
8474.32,28.92.40
8474.39,28.92.40
8474.8,28.99.39
8474.9,28.92.62
8475.1,28.99.39
8475.21,28.99.39
8475.29,28.99.39
8475.9,28.99.52
8476.21,28.29.43
8476.29,28.29.43
8476.81,28.29.43
8476.89,28.29.43
8476.9,28.29.83
8477.1,28.96.10
8477.2,28.96.10
8477.3,28.96.10
8477.4,28.96.10
8477.51,28.96.10
8477.59,28.96.10
8477.8,28.96.10
8477.9,28.96.20
8478.1,28.93.19
8478.9,28.93.33
8479.1,28.92.30
8479.2,28.93.17
8479.3,28.49.12
8479.4,28.99.39
8479.5,28.99.39
8479.6,28.99.39
8479.81,28.99.39
8479.82,28.99.39
8479.89,28.99.39
8479.9,28.99.52
8480.1,25.73.50
8480.2,25.73.50
8480.3,25.73.50
8480.41,25.73.50
8480.49,25.73.50
8480.5,25.73.50
8480.6,25.73.50
8480.71,25.73.50
8480.79,25.73.50
8481.1,28.12.14
8481.1,28.14.11
8481.2,28.12.14
8481.3,28.14.11
8481.4,28.14.11
8481.8,28.14.11
8481.8,28.14.12
8481.8,28.14.13
8481.9,28.14.20
8482.1,28.15.10
8482.2,28.15.10
8482.3,28.15.10
8482.4,28.15.10
8482.5,28.15.10
8482.8,28.15.10
8482.91,28.15.31
8482.99,28.15.31
8483.1,28.15.22
8483.2,28.15.23
8483.3,28.15.23
8483.4,28.15.24
8483.5,28.15.25
8483.6,28.15.26
8483.9,28.15.39
8484.1,28.29.23
8484.2,28.29.23
8484.9,28.29.23
8486.1,28.99.20
8486.2,28.41.11
8486.2,28.99.20
8486.3,28.99.20
8486.4,28.99.39
8486.9,28.41.40
8486.9,28.49.21
8486.9,28.99.51
8487.1,25.99.26
8487.9,28.29.84
8501.1,27.11.10
8501.2,27.11.21
8501.31,27.11.10
8501.32,27.11.10
8501.33,27.11.10
8501.34,27.11.10
8501.4,27.11.22
8501.51,27.11.23
8501.52,27.11.24
8501.53,27.11.25
8501.61,27.11.26
8501.62,27.11.26
8501.63,27.11.26
8501.64,27.11.26
8502.11,27.11.31
8502.12,27.11.31
8502.13,27.11.31
8502.2,27.11.32
8502.31,28.11.24
8502.39,27.11.32
8502.4,27.11.32
8503,27.11.61
8504.1,27.11.50
8504.21,27.11.41
8504.22,27.11.41
8504.23,27.11.41
8504.31,27.11.42
8504.32,27.11.42
8504.33,27.11.43
8504.34,27.11.43
8504.4,27.11.50
8504.5,27.11.50
8504.9,27.11.62
8505.11,25.99.29
8505.19,23.44.12
8505.2,27.90.40
8505.9,27.90.40
8506.1,27.20.11
8506.3,27.20.11
8506.4,27.20.11
8506.5,27.20.11
8506.6,27.20.11
8506.8,27.20.11
8506.9,27.20.12
8507.1,27.20.21
8507.2,27.20.22
8507.3,27.20.23
8507.4,27.20.23
8507.8,27.20.23
8507.9,27.20.24
8508.11,27.51.21
8508.19,27.51.21
8508.6,27.51.24
8508.7,27.51.30
8509.4,27.51.21
8509.8,27.51.21
8509.9,27.51.30
8510.1,27.51.22
8510.2,27.51.22
8510.3,27.51.22
8510.9,27.51.30
8511.1,29.31.21
8511.2,29.31.21
8511.3,29.31.21
8511.4,29.31.22
8511.5,29.31.22
8511.8,29.31.22
8511.9,29.31.30
8512.1,29.31.23
8512.2,27.40.39
8512.3,29.31.23
8512.4,29.31.23
8512.9,29.31.30
8513.1,27.40.21
8513.9,27.40.42
8514.1,28.21.13
8514.2,28.21.13
8514.3,28.21.13
8514.4,28.21.13
8514.9,28.21.14
8515.11,27.90.31
8515.19,27.90.31
8515.21,27.90.31
8515.29,27.90.31
8515.31,27.90.31
8515.39,27.90.31
8515.8,27.90.31
8515.9,27.90.32
8516.1,27.51.25
8516.21,27.51.26
8516.29,27.51.26
8516.31,27.51.23
8516.32,27.51.23
8516.33,27.51.23
8516.4,27.51.23
8516.5,27.51.27
8516.6,27.51.28
8516.71,27.51.24
8516.72,27.51.24
8516.79,27.51.24
8516.8,27.51.29
8516.9,27.51.30
8517.12,26.30.22
8517.18,26.30.23
8517.61,26.30.23
8517.62,26.30.23
8517.69,26.30.23
8517.69,26.40.44
8517.7,26.30.30
8517.7,26.30.40
8518.1,26.40.41
8518.21,26.40.42
8518.22,26.40.42
8518.29,26.40.42
8518.3,26.40.42
8518.4,26.40.43
8518.5,26.40.43
8518.9,26.40.51
8519.2,26.40.31
8519.3,26.40.31
8519.5,26.30.23
8519.81,26.40.31
8519.81,26.40.32
8519.89,26.40.31
8519.89,26.40.32
8521.1,26.40.33
8521.9,26.40.33
8522.1,26.11.40
8522.9,26.40.51
8523.21,26.80.14
8523.29,26.80.11
8523.29,58.29.11
8523.29,58.29.29
8523.29,59.11.23
8523.4,26.80.12
8523.4,58.29.11
8523.4,58.29.29
8523.4,59.11.23
8523.4,59.20.33
8523.51,26.20.22
8523.51,58.29.11
8523.51,58.29.29
8523.51,59.11.23
8523.52,26.12.30
8523.59,26.80.13
8523.59,58.29.11
8523.59,58.29.29
8523.59,59.11.23
8523.8,26.80.13
8523.8,58.29.11
8523.8,58.29.29
8523.8,59.20.33
8525.5,26.30.12
8525.6,26.30.11
8525.8,26.30.13
8525.8,26.40.33
8525.8,26.70.13
8526.1,26.51.20
8526.91,26.51.20
8526.92,26.51.20
8527.12,26.40.11
8527.13,26.40.11
8527.19,26.40.11
8527.21,26.40.12
8527.29,26.40.12
8527.91,26.40.11
8527.92,26.40.11
8527.99,26.40.11
8528.41,26.20.17
8528.49,26.40.34
8528.51,26.20.17
8528.59,26.40.34
8528.61,26.20.17
8528.69,26.40.34
8528.71,26.40.20
8528.72,26.40.20
8528.73,26.40.20
8529.1,26.30.40
8529.9,26.30.40
8529.9,26.40.52
8529.9,26.51.81
8530.1,27.90.70
8530.8,27.90.70
8530.9,27.90.33
8531.1,26.30.50
8531.2,27.90.20
8531.8,27.90.20
8531.9,27.90.33
8532.1,27.90.51
8532.21,27.90.52
8532.22,27.90.52
8532.23,27.90.52
8532.24,27.90.52
8532.25,27.90.52
8532.29,27.90.52
8532.3,27.90.53
8532.9,27.90.81
8533.1,27.90.60
8533.21,27.90.60
8533.29,27.90.60
8533.31,27.90.60
8533.39,27.90.60
8533.4,27.90.60
8533.9,27.90.82
8534,26.12.10
8535.1,27.12.10
8535.21,27.12.10
8535.29,27.12.10
8535.3,27.12.10
8535.4,27.12.10
8535.9,27.12.10
8536.1,27.12.21
8536.2,27.12.22
8536.3,27.12.23
8536.41,27.12.24
8536.49,27.12.24
8536.5,27.33.11
8536.61,27.33.12
8536.69,27.33.13
8536.7,27.33.13
8536.9,27.33.13
8537.1,27.12.31
8537.2,27.12.32
8538.1,27.12.40
8538.9,27.12.40
8539.1,27.40.11
8539.21,27.40.12
8539.22,27.40.13
8539.29,27.40.14
8539.31,27.40.15
8539.32,27.40.15
8539.39,27.40.15
8539.41,27.40.15
8539.49,27.40.15
8539.9,27.40.41
8540.11,26.11.11
8540.12,26.11.11
8540.2,26.11.11
8540.4,26.11.11
8540.5,26.11.11
8540.6,26.11.11
8540.71,26.11.12
8540.72,26.11.12
8540.79,26.11.12
8540.81,26.11.12
8540.89,26.11.12
8540.91,26.11.40
8540.99,26.11.40
8541.1,26.11.21
8541.21,26.11.21
8541.29,26.11.21
8541.3,26.11.21
8541.4,26.11.22
8541.5,26.11.22
8541.6,26.11.22
8541.9,26.11.40
8542.31,26.11.30
8542.32,26.11.30
8542.33,26.11.30
8542.39,26.11.30
8542.9,26.11.40
8543.1,27.90.40
8543.3,28.49.12
8543.7,27.90.11
8543.7,28.99.39
8543.9,27.90.33
8544.11,27.32.11
8544.19,27.32.11
8544.2,27.32.12
8544.3,29.31.10
8544.42,27.32.13
8544.49,27.32.13
8544.6,27.32.14
8544.7,27.31.11
8545.11,27.90.13
8545.19,27.90.13
8545.2,27.90.13
8545.9,27.90.13
8546.1,23.19.25
8546.2,23.43.10
8546.9,27.90.12
8547.1,23.43.10
8547.2,27.33.14
8547.9,27.90.12
8548.1,38.12.27
8548.9,27.90.33
8601.1,30.20.11
8601.2,30.20.13
8602.1,30.20.12
8602.9,30.20.13
8603.1,30.20.20
8603.9,30.20.20
8604,30.20.31
8605,30.20.32
8606.1,30.20.33
8606.3,30.20.33
8606.91,30.20.33
8606.92,30.20.33
8606.99,30.20.33
8607.11,30.20.40
8607.12,30.20.40
8607.19,30.20.40
8607.21,30.20.40
8607.29,30.20.40
8607.3,30.20.40
8607.91,30.20.40
8607.99,30.20.40
8608,30.20.40
8609,29.20.21
8701.1,28.30.10
8701.2,29.10.43
8701.3,28.92.50
8701.9,28.30.21
8701.9,28.30.22
8701.9,28.30.23
8702.1,29.10.30
8702.9,29.10.30
8703.1,29.10.52
8703.21,29.10.21
8703.22,29.10.21
8703.23,29.10.22
8703.24,29.10.22
8703.31,29.10.23
8703.32,29.10.23
8703.33,29.10.23
8703.9,29.10.24
8704.1,28.92.29
8704.21,29.10.41
8704.22,29.10.41
8704.23,29.10.41
8704.31,29.10.42
8704.32,29.10.42
8704.9,29.10.42
8705.1,29.10.51
8705.2,29.10.59
8705.3,29.10.59
8705.4,29.10.59
8705.9,29.10.59
8706,29.10.44
8707.1,29.20.10
8707.9,29.20.10
8708.1,29.32.30
8708.21,29.32.20
8708.29,29.32.20
8708.3,29.32.30
8708.4,29.32.30
8708.5,29.32.30
8708.7,29.32.30
8708.8,29.32.30
8708.91,29.32.30
8708.92,29.32.30
8708.93,29.32.30
8708.94,29.32.30
8708.95,29.32.20
8708.99,29.32.30
8709.11,28.22.15
8709.19,28.22.15
8709.9,28.22.19
8710,30.40.10
8711.1,30.91.11
8711.2,30.91.12
8711.3,30.91.12
8711.4,30.91.12
8711.5,30.91.12
8711.9,30.91.13
8712,30.92.10
8713.1,30.92.20
8713.9,30.92.20
8714.11,30.91.20
8714.19,30.91.20
8714.2,30.92.30
8714.91,30.92.30
8714.92,30.92.30
8714.93,30.92.30
8714.94,30.92.30
8714.95,30.92.30
8714.96,30.92.30
8714.99,30.92.30
8715,30.92.40
8716.1,29.20.22
8716.2,28.30.70
8716.31,29.20.23
8716.39,29.20.23
8716.4,29.20.23
8716.8,30.99.10
8716.9,29.20.30
8801,30.30.20
8802.11,30.30.31
8802.12,30.30.31
8802.2,30.30.32
8802.3,30.30.33
8802.4,30.30.34
8802.6,30.30.40
8803.1,30.30.50
8803.2,30.30.50
8803.3,30.30.50
8803.9,30.30.50
8804,13.92.23
8805.1,28.99.39
8805.21,30.30.14
8805.29,30.30.14
8901.1,30.11.21
8901.2,30.11.22
8901.3,30.11.23
8901.9,30.11.24
8902,30.11.31
8903.1,30.12.12
8903.91,30.12.11
8903.92,30.12.19
8903.99,30.12.19
8904,30.11.32
8905.1,30.11.33
8905.2,30.11.40
8905.9,30.11.33
8906.1,30.11.10
8906.9,30.11.33
8907.1,30.11.50
8907.9,30.11.50
8908,38.11.41
9001.1,27.31.12
9001.2,26.70.21
9001.3,32.50.41
9001.4,32.50.41
9001.5,32.50.41
9001.9,26.70.21
9002.11,26.70.11
9002.19,26.70.21
9002.2,26.70.21
9002.9,26.70.21
9003.11,32.50.43
9003.19,32.50.43
9003.9,32.50.44
9004.1,32.50.42
9004.9,32.50.42
9005.1,26.70.22
9005.8,26.70.22
9005.9,26.70.24
9006.1,26.70.12
9006.3,26.70.12
9006.4,26.70.14
9006.51,26.70.14
9006.52,26.70.14
9006.53,26.70.14
9006.59,26.70.14
9006.61,26.70.17
9006.69,26.70.17
9006.91,26.70.19
9006.99,26.70.19
9007.11,26.70.15
9007.19,26.70.15
9007.2,26.70.16
9007.91,26.70.19
9007.92,26.70.19
9008.1,26.70.16
9008.2,26.70.18
9008.3,26.70.16
9008.4,26.70.17
9008.9,26.70.19
9010.1,26.70.17
9010.5,26.70.17
9010.6,26.70.17
9010.9,26.70.19
9011.1,26.70.22
9011.2,26.70.22
9011.8,26.70.22
9011.9,26.70.24
9012.1,26.51.61
9012.9,26.51.83
9013.1,26.70.23
9013.2,26.70.23
9013.8,26.70.23
9013.9,26.70.25
9014.1,26.51.11
9014.2,26.51.11
9014.8,26.51.11
9014.9,26.51.86
9015.1,26.51.12
9015.2,26.51.12
9015.3,28.29.39
9015.4,26.51.12
9015.8,26.51.12
9015.9,26.51.82
9016,26.51.31
9017.1,26.51.32
9017.2,26.51.32
9017.3,26.51.33
9017.8,28.29.39
9017.9,26.51.82
9018.11,26.60.12
9018.12,26.60.12
9018.13,26.60.12
9018.14,26.60.12
9018.19,26.60.12
9018.2,26.60.13
9018.31,32.50.13
9018.32,32.50.13
9018.39,32.50.13
9018.41,32.50.11
9018.49,32.50.11
9018.5,32.50.13
9018.9,32.50.13
9019.1,32.50.21
9019.2,32.50.21
9020,32.99.59
9021.1,32.50.22
9021.21,32.50.22
9021.29,32.50.22
9021.31,32.50.22
9021.39,32.50.22
9021.4,26.60.14
9021.5,26.60.14
9021.9,26.60.14
9021.9,32.50.23
9022.12,26.60.11
9022.13,26.60.11
9022.14,26.60.11
9022.19,26.60.11
9022.21,26.60.11
9022.29,26.60.11
9022.3,26.60.11
9022.9,26.60.11
9023,32.99.53
9024.1,26.51.62
9024.8,26.51.62
9024.9,26.51.86
9025.11,26.51.51
9025.11,32.50.13
9025.19,26.51.51
9025.8,26.51.51
9025.9,26.51.82
9026.1,26.51.52
9026.2,26.51.52
9026.8,26.51.52
9026.9,26.51.82
9027.1,26.51.53
9027.2,26.51.53
9027.3,26.51.53
9027.5,26.51.53
9027.8,26.51.53
9027.9,26.51.82
9028.1,26.51.63
9028.2,26.51.63
9028.3,26.51.63
9028.9,26.51.84
9029.1,26.51.64
9029.2,26.51.64
9029.9,26.51.84
9030.1,26.51.41
9030.2,26.51.42
9030.2,26.51.45
9030.31,26.51.43
9030.32,26.51.45
9030.33,26.51.43
9030.39,26.51.45
9030.4,26.51.44
9030.82,26.51.45
9030.84,26.51.45
9030.89,26.51.45
9030.9,26.51.82
9031.1,28.99.39
9031.2,26.51.66
9031.41,26.51.66
9031.49,26.51.66
9031.8,26.51.66
9031.9,26.51.85
9032.1,26.51.70
9032.2,26.51.70
9032.81,26.51.65
9032.89,26.51.70
9032.9,26.51.85
9033,26.51.82
9101.11,26.52.11
9101.19,26.52.11
9101.21,26.52.11
9101.29,26.52.11
9101.91,26.52.11
9101.99,26.52.11
9102.11,26.52.12
9102.12,26.52.12
9102.19,26.52.12
9102.21,26.52.12
9102.29,26.52.12
9102.91,26.52.12
9102.99,26.52.12
9103.1,26.52.14
9103.9,26.52.14
9104,26.52.13
9105.11,26.52.14
9105.19,26.52.14
9105.21,26.52.14
9105.29,26.52.14
9105.91,26.52.14
9105.99,26.52.14
9106.1,26.52.28
9106.9,26.52.28
9107,26.52.28
9108.11,26.52.21
9108.12,26.52.21
9108.19,26.52.21
9108.2,26.52.21
9108.9,26.52.21
9109.11,26.52.22
9109.19,26.52.22
9109.9,26.52.22
9110.11,26.52.23
9110.12,26.52.23
9110.19,26.52.24
9110.9,26.52.25
9111.1,26.52.26
9111.2,26.52.26
9111.8,26.52.26
9111.9,26.52.26
9112.2,26.52.26
9112.9,26.52.26
9113.1,32.12.14
9113.2,32.13.10
9113.9,15.12.13
9114.1,26.52.27
9114.2,26.52.27
9114.3,26.52.27
9114.4,26.52.27
9114.9,26.52.27
9201.1,32.20.11
9201.2,32.20.11
9201.9,32.20.11
9202.1,32.20.12
9202.9,32.20.12
9205.1,32.20.13
9205.9,32.20.13
9206,32.20.15
9207.1,32.20.14
9207.9,32.20.14
9208.1,32.20.15
9208.9,32.20.15
9209.3,32.20.16
9209.91,32.20.20
9209.92,32.20.20
9209.94,32.20.20
9209.99,32.20.16
9209.99,32.20.20
9301.11,25.40.11
9301.19,25.40.11
9301.2,25.40.11
9301.9,25.40.11
9302,25.40.12
9303.1,25.40.12
9303.2,25.40.12
9303.3,25.40.12
9303.9,25.40.12
9304,25.40.12
9305.1,25.40.14
9305.21,25.40.14
9305.29,25.40.14
9305.91,25.40.14
9305.99,25.40.14
9306.21,25.40.13
9306.29,25.40.13
9306.3,25.40.13
9306.9,25.40.13
9307,25.71.15
9401.1,30.30.50
9401.2,29.32.10
9401.3,31.00.11
9401.4,31.00.12
9401.51,31.00.12
9401.59,31.00.12
9401.61,31.00.12
9401.69,31.00.12
9401.71,31.00.11
9401.79,31.00.11
9401.8,31.00.13
9401.9,30.30.50
9401.9,31.00.14
9402.1,32.50.30
9402.9,32.50.30
9403.1,31.01.11
9403.2,31.09.11
9403.3,31.01.12
9403.4,31.02.10
9403.5,31.09.12
9403.6,31.01.13
9403.6,31.09.12
9403.6,31.09.13
9403.7,31.09.14
9403.81,31.09.14
9403.89,31.09.14
9403.9,31.00.20
9404.1,31.03.11
9404.21,31.03.12
9404.29,31.03.12
9404.3,13.92.24
9404.9,13.92.24
9405.1,27.40.25
9405.2,27.40.22
9405.3,27.40.32
9405.4,27.40.33
9405.4,27.40.39
9405.5,27.40.23
9405.6,27.40.24
9405.91,23.19.24
9405.92,22.29.24
9405.99,27.40.42
9406,16.23.20
9406,23.61.20
9406,25.11.10
9503,32.40.11
9503,32.40.12
9503,32.40.13
9503,32.40.20
9503,32.40.31
9503,32.40.32
9503,32.40.39
9504.1,26.40.60
9504.2,32.40.42
9504.3,32.40.42
9504.4,32.40.41
9504.9,28.99.39
9504.9,32.40.42
9505.1,32.99.51
9505.9,32.99.51
9506.11,32.30.11
9506.12,32.30.11
9506.19,32.30.11
9506.21,32.30.13
9506.29,32.30.13
9506.31,32.30.15
9506.32,32.30.15
9506.39,32.30.15
9506.4,32.30.15
9506.51,32.30.15
9506.59,32.30.15
9506.61,32.30.15
9506.62,32.30.15
9506.69,32.30.15
9506.7,32.30.11
9506.91,32.30.14
9506.99,32.30.15
9507.1,32.30.16
9507.2,32.30.16
9507.3,32.30.16
9507.9,32.30.16
9508.1,28.99.32
9508.9,28.99.32
9601.1,32.99.59
9601.9,32.99.59
9602,32.99.59
9603.1,32.91.11
9603.21,32.91.12
9603.29,32.91.12
9603.3,32.91.12
9603.4,32.91.19
9603.5,32.91.19
9603.9,32.91.11
9604,32.99.59
9605,15.12.12
9606.1,32.99.23
9606.21,32.99.23
9606.22,32.99.23
9606.29,32.99.23
9606.3,32.99.24
9607.11,32.99.23
9607.19,32.99.23
9607.2,32.99.24
9608.1,32.99.12
9608.2,32.99.12
9608.31,32.99.13
9608.39,32.99.13
9608.4,32.99.12
9608.5,32.99.14
9608.6,32.99.14
9608.91,32.99.14
9608.99,32.99.14
9609.1,32.99.15
9609.2,32.99.15
9609.9,32.99.15
9610,32.99.16
9611,32.99.16
9612.1,32.99.16
9612.2,32.99.16
9613.1,32.99.41
9613.2,32.99.41
9613.8,32.99.41
9613.9,32.99.42
9614,32.99.41
9615.11,22.29.29
9615.19,32.99.52
9615.9,32.99.52
9616.1,32.99.52
9616.2,13.99.19
9617,32.99.59
9618,32.99.59
9701.1,90.03.13
9701.9,90.03.13
9702,90.03.13
9703,90.03.13
9704,91.02.20
9705,91.02.20
9706,91.02.20
